"Notes","Leading Cancer Sites","Leading Cancer Sites Code","State","State Code","Age Group","Age Group Code",Deaths
,"Brain and Other Nervous System","31010-31040","Alabama","01","1-4 years","1-4",44
,"Brain and Other Nervous System","31010-31040","Alabama","01","5-9 years","5-9",59
,"Brain and Other Nervous System","31010-31040","Alabama","01","10-14 years","10-14",48
,"Brain and Other Nervous System","31010-31040","Alabama","01","15-19 years","15-19",44
,"Brain and Other Nervous System","31010-31040","Alabama","01","20-24 years","20-24",40
,"Brain and Other Nervous System","31010-31040","Alabama","01","25-29 years","25-29",43
,"Brain and Other Nervous System","31010-31040","Alabama","01","30-34 years","30-34",95
,"Brain and Other Nervous System","31010-31040","Alabama","01","35-39 years","35-39",124
,"Brain and Other Nervous System","31010-31040","Alabama","01","40-44 years","40-44",200
,"Brain and Other Nervous System","31010-31040","Alabama","01","45-49 years","45-49",261
,"Brain and Other Nervous System","31010-31040","Alabama","01","50-54 years","50-54",462
,"Brain and Other Nervous System","31010-31040","Alabama","01","55-59 years","55-59",639
,"Brain and Other Nervous System","31010-31040","Alabama","01","60-64 years ","60-64",720
,"Brain and Other Nervous System","31010-31040","Alabama","01","65-69 years","65-69",814
,"Brain and Other Nervous System","31010-31040","Alabama","01","70-74 years","70-74",798
,"Brain and Other Nervous System","31010-31040","Alabama","01","75-79 years","75-79",621
,"Brain and Other Nervous System","31010-31040","Alabama","01","80-84 years","80-84",526
,"Brain and Other Nervous System","31010-31040","Alabama","01","85+ years","85+",378
,"Brain and Other Nervous System","31010-31040","Alaska","02","35-39 years","35-39",21
,"Brain and Other Nervous System","31010-31040","Alaska","02","40-44 years","40-44",31
,"Brain and Other Nervous System","31010-31040","Alaska","02","45-49 years","45-49",29
,"Brain and Other Nervous System","31010-31040","Alaska","02","50-54 years","50-54",62
,"Brain and Other Nervous System","31010-31040","Alaska","02","55-59 years","55-59",66
,"Brain and Other Nervous System","31010-31040","Alaska","02","60-64 years ","60-64",91
,"Brain and Other Nervous System","31010-31040","Alaska","02","65-69 years","65-69",81
,"Brain and Other Nervous System","31010-31040","Alaska","02","70-74 years","70-74",54
,"Brain and Other Nervous System","31010-31040","Alaska","02","75-79 years","75-79",57
,"Brain and Other Nervous System","31010-31040","Alaska","02","80-84 years","80-84",32
,"Brain and Other Nervous System","31010-31040","Alaska","02","85+ years","85+",22
,"Brain and Other Nervous System","31010-31040","Arizona","04","1-4 years","1-4",49
,"Brain and Other Nervous System","31010-31040","Arizona","04","5-9 years","5-9",93
,"Brain and Other Nervous System","31010-31040","Arizona","04","10-14 years","10-14",48
,"Brain and Other Nervous System","31010-31040","Arizona","04","15-19 years","15-19",57
,"Brain and Other Nervous System","31010-31040","Arizona","04","20-24 years","20-24",53
,"Brain and Other Nervous System","31010-31040","Arizona","04","25-29 years","25-29",81
,"Brain and Other Nervous System","31010-31040","Arizona","04","30-34 years","30-34",113
,"Brain and Other Nervous System","31010-31040","Arizona","04","35-39 years","35-39",150
,"Brain and Other Nervous System","31010-31040","Arizona","04","40-44 years","40-44",245
,"Brain and Other Nervous System","31010-31040","Arizona","04","45-49 years","45-49",334
,"Brain and Other Nervous System","31010-31040","Arizona","04","50-54 years","50-54",452
,"Brain and Other Nervous System","31010-31040","Arizona","04","55-59 years","55-59",645
,"Brain and Other Nervous System","31010-31040","Arizona","04","60-64 years ","60-64",790
,"Brain and Other Nervous System","31010-31040","Arizona","04","65-69 years","65-69",858
,"Brain and Other Nervous System","31010-31040","Arizona","04","70-74 years","70-74",864
,"Brain and Other Nervous System","31010-31040","Arizona","04","75-79 years","75-79",844
,"Brain and Other Nervous System","31010-31040","Arizona","04","80-84 years","80-84",586
,"Brain and Other Nervous System","31010-31040","Arizona","04","85+ years","85+",525
,"Brain and Other Nervous System","31010-31040","Arkansas","05","1-4 years","1-4",23
,"Brain and Other Nervous System","31010-31040","Arkansas","05","5-9 years","5-9",45
,"Brain and Other Nervous System","31010-31040","Arkansas","05","10-14 years","10-14",22
,"Brain and Other Nervous System","31010-31040","Arkansas","05","15-19 years","15-19",26
,"Brain and Other Nervous System","31010-31040","Arkansas","05","20-24 years","20-24",25
,"Brain and Other Nervous System","31010-31040","Arkansas","05","25-29 years","25-29",38
,"Brain and Other Nervous System","31010-31040","Arkansas","05","30-34 years","30-34",54
,"Brain and Other Nervous System","31010-31040","Arkansas","05","35-39 years","35-39",86
,"Brain and Other Nervous System","31010-31040","Arkansas","05","40-44 years","40-44",102
,"Brain and Other Nervous System","31010-31040","Arkansas","05","45-49 years","45-49",165
,"Brain and Other Nervous System","31010-31040","Arkansas","05","50-54 years","50-54",260
,"Brain and Other Nervous System","31010-31040","Arkansas","05","55-59 years","55-59",369
,"Brain and Other Nervous System","31010-31040","Arkansas","05","60-64 years ","60-64",448
,"Brain and Other Nervous System","31010-31040","Arkansas","05","65-69 years","65-69",530
,"Brain and Other Nervous System","31010-31040","Arkansas","05","70-74 years","70-74",533
,"Brain and Other Nervous System","31010-31040","Arkansas","05","75-79 years","75-79",461
,"Brain and Other Nervous System","31010-31040","Arkansas","05","80-84 years","80-84",306
,"Brain and Other Nervous System","31010-31040","Arkansas","05","85+ years","85+",290
,"Brain and Other Nervous System","31010-31040","California","06","< 1 year","1",56
,"Brain and Other Nervous System","31010-31040","California","06","1-4 years","1-4",295
,"Brain and Other Nervous System","31010-31040","California","06","5-9 years","5-9",562
,"Brain and Other Nervous System","31010-31040","California","06","10-14 years","10-14",424
,"Brain and Other Nervous System","31010-31040","California","06","15-19 years","15-19",321
,"Brain and Other Nervous System","31010-31040","California","06","20-24 years","20-24",335
,"Brain and Other Nervous System","31010-31040","California","06","25-29 years","25-29",468
,"Brain and Other Nervous System","31010-31040","California","06","30-34 years","30-34",624
,"Brain and Other Nervous System","31010-31040","California","06","35-39 years","35-39",944
,"Brain and Other Nervous System","31010-31040","California","06","40-44 years","40-44",1353
,"Brain and Other Nervous System","31010-31040","California","06","45-49 years","45-49",2116
,"Brain and Other Nervous System","31010-31040","California","06","50-54 years","50-54",2924
,"Brain and Other Nervous System","31010-31040","California","06","55-59 years","55-59",3885
,"Brain and Other Nervous System","31010-31040","California","06","60-64 years ","60-64",4391
,"Brain and Other Nervous System","31010-31040","California","06","65-69 years","65-69",4520
,"Brain and Other Nervous System","31010-31040","California","06","70-74 years","70-74",4373
,"Brain and Other Nervous System","31010-31040","California","06","75-79 years","75-79",3865
,"Brain and Other Nervous System","31010-31040","California","06","80-84 years","80-84",3088
,"Brain and Other Nervous System","31010-31040","California","06","85+ years","85+",3145
,"Brain and Other Nervous System","31010-31040","Colorado","08","1-4 years","1-4",40
,"Brain and Other Nervous System","31010-31040","Colorado","08","5-9 years","5-9",70
,"Brain and Other Nervous System","31010-31040","Colorado","08","10-14 years","10-14",51
,"Brain and Other Nervous System","31010-31040","Colorado","08","15-19 years","15-19",39
,"Brain and Other Nervous System","31010-31040","Colorado","08","20-24 years","20-24",41
,"Brain and Other Nervous System","31010-31040","Colorado","08","25-29 years","25-29",65
,"Brain and Other Nervous System","31010-31040","Colorado","08","30-34 years","30-34",96
,"Brain and Other Nervous System","31010-31040","Colorado","08","35-39 years","35-39",134
,"Brain and Other Nervous System","31010-31040","Colorado","08","40-44 years","40-44",200
,"Brain and Other Nervous System","31010-31040","Colorado","08","45-49 years","45-49",310
,"Brain and Other Nervous System","31010-31040","Colorado","08","50-54 years","50-54",427
,"Brain and Other Nervous System","31010-31040","Colorado","08","55-59 years","55-59",538
,"Brain and Other Nervous System","31010-31040","Colorado","08","60-64 years ","60-64",688
,"Brain and Other Nervous System","31010-31040","Colorado","08","65-69 years","65-69",675
,"Brain and Other Nervous System","31010-31040","Colorado","08","70-74 years","70-74",591
,"Brain and Other Nervous System","31010-31040","Colorado","08","75-79 years","75-79",503
,"Brain and Other Nervous System","31010-31040","Colorado","08","80-84 years","80-84",350
,"Brain and Other Nervous System","31010-31040","Colorado","08","85+ years","85+",327
,"Brain and Other Nervous System","31010-31040","Connecticut","09","1-4 years","1-4",21
,"Brain and Other Nervous System","31010-31040","Connecticut","09","5-9 years","5-9",49
,"Brain and Other Nervous System","31010-31040","Connecticut","09","10-14 years","10-14",26
,"Brain and Other Nervous System","31010-31040","Connecticut","09","15-19 years","15-19",20
,"Brain and Other Nervous System","31010-31040","Connecticut","09","20-24 years","20-24",25
,"Brain and Other Nervous System","31010-31040","Connecticut","09","25-29 years","25-29",35
,"Brain and Other Nervous System","31010-31040","Connecticut","09","30-34 years","30-34",57
,"Brain and Other Nervous System","31010-31040","Connecticut","09","35-39 years","35-39",89
,"Brain and Other Nervous System","31010-31040","Connecticut","09","40-44 years","40-44",151
,"Brain and Other Nervous System","31010-31040","Connecticut","09","45-49 years","45-49",194
,"Brain and Other Nervous System","31010-31040","Connecticut","09","50-54 years","50-54",292
,"Brain and Other Nervous System","31010-31040","Connecticut","09","55-59 years","55-59",432
,"Brain and Other Nervous System","31010-31040","Connecticut","09","60-64 years ","60-64",498
,"Brain and Other Nervous System","31010-31040","Connecticut","09","65-69 years","65-69",478
,"Brain and Other Nervous System","31010-31040","Connecticut","09","70-74 years","70-74",506
,"Brain and Other Nervous System","31010-31040","Connecticut","09","75-79 years","75-79",458
,"Brain and Other Nervous System","31010-31040","Connecticut","09","80-84 years","80-84",398
,"Brain and Other Nervous System","31010-31040","Connecticut","09","85+ years","85+",342
,"Brain and Other Nervous System","31010-31040","Delaware","10","30-34 years","30-34",20
,"Brain and Other Nervous System","31010-31040","Delaware","10","35-39 years","35-39",23
,"Brain and Other Nervous System","31010-31040","Delaware","10","40-44 years","40-44",44
,"Brain and Other Nervous System","31010-31040","Delaware","10","45-49 years","45-49",47
,"Brain and Other Nervous System","31010-31040","Delaware","10","50-54 years","50-54",53
,"Brain and Other Nervous System","31010-31040","Delaware","10","55-59 years","55-59",103
,"Brain and Other Nervous System","31010-31040","Delaware","10","60-64 years ","60-64",125
,"Brain and Other Nervous System","31010-31040","Delaware","10","65-69 years","65-69",134
,"Brain and Other Nervous System","31010-31040","Delaware","10","70-74 years","70-74",144
,"Brain and Other Nervous System","31010-31040","Delaware","10","75-79 years","75-79",98
,"Brain and Other Nervous System","31010-31040","Delaware","10","80-84 years","80-84",85
,"Brain and Other Nervous System","31010-31040","Delaware","10","85+ years","85+",83
,"Brain and Other Nervous System","31010-31040","District of Columbia","11","35-39 years","35-39",19
,"Brain and Other Nervous System","31010-31040","District of Columbia","11","40-44 years","40-44",25
,"Brain and Other Nervous System","31010-31040","District of Columbia","11","45-49 years","45-49",16
,"Brain and Other Nervous System","31010-31040","District of Columbia","11","50-54 years","50-54",29
,"Brain and Other Nervous System","31010-31040","District of Columbia","11","55-59 years","55-59",49
,"Brain and Other Nervous System","31010-31040","District of Columbia","11","60-64 years ","60-64",49
,"Brain and Other Nervous System","31010-31040","District of Columbia","11","65-69 years","65-69",51
,"Brain and Other Nervous System","31010-31040","District of Columbia","11","70-74 years","70-74",60
,"Brain and Other Nervous System","31010-31040","District of Columbia","11","75-79 years","75-79",32
,"Brain and Other Nervous System","31010-31040","District of Columbia","11","80-84 years","80-84",27
,"Brain and Other Nervous System","31010-31040","District of Columbia","11","85+ years","85+",35
,"Brain and Other Nervous System","31010-31040","Florida","12","< 1 year","1",16
,"Brain and Other Nervous System","31010-31040","Florida","12","1-4 years","1-4",110
,"Brain and Other Nervous System","31010-31040","Florida","12","5-9 years","5-9",231
,"Brain and Other Nervous System","31010-31040","Florida","12","10-14 years","10-14",177
,"Brain and Other Nervous System","31010-31040","Florida","12","15-19 years","15-19",141
,"Brain and Other Nervous System","31010-31040","Florida","12","20-24 years","20-24",130
,"Brain and Other Nervous System","31010-31040","Florida","12","25-29 years","25-29",182
,"Brain and Other Nervous System","31010-31040","Florida","12","30-34 years","30-34",334
,"Brain and Other Nervous System","31010-31040","Florida","12","35-39 years","35-39",422
,"Brain and Other Nervous System","31010-31040","Florida","12","40-44 years","40-44",706
,"Brain and Other Nervous System","31010-31040","Florida","12","45-49 years","45-49",1066
,"Brain and Other Nervous System","31010-31040","Florida","12","50-54 years","50-54",1552
,"Brain and Other Nervous System","31010-31040","Florida","12","55-59 years","55-59",2089
,"Brain and Other Nervous System","31010-31040","Florida","12","60-64 years ","60-64",2635
,"Brain and Other Nervous System","31010-31040","Florida","12","65-69 years","65-69",3121
,"Brain and Other Nervous System","31010-31040","Florida","12","70-74 years","70-74",3096
,"Brain and Other Nervous System","31010-31040","Florida","12","75-79 years","75-79",2973
,"Brain and Other Nervous System","31010-31040","Florida","12","80-84 years","80-84",2305
,"Brain and Other Nervous System","31010-31040","Florida","12","85+ years","85+",2074
,"Brain and Other Nervous System","31010-31040","Georgia","13","1-4 years","1-4",66
,"Brain and Other Nervous System","31010-31040","Georgia","13","5-9 years","5-9",131
,"Brain and Other Nervous System","31010-31040","Georgia","13","10-14 years","10-14",90
,"Brain and Other Nervous System","31010-31040","Georgia","13","15-19 years","15-19",79
,"Brain and Other Nervous System","31010-31040","Georgia","13","20-24 years","20-24",71
,"Brain and Other Nervous System","31010-31040","Georgia","13","25-29 years","25-29",105
,"Brain and Other Nervous System","31010-31040","Georgia","13","30-34 years","30-34",165
,"Brain and Other Nervous System","31010-31040","Georgia","13","35-39 years","35-39",248
,"Brain and Other Nervous System","31010-31040","Georgia","13","40-44 years","40-44",352
,"Brain and Other Nervous System","31010-31040","Georgia","13","45-49 years","45-49",526
,"Brain and Other Nervous System","31010-31040","Georgia","13","50-54 years","50-54",719
,"Brain and Other Nervous System","31010-31040","Georgia","13","55-59 years","55-59",933
,"Brain and Other Nervous System","31010-31040","Georgia","13","60-64 years ","60-64",1135
,"Brain and Other Nervous System","31010-31040","Georgia","13","65-69 years","65-69",1153
,"Brain and Other Nervous System","31010-31040","Georgia","13","70-74 years","70-74",1125
,"Brain and Other Nervous System","31010-31040","Georgia","13","75-79 years","75-79",893
,"Brain and Other Nervous System","31010-31040","Georgia","13","80-84 years","80-84",620
,"Brain and Other Nervous System","31010-31040","Georgia","13","85+ years","85+",497
,"Brain and Other Nervous System","31010-31040","Hawaii","15","5-9 years","5-9",16
,"Brain and Other Nervous System","31010-31040","Hawaii","15","25-29 years","25-29",16
,"Brain and Other Nervous System","31010-31040","Hawaii","15","30-34 years","30-34",18
,"Brain and Other Nervous System","31010-31040","Hawaii","15","35-39 years","35-39",23
,"Brain and Other Nervous System","31010-31040","Hawaii","15","40-44 years","40-44",27
,"Brain and Other Nervous System","31010-31040","Hawaii","15","45-49 years","45-49",49
,"Brain and Other Nervous System","31010-31040","Hawaii","15","50-54 years","50-54",66
,"Brain and Other Nervous System","31010-31040","Hawaii","15","55-59 years","55-59",100
,"Brain and Other Nervous System","31010-31040","Hawaii","15","60-64 years ","60-64",140
,"Brain and Other Nervous System","31010-31040","Hawaii","15","65-69 years","65-69",121
,"Brain and Other Nervous System","31010-31040","Hawaii","15","70-74 years","70-74",103
,"Brain and Other Nervous System","31010-31040","Hawaii","15","75-79 years","75-79",89
,"Brain and Other Nervous System","31010-31040","Hawaii","15","80-84 years","80-84",80
,"Brain and Other Nervous System","31010-31040","Hawaii","15","85+ years","85+",73
,"Brain and Other Nervous System","31010-31040","Idaho","16","5-9 years","5-9",22
,"Brain and Other Nervous System","31010-31040","Idaho","16","10-14 years","10-14",22
,"Brain and Other Nervous System","31010-31040","Idaho","16","20-24 years","20-24",29
,"Brain and Other Nervous System","31010-31040","Idaho","16","25-29 years","25-29",29
,"Brain and Other Nervous System","31010-31040","Idaho","16","30-34 years","30-34",39
,"Brain and Other Nervous System","31010-31040","Idaho","16","35-39 years","35-39",47
,"Brain and Other Nervous System","31010-31040","Idaho","16","40-44 years","40-44",85
,"Brain and Other Nervous System","31010-31040","Idaho","16","45-49 years","45-49",104
,"Brain and Other Nervous System","31010-31040","Idaho","16","50-54 years","50-54",165
,"Brain and Other Nervous System","31010-31040","Idaho","16","55-59 years","55-59",190
,"Brain and Other Nervous System","31010-31040","Idaho","16","60-64 years ","60-64",261
,"Brain and Other Nervous System","31010-31040","Idaho","16","65-69 years","65-69",256
,"Brain and Other Nervous System","31010-31040","Idaho","16","70-74 years","70-74",227
,"Brain and Other Nervous System","31010-31040","Idaho","16","75-79 years","75-79",211
,"Brain and Other Nervous System","31010-31040","Idaho","16","80-84 years","80-84",124
,"Brain and Other Nervous System","31010-31040","Idaho","16","85+ years","85+",96
,"Brain and Other Nervous System","31010-31040","Illinois","17","1-4 years","1-4",75
,"Brain and Other Nervous System","31010-31040","Illinois","17","5-9 years","5-9",147
,"Brain and Other Nervous System","31010-31040","Illinois","17","10-14 years","10-14",109
,"Brain and Other Nervous System","31010-31040","Illinois","17","15-19 years","15-19",108
,"Brain and Other Nervous System","31010-31040","Illinois","17","20-24 years","20-24",116
,"Brain and Other Nervous System","31010-31040","Illinois","17","25-29 years","25-29",155
,"Brain and Other Nervous System","31010-31040","Illinois","17","30-34 years","30-34",234
,"Brain and Other Nervous System","31010-31040","Illinois","17","35-39 years","35-39",312
,"Brain and Other Nervous System","31010-31040","Illinois","17","40-44 years","40-44",446
,"Brain and Other Nervous System","31010-31040","Illinois","17","45-49 years","45-49",714
,"Brain and Other Nervous System","31010-31040","Illinois","17","50-54 years","50-54",1041
,"Brain and Other Nervous System","31010-31040","Illinois","17","55-59 years","55-59",1344
,"Brain and Other Nervous System","31010-31040","Illinois","17","60-64 years ","60-64",1557
,"Brain and Other Nervous System","31010-31040","Illinois","17","65-69 years","65-69",1621
,"Brain and Other Nervous System","31010-31040","Illinois","17","70-74 years","70-74",1628
,"Brain and Other Nervous System","31010-31040","Illinois","17","75-79 years","75-79",1350
,"Brain and Other Nervous System","31010-31040","Illinois","17","80-84 years","80-84",1032
,"Brain and Other Nervous System","31010-31040","Illinois","17","85+ years","85+",869
,"Brain and Other Nervous System","31010-31040","Indiana","18","1-4 years","1-4",44
,"Brain and Other Nervous System","31010-31040","Indiana","18","5-9 years","5-9",97
,"Brain and Other Nervous System","31010-31040","Indiana","18","10-14 years","10-14",65
,"Brain and Other Nervous System","31010-31040","Indiana","18","15-19 years","15-19",55
,"Brain and Other Nervous System","31010-31040","Indiana","18","20-24 years","20-24",51
,"Brain and Other Nervous System","31010-31040","Indiana","18","25-29 years","25-29",86
,"Brain and Other Nervous System","31010-31040","Indiana","18","30-34 years","30-34",127
,"Brain and Other Nervous System","31010-31040","Indiana","18","35-39 years","35-39",201
,"Brain and Other Nervous System","31010-31040","Indiana","18","40-44 years","40-44",260
,"Brain and Other Nervous System","31010-31040","Indiana","18","45-49 years","45-49",431
,"Brain and Other Nervous System","31010-31040","Indiana","18","50-54 years","50-54",599
,"Brain and Other Nervous System","31010-31040","Indiana","18","55-59 years","55-59",753
,"Brain and Other Nervous System","31010-31040","Indiana","18","60-64 years ","60-64",901
,"Brain and Other Nervous System","31010-31040","Indiana","18","65-69 years","65-69",926
,"Brain and Other Nervous System","31010-31040","Indiana","18","70-74 years","70-74",966
,"Brain and Other Nervous System","31010-31040","Indiana","18","75-79 years","75-79",723
,"Brain and Other Nervous System","31010-31040","Indiana","18","80-84 years","80-84",595
,"Brain and Other Nervous System","31010-31040","Indiana","18","85+ years","85+",478
,"Brain and Other Nervous System","31010-31040","Iowa","19","1-4 years","1-4",26
,"Brain and Other Nervous System","31010-31040","Iowa","19","5-9 years","5-9",45
,"Brain and Other Nervous System","31010-31040","Iowa","19","10-14 years","10-14",38
,"Brain and Other Nervous System","31010-31040","Iowa","19","15-19 years","15-19",27
,"Brain and Other Nervous System","31010-31040","Iowa","19","20-24 years","20-24",38
,"Brain and Other Nervous System","31010-31040","Iowa","19","25-29 years","25-29",53
,"Brain and Other Nervous System","31010-31040","Iowa","19","30-34 years","30-34",71
,"Brain and Other Nervous System","31010-31040","Iowa","19","35-39 years","35-39",87
,"Brain and Other Nervous System","31010-31040","Iowa","19","40-44 years","40-44",154
,"Brain and Other Nervous System","31010-31040","Iowa","19","45-49 years","45-49",222
,"Brain and Other Nervous System","31010-31040","Iowa","19","50-54 years","50-54",283
,"Brain and Other Nervous System","31010-31040","Iowa","19","55-59 years","55-59",414
,"Brain and Other Nervous System","31010-31040","Iowa","19","60-64 years ","60-64",471
,"Brain and Other Nervous System","31010-31040","Iowa","19","65-69 years","65-69",491
,"Brain and Other Nervous System","31010-31040","Iowa","19","70-74 years","70-74",520
,"Brain and Other Nervous System","31010-31040","Iowa","19","75-79 years","75-79",477
,"Brain and Other Nervous System","31010-31040","Iowa","19","80-84 years","80-84",376
,"Brain and Other Nervous System","31010-31040","Iowa","19","85+ years","85+",292
,"Brain and Other Nervous System","31010-31040","Kansas","20","1-4 years","1-4",23
,"Brain and Other Nervous System","31010-31040","Kansas","20","5-9 years","5-9",47
,"Brain and Other Nervous System","31010-31040","Kansas","20","10-14 years","10-14",24
,"Brain and Other Nervous System","31010-31040","Kansas","20","15-19 years","15-19",27
,"Brain and Other Nervous System","31010-31040","Kansas","20","20-24 years","20-24",34
,"Brain and Other Nervous System","31010-31040","Kansas","20","25-29 years","25-29",43
,"Brain and Other Nervous System","31010-31040","Kansas","20","30-34 years","30-34",74
,"Brain and Other Nervous System","31010-31040","Kansas","20","35-39 years","35-39",98
,"Brain and Other Nervous System","31010-31040","Kansas","20","40-44 years","40-44",113
,"Brain and Other Nervous System","31010-31040","Kansas","20","45-49 years","45-49",192
,"Brain and Other Nervous System","31010-31040","Kansas","20","50-54 years","50-54",254
,"Brain and Other Nervous System","31010-31040","Kansas","20","55-59 years","55-59",369
,"Brain and Other Nervous System","31010-31040","Kansas","20","60-64 years ","60-64",444
,"Brain and Other Nervous System","31010-31040","Kansas","20","65-69 years","65-69",426
,"Brain and Other Nervous System","31010-31040","Kansas","20","70-74 years","70-74",426
,"Brain and Other Nervous System","31010-31040","Kansas","20","75-79 years","75-79",384
,"Brain and Other Nervous System","31010-31040","Kansas","20","80-84 years","80-84",309
,"Brain and Other Nervous System","31010-31040","Kansas","20","85+ years","85+",302
,"Brain and Other Nervous System","31010-31040","Kentucky","21","1-4 years","1-4",26
,"Brain and Other Nervous System","31010-31040","Kentucky","21","5-9 years","5-9",53
,"Brain and Other Nervous System","31010-31040","Kentucky","21","10-14 years","10-14",50
,"Brain and Other Nervous System","31010-31040","Kentucky","21","15-19 years","15-19",38
,"Brain and Other Nervous System","31010-31040","Kentucky","21","20-24 years","20-24",42
,"Brain and Other Nervous System","31010-31040","Kentucky","21","25-29 years","25-29",50
,"Brain and Other Nervous System","31010-31040","Kentucky","21","30-34 years","30-34",89
,"Brain and Other Nervous System","31010-31040","Kentucky","21","35-39 years","35-39",148
,"Brain and Other Nervous System","31010-31040","Kentucky","21","40-44 years","40-44",181
,"Brain and Other Nervous System","31010-31040","Kentucky","21","45-49 years","45-49",304
,"Brain and Other Nervous System","31010-31040","Kentucky","21","50-54 years","50-54",388
,"Brain and Other Nervous System","31010-31040","Kentucky","21","55-59 years","55-59",570
,"Brain and Other Nervous System","31010-31040","Kentucky","21","60-64 years ","60-64",701
,"Brain and Other Nervous System","31010-31040","Kentucky","21","65-69 years","65-69",671
,"Brain and Other Nervous System","31010-31040","Kentucky","21","70-74 years","70-74",664
,"Brain and Other Nervous System","31010-31040","Kentucky","21","75-79 years","75-79",560
,"Brain and Other Nervous System","31010-31040","Kentucky","21","80-84 years","80-84",363
,"Brain and Other Nervous System","31010-31040","Kentucky","21","85+ years","85+",272
,"Brain and Other Nervous System","31010-31040","Louisiana","22","1-4 years","1-4",34
,"Brain and Other Nervous System","31010-31040","Louisiana","22","5-9 years","5-9",65
,"Brain and Other Nervous System","31010-31040","Louisiana","22","10-14 years","10-14",45
,"Brain and Other Nervous System","31010-31040","Louisiana","22","15-19 years","15-19",43
,"Brain and Other Nervous System","31010-31040","Louisiana","22","20-24 years","20-24",48
,"Brain and Other Nervous System","31010-31040","Louisiana","22","25-29 years","25-29",53
,"Brain and Other Nervous System","31010-31040","Louisiana","22","30-34 years","30-34",73
,"Brain and Other Nervous System","31010-31040","Louisiana","22","35-39 years","35-39",115
,"Brain and Other Nervous System","31010-31040","Louisiana","22","40-44 years","40-44",164
,"Brain and Other Nervous System","31010-31040","Louisiana","22","45-49 years","45-49",236
,"Brain and Other Nervous System","31010-31040","Louisiana","22","50-54 years","50-54",350
,"Brain and Other Nervous System","31010-31040","Louisiana","22","55-59 years","55-59",531
,"Brain and Other Nervous System","31010-31040","Louisiana","22","60-64 years ","60-64",591
,"Brain and Other Nervous System","31010-31040","Louisiana","22","65-69 years","65-69",583
,"Brain and Other Nervous System","31010-31040","Louisiana","22","70-74 years","70-74",582
,"Brain and Other Nervous System","31010-31040","Louisiana","22","75-79 years","75-79",536
,"Brain and Other Nervous System","31010-31040","Louisiana","22","80-84 years","80-84",414
,"Brain and Other Nervous System","31010-31040","Louisiana","22","85+ years","85+",321
,"Brain and Other Nervous System","31010-31040","Maine","23","15-19 years","15-19",16
,"Brain and Other Nervous System","31010-31040","Maine","23","25-29 years","25-29",26
,"Brain and Other Nervous System","31010-31040","Maine","23","30-34 years","30-34",28
,"Brain and Other Nervous System","31010-31040","Maine","23","35-39 years","35-39",35
,"Brain and Other Nervous System","31010-31040","Maine","23","40-44 years","40-44",63
,"Brain and Other Nervous System","31010-31040","Maine","23","45-49 years","45-49",91
,"Brain and Other Nervous System","31010-31040","Maine","23","50-54 years","50-54",159
,"Brain and Other Nervous System","31010-31040","Maine","23","55-59 years","55-59",203
,"Brain and Other Nervous System","31010-31040","Maine","23","60-64 years ","60-64",254
,"Brain and Other Nervous System","31010-31040","Maine","23","65-69 years","65-69",269
,"Brain and Other Nervous System","31010-31040","Maine","23","70-74 years","70-74",240
,"Brain and Other Nervous System","31010-31040","Maine","23","75-79 years","75-79",235
,"Brain and Other Nervous System","31010-31040","Maine","23","80-84 years","80-84",158
,"Brain and Other Nervous System","31010-31040","Maine","23","85+ years","85+",144
,"Brain and Other Nervous System","31010-31040","Maryland","24","1-4 years","1-4",41
,"Brain and Other Nervous System","31010-31040","Maryland","24","5-9 years","5-9",84
,"Brain and Other Nervous System","31010-31040","Maryland","24","10-14 years","10-14",53
,"Brain and Other Nervous System","31010-31040","Maryland","24","15-19 years","15-19",60
,"Brain and Other Nervous System","31010-31040","Maryland","24","20-24 years","20-24",35
,"Brain and Other Nervous System","31010-31040","Maryland","24","25-29 years","25-29",55
,"Brain and Other Nervous System","31010-31040","Maryland","24","30-34 years","30-34",91
,"Brain and Other Nervous System","31010-31040","Maryland","24","35-39 years","35-39",166
,"Brain and Other Nervous System","31010-31040","Maryland","24","40-44 years","40-44",223
,"Brain and Other Nervous System","31010-31040","Maryland","24","45-49 years","45-49",302
,"Brain and Other Nervous System","31010-31040","Maryland","24","50-54 years","50-54",475
,"Brain and Other Nervous System","31010-31040","Maryland","24","55-59 years","55-59",675
,"Brain and Other Nervous System","31010-31040","Maryland","24","60-64 years ","60-64",687
,"Brain and Other Nervous System","31010-31040","Maryland","24","65-69 years","65-69",658
,"Brain and Other Nervous System","31010-31040","Maryland","24","70-74 years","70-74",676
,"Brain and Other Nervous System","31010-31040","Maryland","24","75-79 years","75-79",586
,"Brain and Other Nervous System","31010-31040","Maryland","24","80-84 years","80-84",445
,"Brain and Other Nervous System","31010-31040","Maryland","24","85+ years","85+",355
,"Brain and Other Nervous System","31010-31040","Massachusetts","25","1-4 years","1-4",37
,"Brain and Other Nervous System","31010-31040","Massachusetts","25","5-9 years","5-9",68
,"Brain and Other Nervous System","31010-31040","Massachusetts","25","10-14 years","10-14",57
,"Brain and Other Nervous System","31010-31040","Massachusetts","25","15-19 years","15-19",44
,"Brain and Other Nervous System","31010-31040","Massachusetts","25","20-24 years","20-24",51
,"Brain and Other Nervous System","31010-31040","Massachusetts","25","25-29 years","25-29",72
,"Brain and Other Nervous System","31010-31040","Massachusetts","25","30-34 years","30-34",121
,"Brain and Other Nervous System","31010-31040","Massachusetts","25","35-39 years","35-39",186
,"Brain and Other Nervous System","31010-31040","Massachusetts","25","40-44 years","40-44",270
,"Brain and Other Nervous System","31010-31040","Massachusetts","25","45-49 years","45-49",413
,"Brain and Other Nervous System","31010-31040","Massachusetts","25","50-54 years","50-54",584
,"Brain and Other Nervous System","31010-31040","Massachusetts","25","55-59 years","55-59",839
,"Brain and Other Nervous System","31010-31040","Massachusetts","25","60-64 years ","60-64",888
,"Brain and Other Nervous System","31010-31040","Massachusetts","25","65-69 years","65-69",960
,"Brain and Other Nervous System","31010-31040","Massachusetts","25","70-74 years","70-74",941
,"Brain and Other Nervous System","31010-31040","Massachusetts","25","75-79 years","75-79",861
,"Brain and Other Nervous System","31010-31040","Massachusetts","25","80-84 years","80-84",681
,"Brain and Other Nervous System","31010-31040","Massachusetts","25","85+ years","85+",562
,"Brain and Other Nervous System","31010-31040","Michigan","26","1-4 years","1-4",63
,"Brain and Other Nervous System","31010-31040","Michigan","26","5-9 years","5-9",153
,"Brain and Other Nervous System","31010-31040","Michigan","26","10-14 years","10-14",102
,"Brain and Other Nervous System","31010-31040","Michigan","26","15-19 years","15-19",80
,"Brain and Other Nervous System","31010-31040","Michigan","26","20-24 years","20-24",103
,"Brain and Other Nervous System","31010-31040","Michigan","26","25-29 years","25-29",118
,"Brain and Other Nervous System","31010-31040","Michigan","26","30-34 years","30-34",188
,"Brain and Other Nervous System","31010-31040","Michigan","26","35-39 years","35-39",299
,"Brain and Other Nervous System","31010-31040","Michigan","26","40-44 years","40-44",426
,"Brain and Other Nervous System","31010-31040","Michigan","26","45-49 years","45-49",721
,"Brain and Other Nervous System","31010-31040","Michigan","26","50-54 years","50-54",980
,"Brain and Other Nervous System","31010-31040","Michigan","26","55-59 years","55-59",1254
,"Brain and Other Nervous System","31010-31040","Michigan","26","60-64 years ","60-64",1502
,"Brain and Other Nervous System","31010-31040","Michigan","26","65-69 years","65-69",1611
,"Brain and Other Nervous System","31010-31040","Michigan","26","70-74 years","70-74",1503
,"Brain and Other Nervous System","31010-31040","Michigan","26","75-79 years","75-79",1295
,"Brain and Other Nervous System","31010-31040","Michigan","26","80-84 years","80-84",1010
,"Brain and Other Nervous System","31010-31040","Michigan","26","85+ years","85+",835
,"Brain and Other Nervous System","31010-31040","Minnesota","27","1-4 years","1-4",31
,"Brain and Other Nervous System","31010-31040","Minnesota","27","5-9 years","5-9",68
,"Brain and Other Nervous System","31010-31040","Minnesota","27","10-14 years","10-14",58
,"Brain and Other Nervous System","31010-31040","Minnesota","27","15-19 years","15-19",58
,"Brain and Other Nervous System","31010-31040","Minnesota","27","20-24 years","20-24",53
,"Brain and Other Nervous System","31010-31040","Minnesota","27","25-29 years","25-29",66
,"Brain and Other Nervous System","31010-31040","Minnesota","27","30-34 years","30-34",116
,"Brain and Other Nervous System","31010-31040","Minnesota","27","35-39 years","35-39",190
,"Brain and Other Nervous System","31010-31040","Minnesota","27","40-44 years","40-44",275
,"Brain and Other Nervous System","31010-31040","Minnesota","27","45-49 years","45-49",385
,"Brain and Other Nervous System","31010-31040","Minnesota","27","50-54 years","50-54",524
,"Brain and Other Nervous System","31010-31040","Minnesota","27","55-59 years","55-59",684
,"Brain and Other Nervous System","31010-31040","Minnesota","27","60-64 years ","60-64",772
,"Brain and Other Nervous System","31010-31040","Minnesota","27","65-69 years","65-69",719
,"Brain and Other Nervous System","31010-31040","Minnesota","27","70-74 years","70-74",691
,"Brain and Other Nervous System","31010-31040","Minnesota","27","75-79 years","75-79",585
,"Brain and Other Nervous System","31010-31040","Minnesota","27","80-84 years","80-84",482
,"Brain and Other Nervous System","31010-31040","Minnesota","27","85+ years","85+",383
,"Brain and Other Nervous System","31010-31040","Mississippi","28","1-4 years","1-4",16
,"Brain and Other Nervous System","31010-31040","Mississippi","28","5-9 years","5-9",36
,"Brain and Other Nervous System","31010-31040","Mississippi","28","10-14 years","10-14",35
,"Brain and Other Nervous System","31010-31040","Mississippi","28","15-19 years","15-19",32
,"Brain and Other Nervous System","31010-31040","Mississippi","28","20-24 years","20-24",30
,"Brain and Other Nervous System","31010-31040","Mississippi","28","25-29 years","25-29",53
,"Brain and Other Nervous System","31010-31040","Mississippi","28","30-34 years","30-34",50
,"Brain and Other Nervous System","31010-31040","Mississippi","28","35-39 years","35-39",85
,"Brain and Other Nervous System","31010-31040","Mississippi","28","40-44 years","40-44",131
,"Brain and Other Nervous System","31010-31040","Mississippi","28","45-49 years","45-49",167
,"Brain and Other Nervous System","31010-31040","Mississippi","28","50-54 years","50-54",277
,"Brain and Other Nervous System","31010-31040","Mississippi","28","55-59 years","55-59",401
,"Brain and Other Nervous System","31010-31040","Mississippi","28","60-64 years ","60-64",402
,"Brain and Other Nervous System","31010-31040","Mississippi","28","65-69 years","65-69",480
,"Brain and Other Nervous System","31010-31040","Mississippi","28","70-74 years","70-74",513
,"Brain and Other Nervous System","31010-31040","Mississippi","28","75-79 years","75-79",400
,"Brain and Other Nervous System","31010-31040","Mississippi","28","80-84 years","80-84",289
,"Brain and Other Nervous System","31010-31040","Mississippi","28","85+ years","85+",263
,"Brain and Other Nervous System","31010-31040","Missouri","29","1-4 years","1-4",45
,"Brain and Other Nervous System","31010-31040","Missouri","29","5-9 years","5-9",79
,"Brain and Other Nervous System","31010-31040","Missouri","29","10-14 years","10-14",49
,"Brain and Other Nervous System","31010-31040","Missouri","29","15-19 years","15-19",56
,"Brain and Other Nervous System","31010-31040","Missouri","29","20-24 years","20-24",52
,"Brain and Other Nervous System","31010-31040","Missouri","29","25-29 years","25-29",84
,"Brain and Other Nervous System","31010-31040","Missouri","29","30-34 years","30-34",136
,"Brain and Other Nervous System","31010-31040","Missouri","29","35-39 years","35-39",150
,"Brain and Other Nervous System","31010-31040","Missouri","29","40-44 years","40-44",252
,"Brain and Other Nervous System","31010-31040","Missouri","29","45-49 years","45-49",380
,"Brain and Other Nervous System","31010-31040","Missouri","29","50-54 years","50-54",539
,"Brain and Other Nervous System","31010-31040","Missouri","29","55-59 years","55-59",757
,"Brain and Other Nervous System","31010-31040","Missouri","29","60-64 years ","60-64",929
,"Brain and Other Nervous System","31010-31040","Missouri","29","65-69 years","65-69",868
,"Brain and Other Nervous System","31010-31040","Missouri","29","70-74 years","70-74",864
,"Brain and Other Nervous System","31010-31040","Missouri","29","75-79 years","75-79",739
,"Brain and Other Nervous System","31010-31040","Missouri","29","80-84 years","80-84",578
,"Brain and Other Nervous System","31010-31040","Missouri","29","85+ years","85+",482
,"Brain and Other Nervous System","31010-31040","Montana","30","30-34 years","30-34",27
,"Brain and Other Nervous System","31010-31040","Montana","30","35-39 years","35-39",26
,"Brain and Other Nervous System","31010-31040","Montana","30","40-44 years","40-44",34
,"Brain and Other Nervous System","31010-31040","Montana","30","45-49 years","45-49",65
,"Brain and Other Nervous System","31010-31040","Montana","30","50-54 years","50-54",124
,"Brain and Other Nervous System","31010-31040","Montana","30","55-59 years","55-59",144
,"Brain and Other Nervous System","31010-31040","Montana","30","60-64 years ","60-64",173
,"Brain and Other Nervous System","31010-31040","Montana","30","65-69 years","65-69",209
,"Brain and Other Nervous System","31010-31040","Montana","30","70-74 years","70-74",171
,"Brain and Other Nervous System","31010-31040","Montana","30","75-79 years","75-79",126
,"Brain and Other Nervous System","31010-31040","Montana","30","80-84 years","80-84",83
,"Brain and Other Nervous System","31010-31040","Montana","30","85+ years","85+",65
,"Brain and Other Nervous System","31010-31040","Nebraska","31","1-4 years","1-4",21
,"Brain and Other Nervous System","31010-31040","Nebraska","31","5-9 years","5-9",45
,"Brain and Other Nervous System","31010-31040","Nebraska","31","10-14 years","10-14",27
,"Brain and Other Nervous System","31010-31040","Nebraska","31","15-19 years","15-19",26
,"Brain and Other Nervous System","31010-31040","Nebraska","31","25-29 years","25-29",18
,"Brain and Other Nervous System","31010-31040","Nebraska","31","30-34 years","30-34",43
,"Brain and Other Nervous System","31010-31040","Nebraska","31","35-39 years","35-39",58
,"Brain and Other Nervous System","31010-31040","Nebraska","31","40-44 years","40-44",78
,"Brain and Other Nervous System","31010-31040","Nebraska","31","45-49 years","45-49",113
,"Brain and Other Nervous System","31010-31040","Nebraska","31","50-54 years","50-54",152
,"Brain and Other Nervous System","31010-31040","Nebraska","31","55-59 years","55-59",228
,"Brain and Other Nervous System","31010-31040","Nebraska","31","60-64 years ","60-64",256
,"Brain and Other Nervous System","31010-31040","Nebraska","31","65-69 years","65-69",310
,"Brain and Other Nervous System","31010-31040","Nebraska","31","70-74 years","70-74",271
,"Brain and Other Nervous System","31010-31040","Nebraska","31","75-79 years","75-79",264
,"Brain and Other Nervous System","31010-31040","Nebraska","31","80-84 years","80-84",204
,"Brain and Other Nervous System","31010-31040","Nebraska","31","85+ years","85+",213
,"Brain and Other Nervous System","31010-31040","Nevada","32","5-9 years","5-9",30
,"Brain and Other Nervous System","31010-31040","Nevada","32","10-14 years","10-14",26
,"Brain and Other Nervous System","31010-31040","Nevada","32","15-19 years","15-19",24
,"Brain and Other Nervous System","31010-31040","Nevada","32","20-24 years","20-24",25
,"Brain and Other Nervous System","31010-31040","Nevada","32","25-29 years","25-29",36
,"Brain and Other Nervous System","31010-31040","Nevada","32","30-34 years","30-34",30
,"Brain and Other Nervous System","31010-31040","Nevada","32","35-39 years","35-39",63
,"Brain and Other Nervous System","31010-31040","Nevada","32","40-44 years","40-44",80
,"Brain and Other Nervous System","31010-31040","Nevada","32","45-49 years","45-49",140
,"Brain and Other Nervous System","31010-31040","Nevada","32","50-54 years","50-54",173
,"Brain and Other Nervous System","31010-31040","Nevada","32","55-59 years","55-59",279
,"Brain and Other Nervous System","31010-31040","Nevada","32","60-64 years ","60-64",354
,"Brain and Other Nervous System","31010-31040","Nevada","32","65-69 years","65-69",361
,"Brain and Other Nervous System","31010-31040","Nevada","32","70-74 years","70-74",357
,"Brain and Other Nervous System","31010-31040","Nevada","32","75-79 years","75-79",314
,"Brain and Other Nervous System","31010-31040","Nevada","32","80-84 years","80-84",213
,"Brain and Other Nervous System","31010-31040","Nevada","32","85+ years","85+",186
,"Brain and Other Nervous System","31010-31040","New Hampshire","33","5-9 years","5-9",20
,"Brain and Other Nervous System","31010-31040","New Hampshire","33","10-14 years","10-14",16
,"Brain and Other Nervous System","31010-31040","New Hampshire","33","25-29 years","25-29",20
,"Brain and Other Nervous System","31010-31040","New Hampshire","33","30-34 years","30-34",27
,"Brain and Other Nervous System","31010-31040","New Hampshire","33","35-39 years","35-39",34
,"Brain and Other Nervous System","31010-31040","New Hampshire","33","40-44 years","40-44",58
,"Brain and Other Nervous System","31010-31040","New Hampshire","33","45-49 years","45-49",83
,"Brain and Other Nervous System","31010-31040","New Hampshire","33","50-54 years","50-54",135
,"Brain and Other Nervous System","31010-31040","New Hampshire","33","55-59 years","55-59",162
,"Brain and Other Nervous System","31010-31040","New Hampshire","33","60-64 years ","60-64",243
,"Brain and Other Nervous System","31010-31040","New Hampshire","33","65-69 years","65-69",236
,"Brain and Other Nervous System","31010-31040","New Hampshire","33","70-74 years","70-74",233
,"Brain and Other Nervous System","31010-31040","New Hampshire","33","75-79 years","75-79",203
,"Brain and Other Nervous System","31010-31040","New Hampshire","33","80-84 years","80-84",118
,"Brain and Other Nervous System","31010-31040","New Hampshire","33","85+ years","85+",101
,"Brain and Other Nervous System","31010-31040","New Jersey","34","1-4 years","1-4",55
,"Brain and Other Nervous System","31010-31040","New Jersey","34","5-9 years","5-9",111
,"Brain and Other Nervous System","31010-31040","New Jersey","34","10-14 years","10-14",79
,"Brain and Other Nervous System","31010-31040","New Jersey","34","15-19 years","15-19",65
,"Brain and Other Nervous System","31010-31040","New Jersey","34","20-24 years","20-24",66
,"Brain and Other Nervous System","31010-31040","New Jersey","34","25-29 years","25-29",71
,"Brain and Other Nervous System","31010-31040","New Jersey","34","30-34 years","30-34",124
,"Brain and Other Nervous System","31010-31040","New Jersey","34","35-39 years","35-39",208
,"Brain and Other Nervous System","31010-31040","New Jersey","34","40-44 years","40-44",282
,"Brain and Other Nervous System","31010-31040","New Jersey","34","45-49 years","45-49",470
,"Brain and Other Nervous System","31010-31040","New Jersey","34","50-54 years","50-54",687
,"Brain and Other Nervous System","31010-31040","New Jersey","34","55-59 years","55-59",936
,"Brain and Other Nervous System","31010-31040","New Jersey","34","60-64 years ","60-64",1028
,"Brain and Other Nervous System","31010-31040","New Jersey","34","65-69 years","65-69",1125
,"Brain and Other Nervous System","31010-31040","New Jersey","34","70-74 years","70-74",1116
,"Brain and Other Nervous System","31010-31040","New Jersey","34","75-79 years","75-79",1044
,"Brain and Other Nervous System","31010-31040","New Jersey","34","80-84 years","80-84",767
,"Brain and Other Nervous System","31010-31040","New Jersey","34","85+ years","85+",618
,"Brain and Other Nervous System","31010-31040","New Mexico","35","5-9 years","5-9",21
,"Brain and Other Nervous System","31010-31040","New Mexico","35","15-19 years","15-19",16
,"Brain and Other Nervous System","31010-31040","New Mexico","35","20-24 years","20-24",18
,"Brain and Other Nervous System","31010-31040","New Mexico","35","30-34 years","30-34",45
,"Brain and Other Nervous System","31010-31040","New Mexico","35","35-39 years","35-39",39
,"Brain and Other Nervous System","31010-31040","New Mexico","35","40-44 years","40-44",71
,"Brain and Other Nervous System","31010-31040","New Mexico","35","45-49 years","45-49",104
,"Brain and Other Nervous System","31010-31040","New Mexico","35","50-54 years","50-54",111
,"Brain and Other Nervous System","31010-31040","New Mexico","35","55-59 years","55-59",214
,"Brain and Other Nervous System","31010-31040","New Mexico","35","60-64 years ","60-64",229
,"Brain and Other Nervous System","31010-31040","New Mexico","35","65-69 years","65-69",255
,"Brain and Other Nervous System","31010-31040","New Mexico","35","70-74 years","70-74",245
,"Brain and Other Nervous System","31010-31040","New Mexico","35","75-79 years","75-79",226
,"Brain and Other Nervous System","31010-31040","New Mexico","35","80-84 years","80-84",180
,"Brain and Other Nervous System","31010-31040","New Mexico","35","85+ years","85+",116
,"Brain and Other Nervous System","31010-31040","New York","36","< 1 year","1",20
,"Brain and Other Nervous System","31010-31040","New York","36","1-4 years","1-4",127
,"Brain and Other Nervous System","31010-31040","New York","36","5-9 years","5-9",234
,"Brain and Other Nervous System","31010-31040","New York","36","10-14 years","10-14",168
,"Brain and Other Nervous System","31010-31040","New York","36","15-19 years","15-19",154
,"Brain and Other Nervous System","31010-31040","New York","36","20-24 years","20-24",165
,"Brain and Other Nervous System","31010-31040","New York","36","25-29 years","25-29",194
,"Brain and Other Nervous System","31010-31040","New York","36","30-34 years","30-34",325
,"Brain and Other Nervous System","31010-31040","New York","36","35-39 years","35-39",462
,"Brain and Other Nervous System","31010-31040","New York","36","40-44 years","40-44",683
,"Brain and Other Nervous System","31010-31040","New York","36","45-49 years","45-49",1008
,"Brain and Other Nervous System","31010-31040","New York","36","50-54 years","50-54",1490
,"Brain and Other Nervous System","31010-31040","New York","36","55-59 years","55-59",1999
,"Brain and Other Nervous System","31010-31040","New York","36","60-64 years ","60-64",2219
,"Brain and Other Nervous System","31010-31040","New York","36","65-69 years","65-69",2281
,"Brain and Other Nervous System","31010-31040","New York","36","70-74 years","70-74",2262
,"Brain and Other Nervous System","31010-31040","New York","36","75-79 years","75-79",2020
,"Brain and Other Nervous System","31010-31040","New York","36","80-84 years","80-84",1549
,"Brain and Other Nervous System","31010-31040","New York","36","85+ years","85+",1493
,"Brain and Other Nervous System","31010-31040","North Carolina","37","1-4 years","1-4",61
,"Brain and Other Nervous System","31010-31040","North Carolina","37","5-9 years","5-9",107
,"Brain and Other Nervous System","31010-31040","North Carolina","37","10-14 years","10-14",88
,"Brain and Other Nervous System","31010-31040","North Carolina","37","15-19 years","15-19",69
,"Brain and Other Nervous System","31010-31040","North Carolina","37","20-24 years","20-24",68
,"Brain and Other Nervous System","31010-31040","North Carolina","37","25-29 years","25-29",88
,"Brain and Other Nervous System","31010-31040","North Carolina","37","30-34 years","30-34",163
,"Brain and Other Nervous System","31010-31040","North Carolina","37","35-39 years","35-39",260
,"Brain and Other Nervous System","31010-31040","North Carolina","37","40-44 years","40-44",356
,"Brain and Other Nervous System","31010-31040","North Carolina","37","45-49 years","45-49",534
,"Brain and Other Nervous System","31010-31040","North Carolina","37","50-54 years","50-54",803
,"Brain and Other Nervous System","31010-31040","North Carolina","37","55-59 years","55-59",1049
,"Brain and Other Nervous System","31010-31040","North Carolina","37","60-64 years ","60-64",1217
,"Brain and Other Nervous System","31010-31040","North Carolina","37","65-69 years","65-69",1355
,"Brain and Other Nervous System","31010-31040","North Carolina","37","70-74 years","70-74",1253
,"Brain and Other Nervous System","31010-31040","North Carolina","37","75-79 years","75-79",1149
,"Brain and Other Nervous System","31010-31040","North Carolina","37","80-84 years","80-84",822
,"Brain and Other Nervous System","31010-31040","North Carolina","37","85+ years","85+",654
,"Brain and Other Nervous System","31010-31040","North Dakota","38","30-34 years","30-34",21
,"Brain and Other Nervous System","31010-31040","North Dakota","38","40-44 years","40-44",36
,"Brain and Other Nervous System","31010-31040","North Dakota","38","45-49 years","45-49",40
,"Brain and Other Nervous System","31010-31040","North Dakota","38","50-54 years","50-54",51
,"Brain and Other Nervous System","31010-31040","North Dakota","38","55-59 years","55-59",99
,"Brain and Other Nervous System","31010-31040","North Dakota","38","60-64 years ","60-64",89
,"Brain and Other Nervous System","31010-31040","North Dakota","38","65-69 years","65-69",117
,"Brain and Other Nervous System","31010-31040","North Dakota","38","70-74 years","70-74",80
,"Brain and Other Nervous System","31010-31040","North Dakota","38","75-79 years","75-79",95
,"Brain and Other Nervous System","31010-31040","North Dakota","38","80-84 years","80-84",68
,"Brain and Other Nervous System","31010-31040","North Dakota","38","85+ years","85+",45
,"Brain and Other Nervous System","31010-31040","Ohio","39","1-4 years","1-4",80
,"Brain and Other Nervous System","31010-31040","Ohio","39","5-9 years","5-9",138
,"Brain and Other Nervous System","31010-31040","Ohio","39","10-14 years","10-14",123
,"Brain and Other Nervous System","31010-31040","Ohio","39","15-19 years","15-19",91
,"Brain and Other Nervous System","31010-31040","Ohio","39","20-24 years","20-24",108
,"Brain and Other Nervous System","31010-31040","Ohio","39","25-29 years","25-29",154
,"Brain and Other Nervous System","31010-31040","Ohio","39","30-34 years","30-34",235
,"Brain and Other Nervous System","31010-31040","Ohio","39","35-39 years","35-39",316
,"Brain and Other Nervous System","31010-31040","Ohio","39","40-44 years","40-44",496
,"Brain and Other Nervous System","31010-31040","Ohio","39","45-49 years","45-49",760
,"Brain and Other Nervous System","31010-31040","Ohio","39","50-54 years","50-54",1107
,"Brain and Other Nervous System","31010-31040","Ohio","39","55-59 years","55-59",1472
,"Brain and Other Nervous System","31010-31040","Ohio","39","60-64 years ","60-64",1709
,"Brain and Other Nervous System","31010-31040","Ohio","39","65-69 years","65-69",1729
,"Brain and Other Nervous System","31010-31040","Ohio","39","70-74 years","70-74",1658
,"Brain and Other Nervous System","31010-31040","Ohio","39","75-79 years","75-79",1501
,"Brain and Other Nervous System","31010-31040","Ohio","39","80-84 years","80-84",1131
,"Brain and Other Nervous System","31010-31040","Ohio","39","85+ years","85+",886
,"Brain and Other Nervous System","31010-31040","Oklahoma","40","1-4 years","1-4",25
,"Brain and Other Nervous System","31010-31040","Oklahoma","40","5-9 years","5-9",48
,"Brain and Other Nervous System","31010-31040","Oklahoma","40","10-14 years","10-14",36
,"Brain and Other Nervous System","31010-31040","Oklahoma","40","15-19 years","15-19",39
,"Brain and Other Nervous System","31010-31040","Oklahoma","40","20-24 years","20-24",39
,"Brain and Other Nervous System","31010-31040","Oklahoma","40","25-29 years","25-29",59
,"Brain and Other Nervous System","31010-31040","Oklahoma","40","30-34 years","30-34",97
,"Brain and Other Nervous System","31010-31040","Oklahoma","40","35-39 years","35-39",103
,"Brain and Other Nervous System","31010-31040","Oklahoma","40","40-44 years","40-44",146
,"Brain and Other Nervous System","31010-31040","Oklahoma","40","45-49 years","45-49",228
,"Brain and Other Nervous System","31010-31040","Oklahoma","40","50-54 years","50-54",359
,"Brain and Other Nervous System","31010-31040","Oklahoma","40","55-59 years","55-59",455
,"Brain and Other Nervous System","31010-31040","Oklahoma","40","60-64 years ","60-64",557
,"Brain and Other Nervous System","31010-31040","Oklahoma","40","65-69 years","65-69",586
,"Brain and Other Nervous System","31010-31040","Oklahoma","40","70-74 years","70-74",555
,"Brain and Other Nervous System","31010-31040","Oklahoma","40","75-79 years","75-79",534
,"Brain and Other Nervous System","31010-31040","Oklahoma","40","80-84 years","80-84",359
,"Brain and Other Nervous System","31010-31040","Oklahoma","40","85+ years","85+",313
,"Brain and Other Nervous System","31010-31040","Oregon","41","1-4 years","1-4",35
,"Brain and Other Nervous System","31010-31040","Oregon","41","5-9 years","5-9",40
,"Brain and Other Nervous System","31010-31040","Oregon","41","10-14 years","10-14",44
,"Brain and Other Nervous System","31010-31040","Oregon","41","15-19 years","15-19",30
,"Brain and Other Nervous System","31010-31040","Oregon","41","20-24 years","20-24",34
,"Brain and Other Nervous System","31010-31040","Oregon","41","25-29 years","25-29",61
,"Brain and Other Nervous System","31010-31040","Oregon","41","30-34 years","30-34",85
,"Brain and Other Nervous System","31010-31040","Oregon","41","35-39 years","35-39",104
,"Brain and Other Nervous System","31010-31040","Oregon","41","40-44 years","40-44",186
,"Brain and Other Nervous System","31010-31040","Oregon","41","45-49 years","45-49",272
,"Brain and Other Nervous System","31010-31040","Oregon","41","50-54 years","50-54",407
,"Brain and Other Nervous System","31010-31040","Oregon","41","55-59 years","55-59",560
,"Brain and Other Nervous System","31010-31040","Oregon","41","60-64 years ","60-64",648
,"Brain and Other Nervous System","31010-31040","Oregon","41","65-69 years","65-69",687
,"Brain and Other Nervous System","31010-31040","Oregon","41","70-74 years","70-74",661
,"Brain and Other Nervous System","31010-31040","Oregon","41","75-79 years","75-79",522
,"Brain and Other Nervous System","31010-31040","Oregon","41","80-84 years","80-84",393
,"Brain and Other Nervous System","31010-31040","Oregon","41","85+ years","85+",309
,"Brain and Other Nervous System","31010-31040","Pennsylvania","42","1-4 years","1-4",90
,"Brain and Other Nervous System","31010-31040","Pennsylvania","42","5-9 years","5-9",185
,"Brain and Other Nervous System","31010-31040","Pennsylvania","42","10-14 years","10-14",132
,"Brain and Other Nervous System","31010-31040","Pennsylvania","42","15-19 years","15-19",104
,"Brain and Other Nervous System","31010-31040","Pennsylvania","42","20-24 years","20-24",117
,"Brain and Other Nervous System","31010-31040","Pennsylvania","42","25-29 years","25-29",122
,"Brain and Other Nervous System","31010-31040","Pennsylvania","42","30-34 years","30-34",219
,"Brain and Other Nervous System","31010-31040","Pennsylvania","42","35-39 years","35-39",299
,"Brain and Other Nervous System","31010-31040","Pennsylvania","42","40-44 years","40-44",511
,"Brain and Other Nervous System","31010-31040","Pennsylvania","42","45-49 years","45-49",769
,"Brain and Other Nervous System","31010-31040","Pennsylvania","42","50-54 years","50-54",1152
,"Brain and Other Nervous System","31010-31040","Pennsylvania","42","55-59 years","55-59",1575
,"Brain and Other Nervous System","31010-31040","Pennsylvania","42","60-64 years ","60-64",1869
,"Brain and Other Nervous System","31010-31040","Pennsylvania","42","65-69 years","65-69",1835
,"Brain and Other Nervous System","31010-31040","Pennsylvania","42","70-74 years","70-74",1919
,"Brain and Other Nervous System","31010-31040","Pennsylvania","42","75-79 years","75-79",1710
,"Brain and Other Nervous System","31010-31040","Pennsylvania","42","80-84 years","80-84",1387
,"Brain and Other Nervous System","31010-31040","Pennsylvania","42","85+ years","85+",1185
,"Brain and Other Nervous System","31010-31040","Rhode Island","44","30-34 years","30-34",17
,"Brain and Other Nervous System","31010-31040","Rhode Island","44","35-39 years","35-39",32
,"Brain and Other Nervous System","31010-31040","Rhode Island","44","40-44 years","40-44",47
,"Brain and Other Nervous System","31010-31040","Rhode Island","44","45-49 years","45-49",77
,"Brain and Other Nervous System","31010-31040","Rhode Island","44","50-54 years","50-54",78
,"Brain and Other Nervous System","31010-31040","Rhode Island","44","55-59 years","55-59",136
,"Brain and Other Nervous System","31010-31040","Rhode Island","44","60-64 years ","60-64",158
,"Brain and Other Nervous System","31010-31040","Rhode Island","44","65-69 years","65-69",160
,"Brain and Other Nervous System","31010-31040","Rhode Island","44","70-74 years","70-74",154
,"Brain and Other Nervous System","31010-31040","Rhode Island","44","75-79 years","75-79",156
,"Brain and Other Nervous System","31010-31040","Rhode Island","44","80-84 years","80-84",145
,"Brain and Other Nervous System","31010-31040","Rhode Island","44","85+ years","85+",107
,"Brain and Other Nervous System","31010-31040","South Carolina","45","1-4 years","1-4",30
,"Brain and Other Nervous System","31010-31040","South Carolina","45","5-9 years","5-9",53
,"Brain and Other Nervous System","31010-31040","South Carolina","45","10-14 years","10-14",45
,"Brain and Other Nervous System","31010-31040","South Carolina","45","15-19 years","15-19",35
,"Brain and Other Nervous System","31010-31040","South Carolina","45","20-24 years","20-24",39
,"Brain and Other Nervous System","31010-31040","South Carolina","45","25-29 years","25-29",54
,"Brain and Other Nervous System","31010-31040","South Carolina","45","30-34 years","30-34",75
,"Brain and Other Nervous System","31010-31040","South Carolina","45","35-39 years","35-39",113
,"Brain and Other Nervous System","31010-31040","South Carolina","45","40-44 years","40-44",187
,"Brain and Other Nervous System","31010-31040","South Carolina","45","45-49 years","45-49",265
,"Brain and Other Nervous System","31010-31040","South Carolina","45","50-54 years","50-54",394
,"Brain and Other Nervous System","31010-31040","South Carolina","45","55-59 years","55-59",538
,"Brain and Other Nervous System","31010-31040","South Carolina","45","60-64 years ","60-64",695
,"Brain and Other Nervous System","31010-31040","South Carolina","45","65-69 years","65-69",745
,"Brain and Other Nervous System","31010-31040","South Carolina","45","70-74 years","70-74",768
,"Brain and Other Nervous System","31010-31040","South Carolina","45","75-79 years","75-79",642
,"Brain and Other Nervous System","31010-31040","South Carolina","45","80-84 years","80-84",419
,"Brain and Other Nervous System","31010-31040","South Carolina","45","85+ years","85+",329
,"Brain and Other Nervous System","31010-31040","South Dakota","46","35-39 years","35-39",30
,"Brain and Other Nervous System","31010-31040","South Dakota","46","40-44 years","40-44",42
,"Brain and Other Nervous System","31010-31040","South Dakota","46","45-49 years","45-49",47
,"Brain and Other Nervous System","31010-31040","South Dakota","46","50-54 years","50-54",86
,"Brain and Other Nervous System","31010-31040","South Dakota","46","55-59 years","55-59",114
,"Brain and Other Nervous System","31010-31040","South Dakota","46","60-64 years ","60-64",127
,"Brain and Other Nervous System","31010-31040","South Dakota","46","65-69 years","65-69",141
,"Brain and Other Nervous System","31010-31040","South Dakota","46","70-74 years","70-74",137
,"Brain and Other Nervous System","31010-31040","South Dakota","46","75-79 years","75-79",134
,"Brain and Other Nervous System","31010-31040","South Dakota","46","80-84 years","80-84",125
,"Brain and Other Nervous System","31010-31040","South Dakota","46","85+ years","85+",100
,"Brain and Other Nervous System","31010-31040","Tennessee","47","1-4 years","1-4",60
,"Brain and Other Nervous System","31010-31040","Tennessee","47","5-9 years","5-9",80
,"Brain and Other Nervous System","31010-31040","Tennessee","47","10-14 years","10-14",76
,"Brain and Other Nervous System","31010-31040","Tennessee","47","15-19 years","15-19",55
,"Brain and Other Nervous System","31010-31040","Tennessee","47","20-24 years","20-24",61
,"Brain and Other Nervous System","31010-31040","Tennessee","47","25-29 years","25-29",103
,"Brain and Other Nervous System","31010-31040","Tennessee","47","30-34 years","30-34",119
,"Brain and Other Nervous System","31010-31040","Tennessee","47","35-39 years","35-39",199
,"Brain and Other Nervous System","31010-31040","Tennessee","47","40-44 years","40-44",302
,"Brain and Other Nervous System","31010-31040","Tennessee","47","45-49 years","45-49",438
,"Brain and Other Nervous System","31010-31040","Tennessee","47","50-54 years","50-54",627
,"Brain and Other Nervous System","31010-31040","Tennessee","47","55-59 years","55-59",828
,"Brain and Other Nervous System","31010-31040","Tennessee","47","60-64 years ","60-64",944
,"Brain and Other Nervous System","31010-31040","Tennessee","47","65-69 years","65-69",1107
,"Brain and Other Nervous System","31010-31040","Tennessee","47","70-74 years","70-74",986
,"Brain and Other Nervous System","31010-31040","Tennessee","47","75-79 years","75-79",828
,"Brain and Other Nervous System","31010-31040","Tennessee","47","80-84 years","80-84",615
,"Brain and Other Nervous System","31010-31040","Tennessee","47","85+ years","85+",517
,"Brain and Other Nervous System","31010-31040","Texas","48","< 1 year","1",26
,"Brain and Other Nervous System","31010-31040","Texas","48","1-4 years","1-4",240
,"Brain and Other Nervous System","31010-31040","Texas","48","5-9 years","5-9",418
,"Brain and Other Nervous System","31010-31040","Texas","48","10-14 years","10-14",285
,"Brain and Other Nervous System","31010-31040","Texas","48","15-19 years","15-19",224
,"Brain and Other Nervous System","31010-31040","Texas","48","20-24 years","20-24",213
,"Brain and Other Nervous System","31010-31040","Texas","48","25-29 years","25-29",275
,"Brain and Other Nervous System","31010-31040","Texas","48","30-34 years","30-34",434
,"Brain and Other Nervous System","31010-31040","Texas","48","35-39 years","35-39",640
,"Brain and Other Nervous System","31010-31040","Texas","48","40-44 years","40-44",873
,"Brain and Other Nervous System","31010-31040","Texas","48","45-49 years","45-49",1266
,"Brain and Other Nervous System","31010-31040","Texas","48","50-54 years","50-54",1858
,"Brain and Other Nervous System","31010-31040","Texas","48","55-59 years","55-59",2424
,"Brain and Other Nervous System","31010-31040","Texas","48","60-64 years ","60-64",2826
,"Brain and Other Nervous System","31010-31040","Texas","48","65-69 years","65-69",2939
,"Brain and Other Nervous System","31010-31040","Texas","48","70-74 years","70-74",2763
,"Brain and Other Nervous System","31010-31040","Texas","48","75-79 years","75-79",2300
,"Brain and Other Nervous System","31010-31040","Texas","48","80-84 years","80-84",1711
,"Brain and Other Nervous System","31010-31040","Texas","48","85+ years","85+",1489
,"Brain and Other Nervous System","31010-31040","Utah","49","1-4 years","1-4",26
,"Brain and Other Nervous System","31010-31040","Utah","49","5-9 years","5-9",50
,"Brain and Other Nervous System","31010-31040","Utah","49","10-14 years","10-14",26
,"Brain and Other Nervous System","31010-31040","Utah","49","15-19 years","15-19",27
,"Brain and Other Nervous System","31010-31040","Utah","49","20-24 years","20-24",28
,"Brain and Other Nervous System","31010-31040","Utah","49","25-29 years","25-29",40
,"Brain and Other Nervous System","31010-31040","Utah","49","30-34 years","30-34",66
,"Brain and Other Nervous System","31010-31040","Utah","49","35-39 years","35-39",93
,"Brain and Other Nervous System","31010-31040","Utah","49","40-44 years","40-44",115
,"Brain and Other Nervous System","31010-31040","Utah","49","45-49 years","45-49",144
,"Brain and Other Nervous System","31010-31040","Utah","49","50-54 years","50-54",207
,"Brain and Other Nervous System","31010-31040","Utah","49","55-59 years","55-59",243
,"Brain and Other Nervous System","31010-31040","Utah","49","60-64 years ","60-64",294
,"Brain and Other Nervous System","31010-31040","Utah","49","65-69 years","65-69",299
,"Brain and Other Nervous System","31010-31040","Utah","49","70-74 years","70-74",274
,"Brain and Other Nervous System","31010-31040","Utah","49","75-79 years","75-79",237
,"Brain and Other Nervous System","31010-31040","Utah","49","80-84 years","80-84",166
,"Brain and Other Nervous System","31010-31040","Utah","49","85+ years","85+",115
,"Brain and Other Nervous System","31010-31040","Vermont","50","30-34 years","30-34",16
,"Brain and Other Nervous System","31010-31040","Vermont","50","35-39 years","35-39",22
,"Brain and Other Nervous System","31010-31040","Vermont","50","40-44 years","40-44",31
,"Brain and Other Nervous System","31010-31040","Vermont","50","45-49 years","45-49",46
,"Brain and Other Nervous System","31010-31040","Vermont","50","50-54 years","50-54",80
,"Brain and Other Nervous System","31010-31040","Vermont","50","55-59 years","55-59",101
,"Brain and Other Nervous System","31010-31040","Vermont","50","60-64 years ","60-64",113
,"Brain and Other Nervous System","31010-31040","Vermont","50","65-69 years","65-69",128
,"Brain and Other Nervous System","31010-31040","Vermont","50","70-74 years","70-74",115
,"Brain and Other Nervous System","31010-31040","Vermont","50","75-79 years","75-79",81
,"Brain and Other Nervous System","31010-31040","Vermont","50","80-84 years","80-84",63
,"Brain and Other Nervous System","31010-31040","Vermont","50","85+ years","85+",41
,"Brain and Other Nervous System","31010-31040","Virginia","51","1-4 years","1-4",43
,"Brain and Other Nervous System","31010-31040","Virginia","51","5-9 years","5-9",89
,"Brain and Other Nervous System","31010-31040","Virginia","51","10-14 years","10-14",95
,"Brain and Other Nervous System","31010-31040","Virginia","51","15-19 years","15-19",51
,"Brain and Other Nervous System","31010-31040","Virginia","51","20-24 years","20-24",63
,"Brain and Other Nervous System","31010-31040","Virginia","51","25-29 years","25-29",80
,"Brain and Other Nervous System","31010-31040","Virginia","51","30-34 years","30-34",117
,"Brain and Other Nervous System","31010-31040","Virginia","51","35-39 years","35-39",194
,"Brain and Other Nervous System","31010-31040","Virginia","51","40-44 years","40-44",285
,"Brain and Other Nervous System","31010-31040","Virginia","51","45-49 years","45-49",440
,"Brain and Other Nervous System","31010-31040","Virginia","51","50-54 years","50-54",637
,"Brain and Other Nervous System","31010-31040","Virginia","51","55-59 years","55-59",871
,"Brain and Other Nervous System","31010-31040","Virginia","51","60-64 years ","60-64",1003
,"Brain and Other Nervous System","31010-31040","Virginia","51","65-69 years","65-69",1044
,"Brain and Other Nervous System","31010-31040","Virginia","51","70-74 years","70-74",955
,"Brain and Other Nervous System","31010-31040","Virginia","51","75-79 years","75-79",836
,"Brain and Other Nervous System","31010-31040","Virginia","51","80-84 years","80-84",614
,"Brain and Other Nervous System","31010-31040","Virginia","51","85+ years","85+",549
,"Brain and Other Nervous System","31010-31040","Washington","53","1-4 years","1-4",42
,"Brain and Other Nervous System","31010-31040","Washington","53","5-9 years","5-9",111
,"Brain and Other Nervous System","31010-31040","Washington","53","10-14 years","10-14",69
,"Brain and Other Nervous System","31010-31040","Washington","53","15-19 years","15-19",69
,"Brain and Other Nervous System","31010-31040","Washington","53","20-24 years","20-24",65
,"Brain and Other Nervous System","31010-31040","Washington","53","25-29 years","25-29",84
,"Brain and Other Nervous System","31010-31040","Washington","53","30-34 years","30-34",139
,"Brain and Other Nervous System","31010-31040","Washington","53","35-39 years","35-39",264
,"Brain and Other Nervous System","31010-31040","Washington","53","40-44 years","40-44",346
,"Brain and Other Nervous System","31010-31040","Washington","53","45-49 years","45-49",439
,"Brain and Other Nervous System","31010-31040","Washington","53","50-54 years","50-54",739
,"Brain and Other Nervous System","31010-31040","Washington","53","55-59 years","55-59",980
,"Brain and Other Nervous System","31010-31040","Washington","53","60-64 years ","60-64",1107
,"Brain and Other Nervous System","31010-31040","Washington","53","65-69 years","65-69",1042
,"Brain and Other Nervous System","31010-31040","Washington","53","70-74 years","70-74",1046
,"Brain and Other Nervous System","31010-31040","Washington","53","75-79 years","75-79",878
,"Brain and Other Nervous System","31010-31040","Washington","53","80-84 years","80-84",647
,"Brain and Other Nervous System","31010-31040","Washington","53","85+ years","85+",585
,"Brain and Other Nervous System","31010-31040","West Virginia","54","5-9 years","5-9",23
,"Brain and Other Nervous System","31010-31040","West Virginia","54","10-14 years","10-14",20
,"Brain and Other Nervous System","31010-31040","West Virginia","54","25-29 years","25-29",22
,"Brain and Other Nervous System","31010-31040","West Virginia","54","30-34 years","30-34",30
,"Brain and Other Nervous System","31010-31040","West Virginia","54","35-39 years","35-39",48
,"Brain and Other Nervous System","31010-31040","West Virginia","54","40-44 years","40-44",79
,"Brain and Other Nervous System","31010-31040","West Virginia","54","45-49 years","45-49",115
,"Brain and Other Nervous System","31010-31040","West Virginia","54","50-54 years","50-54",158
,"Brain and Other Nervous System","31010-31040","West Virginia","54","55-59 years","55-59",273
,"Brain and Other Nervous System","31010-31040","West Virginia","54","60-64 years ","60-64",315
,"Brain and Other Nervous System","31010-31040","West Virginia","54","65-69 years","65-69",345
,"Brain and Other Nervous System","31010-31040","West Virginia","54","70-74 years","70-74",310
,"Brain and Other Nervous System","31010-31040","West Virginia","54","75-79 years","75-79",256
,"Brain and Other Nervous System","31010-31040","West Virginia","54","80-84 years","80-84",184
,"Brain and Other Nervous System","31010-31040","West Virginia","54","85+ years","85+",149
,"Brain and Other Nervous System","31010-31040","Wisconsin","55","1-4 years","1-4",26
,"Brain and Other Nervous System","31010-31040","Wisconsin","55","5-9 years","5-9",62
,"Brain and Other Nervous System","31010-31040","Wisconsin","55","10-14 years","10-14",45
,"Brain and Other Nervous System","31010-31040","Wisconsin","55","15-19 years","15-19",33
,"Brain and Other Nervous System","31010-31040","Wisconsin","55","20-24 years","20-24",52
,"Brain and Other Nervous System","31010-31040","Wisconsin","55","25-29 years","25-29",69
,"Brain and Other Nervous System","31010-31040","Wisconsin","55","30-34 years","30-34",98
,"Brain and Other Nervous System","31010-31040","Wisconsin","55","35-39 years","35-39",207
,"Brain and Other Nervous System","31010-31040","Wisconsin","55","40-44 years","40-44",292
,"Brain and Other Nervous System","31010-31040","Wisconsin","55","45-49 years","45-49",402
,"Brain and Other Nervous System","31010-31040","Wisconsin","55","50-54 years","50-54",595
,"Brain and Other Nervous System","31010-31040","Wisconsin","55","55-59 years","55-59",754
,"Brain and Other Nervous System","31010-31040","Wisconsin","55","60-64 years ","60-64",873
,"Brain and Other Nervous System","31010-31040","Wisconsin","55","65-69 years","65-69",924
,"Brain and Other Nervous System","31010-31040","Wisconsin","55","70-74 years","70-74",887
,"Brain and Other Nervous System","31010-31040","Wisconsin","55","75-79 years","75-79",765
,"Brain and Other Nervous System","31010-31040","Wisconsin","55","80-84 years","80-84",561
,"Brain and Other Nervous System","31010-31040","Wisconsin","55","85+ years","85+",455
,"Brain and Other Nervous System","31010-31040","Wyoming","56","40-44 years","40-44",30
,"Brain and Other Nervous System","31010-31040","Wyoming","56","45-49 years","45-49",43
,"Brain and Other Nervous System","31010-31040","Wyoming","56","50-54 years","50-54",49
,"Brain and Other Nervous System","31010-31040","Wyoming","56","55-59 years","55-59",76
,"Brain and Other Nervous System","31010-31040","Wyoming","56","60-64 years ","60-64",92
,"Brain and Other Nervous System","31010-31040","Wyoming","56","65-69 years","65-69",94
,"Brain and Other Nervous System","31010-31040","Wyoming","56","70-74 years","70-74",78
,"Brain and Other Nervous System","31010-31040","Wyoming","56","75-79 years","75-79",70
,"Brain and Other Nervous System","31010-31040","Wyoming","56","80-84 years","80-84",45
,"Brain and Other Nervous System","31010-31040","Wyoming","56","85+ years","85+",36
,"Breast","26000","Alabama","01","25-29 years","25-29",35
,"Breast","26000","Alabama","01","30-34 years","30-34",144
,"Breast","26000","Alabama","01","35-39 years","35-39",310
,"Breast","26000","Alabama","01","40-44 years","40-44",571
,"Breast","26000","Alabama","01","45-49 years","45-49",944
,"Breast","26000","Alabama","01","50-54 years","50-54",1354
,"Breast","26000","Alabama","01","55-59 years","55-59",1641
,"Breast","26000","Alabama","01","60-64 years ","60-64",1740
,"Breast","26000","Alabama","01","65-69 years","65-69",1815
,"Breast","26000","Alabama","01","70-74 years","70-74",1879
,"Breast","26000","Alabama","01","75-79 years","75-79",1745
,"Breast","26000","Alabama","01","80-84 years","80-84",1573
,"Breast","26000","Alabama","01","85+ years","85+",2206
,"Breast","26000","Alaska","02","35-39 years","35-39",33
,"Breast","26000","Alaska","02","40-44 years","40-44",48
,"Breast","26000","Alaska","02","45-49 years","45-49",95
,"Breast","26000","Alaska","02","50-54 years","50-54",149
,"Breast","26000","Alaska","02","55-59 years","55-59",179
,"Breast","26000","Alaska","02","60-64 years ","60-64",183
,"Breast","26000","Alaska","02","65-69 years","65-69",181
,"Breast","26000","Alaska","02","70-74 years","70-74",157
,"Breast","26000","Alaska","02","75-79 years","75-79",114
,"Breast","26000","Alaska","02","80-84 years","80-84",93
,"Breast","26000","Alaska","02","85+ years","85+",120
,"Breast","26000","Arizona","04","25-29 years","25-29",26
,"Breast","26000","Arizona","04","30-34 years","30-34",127
,"Breast","26000","Arizona","04","35-39 years","35-39",334
,"Breast","26000","Arizona","04","40-44 years","40-44",580
,"Breast","26000","Arizona","04","45-49 years","45-49",914
,"Breast","26000","Arizona","04","50-54 years","50-54",1320
,"Breast","26000","Arizona","04","55-59 years","55-59",1794
,"Breast","26000","Arizona","04","60-64 years ","60-64",1991
,"Breast","26000","Arizona","04","65-69 years","65-69",2153
,"Breast","26000","Arizona","04","70-74 years","70-74",2158
,"Breast","26000","Arizona","04","75-79 years","75-79",2067
,"Breast","26000","Arizona","04","80-84 years","80-84",1790
,"Breast","26000","Arizona","04","85+ years","85+",2559
,"Breast","26000","Arkansas","05","25-29 years","25-29",22
,"Breast","26000","Arkansas","05","30-34 years","30-34",56
,"Breast","26000","Arkansas","05","35-39 years","35-39",156
,"Breast","26000","Arkansas","05","40-44 years","40-44",321
,"Breast","26000","Arkansas","05","45-49 years","45-49",521
,"Breast","26000","Arkansas","05","50-54 years","50-54",759
,"Breast","26000","Arkansas","05","55-59 years","55-59",947
,"Breast","26000","Arkansas","05","60-64 years ","60-64",1061
,"Breast","26000","Arkansas","05","65-69 years","65-69",1031
,"Breast","26000","Arkansas","05","70-74 years","70-74",1096
,"Breast","26000","Arkansas","05","75-79 years","75-79",1022
,"Breast","26000","Arkansas","05","80-84 years","80-84",1014
,"Breast","26000","Arkansas","05","85+ years","85+",1429
,"Breast","26000","California","06","20-24 years","20-24",28
,"Breast","26000","California","06","25-29 years","25-29",218
,"Breast","26000","California","06","30-34 years","30-34",825
,"Breast","26000","California","06","35-39 years","35-39",2035
,"Breast","26000","California","06","40-44 years","40-44",3827
,"Breast","26000","California","06","45-49 years","45-49",6122
,"Breast","26000","California","06","50-54 years","50-54",8646
,"Breast","26000","California","06","55-59 years","55-59",10341
,"Breast","26000","California","06","60-64 years ","60-64",11033
,"Breast","26000","California","06","65-69 years","65-69",10910
,"Breast","26000","California","06","70-74 years","70-74",10529
,"Breast","26000","California","06","75-79 years","75-79",10448
,"Breast","26000","California","06","80-84 years","80-84",9989
,"Breast","26000","California","06","85+ years","85+",15321
,"Breast","26000","Colorado","08","25-29 years","25-29",24
,"Breast","26000","Colorado","08","30-34 years","30-34",102
,"Breast","26000","Colorado","08","35-39 years","35-39",219
,"Breast","26000","Colorado","08","40-44 years","40-44",448
,"Breast","26000","Colorado","08","45-49 years","45-49",689
,"Breast","26000","Colorado","08","50-54 years","50-54",1057
,"Breast","26000","Colorado","08","55-59 years","55-59",1263
,"Breast","26000","Colorado","08","60-64 years ","60-64",1415
,"Breast","26000","Colorado","08","65-69 years","65-69",1440
,"Breast","26000","Colorado","08","70-74 years","70-74",1353
,"Breast","26000","Colorado","08","75-79 years","75-79",1337
,"Breast","26000","Colorado","08","80-84 years","80-84",1245
,"Breast","26000","Colorado","08","85+ years","85+",2019
,"Breast","26000","Connecticut","09","30-34 years","30-34",59
,"Breast","26000","Connecticut","09","35-39 years","35-39",192
,"Breast","26000","Connecticut","09","40-44 years","40-44",369
,"Breast","26000","Connecticut","09","45-49 years","45-49",605
,"Breast","26000","Connecticut","09","50-54 years","50-54",872
,"Breast","26000","Connecticut","09","55-59 years","55-59",1068
,"Breast","26000","Connecticut","09","60-64 years ","60-64",1094
,"Breast","26000","Connecticut","09","65-69 years","65-69",1128
,"Breast","26000","Connecticut","09","70-74 years","70-74",1168
,"Breast","26000","Connecticut","09","75-79 years","75-79",1287
,"Breast","26000","Connecticut","09","80-84 years","80-84",1314
,"Breast","26000","Connecticut","09","85+ years","85+",2330
,"Breast","26000","Delaware","10","30-34 years","30-34",21
,"Breast","26000","Delaware","10","35-39 years","35-39",49
,"Breast","26000","Delaware","10","40-44 years","40-44",117
,"Breast","26000","Delaware","10","45-49 years","45-49",164
,"Breast","26000","Delaware","10","50-54 years","50-54",257
,"Breast","26000","Delaware","10","55-59 years","55-59",296
,"Breast","26000","Delaware","10","60-64 years ","60-64",336
,"Breast","26000","Delaware","10","65-69 years","65-69",353
,"Breast","26000","Delaware","10","70-74 years","70-74",320
,"Breast","26000","Delaware","10","75-79 years","75-79",353
,"Breast","26000","Delaware","10","80-84 years","80-84",355
,"Breast","26000","Delaware","10","85+ years","85+",445
,"Breast","26000","District of Columbia","11","30-34 years","30-34",22
,"Breast","26000","District of Columbia","11","35-39 years","35-39",38
,"Breast","26000","District of Columbia","11","40-44 years","40-44",95
,"Breast","26000","District of Columbia","11","45-49 years","45-49",136
,"Breast","26000","District of Columbia","11","50-54 years","50-54",182
,"Breast","26000","District of Columbia","11","55-59 years","55-59",266
,"Breast","26000","District of Columbia","11","60-64 years ","60-64",253
,"Breast","26000","District of Columbia","11","65-69 years","65-69",218
,"Breast","26000","District of Columbia","11","70-74 years","70-74",232
,"Breast","26000","District of Columbia","11","75-79 years","75-79",252
,"Breast","26000","District of Columbia","11","80-84 years","80-84",221
,"Breast","26000","District of Columbia","11","85+ years","85+",369
,"Breast","26000","Florida","12","25-29 years","25-29",125
,"Breast","26000","Florida","12","30-34 years","30-34",438
,"Breast","26000","Florida","12","35-39 years","35-39",1117
,"Breast","26000","Florida","12","40-44 years","40-44",2060
,"Breast","26000","Florida","12","45-49 years","45-49",3293
,"Breast","26000","Florida","12","50-54 years","50-54",4927
,"Breast","26000","Florida","12","55-59 years","55-59",6124
,"Breast","26000","Florida","12","60-64 years ","60-64",6925
,"Breast","26000","Florida","12","65-69 years","65-69",7362
,"Breast","26000","Florida","12","70-74 years","70-74",7488
,"Breast","26000","Florida","12","75-79 years","75-79",7598
,"Breast","26000","Florida","12","80-84 years","80-84",7112
,"Breast","26000","Florida","12","85+ years","85+",10642
,"Breast","26000","Georgia","13","25-29 years","25-29",74
,"Breast","26000","Georgia","13","30-34 years","30-34",277
,"Breast","26000","Georgia","13","35-39 years","35-39",670
,"Breast","26000","Georgia","13","40-44 years","40-44",1223
,"Breast","26000","Georgia","13","45-49 years","45-49",1819
,"Breast","26000","Georgia","13","50-54 years","50-54",2604
,"Breast","26000","Georgia","13","55-59 years","55-59",3133
,"Breast","26000","Georgia","13","60-64 years ","60-64",3208
,"Breast","26000","Georgia","13","65-69 years","65-69",3089
,"Breast","26000","Georgia","13","70-74 years","70-74",2939
,"Breast","26000","Georgia","13","75-79 years","75-79",2603
,"Breast","26000","Georgia","13","80-84 years","80-84",2464
,"Breast","26000","Georgia","13","85+ years","85+",3431
,"Breast","26000","Hawaii","15","30-34 years","30-34",25
,"Breast","26000","Hawaii","15","35-39 years","35-39",56
,"Breast","26000","Hawaii","15","40-44 years","40-44",122
,"Breast","26000","Hawaii","15","45-49 years","45-49",200
,"Breast","26000","Hawaii","15","50-54 years","50-54",299
,"Breast","26000","Hawaii","15","55-59 years","55-59",363
,"Breast","26000","Hawaii","15","60-64 years ","60-64",405
,"Breast","26000","Hawaii","15","65-69 years","65-69",372
,"Breast","26000","Hawaii","15","70-74 years","70-74",353
,"Breast","26000","Hawaii","15","75-79 years","75-79",338
,"Breast","26000","Hawaii","15","80-84 years","80-84",282
,"Breast","26000","Hawaii","15","85+ years","85+",458
,"Breast","26000","Idaho","16","30-34 years","30-34",31
,"Breast","26000","Idaho","16","35-39 years","35-39",65
,"Breast","26000","Idaho","16","40-44 years","40-44",133
,"Breast","26000","Idaho","16","45-49 years","45-49",189
,"Breast","26000","Idaho","16","50-54 years","50-54",334
,"Breast","26000","Idaho","16","55-59 years","55-59",389
,"Breast","26000","Idaho","16","60-64 years ","60-64",482
,"Breast","26000","Idaho","16","65-69 years","65-69",488
,"Breast","26000","Idaho","16","70-74 years","70-74",501
,"Breast","26000","Idaho","16","75-79 years","75-79",517
,"Breast","26000","Idaho","16","80-84 years","80-84",454
,"Breast","26000","Idaho","16","85+ years","85+",704
,"Breast","26000","Illinois","17","25-29 years","25-29",95
,"Breast","26000","Illinois","17","30-34 years","30-34",307
,"Breast","26000","Illinois","17","35-39 years","35-39",757
,"Breast","26000","Illinois","17","40-44 years","40-44",1384
,"Breast","26000","Illinois","17","45-49 years","45-49",2304
,"Breast","26000","Illinois","17","50-54 years","50-54",3371
,"Breast","26000","Illinois","17","55-59 years","55-59",4167
,"Breast","26000","Illinois","17","60-64 years ","60-64",4407
,"Breast","26000","Illinois","17","65-69 years","65-69",4441
,"Breast","26000","Illinois","17","70-74 years","70-74",4445
,"Breast","26000","Illinois","17","75-79 years","75-79",4565
,"Breast","26000","Illinois","17","80-84 years","80-84",4425
,"Breast","26000","Illinois","17","85+ years","85+",7172
,"Breast","26000","Indiana","18","25-29 years","25-29",41
,"Breast","26000","Indiana","18","30-34 years","30-34",149
,"Breast","26000","Indiana","18","35-39 years","35-39",372
,"Breast","26000","Indiana","18","40-44 years","40-44",677
,"Breast","26000","Indiana","18","45-49 years","45-49",1079
,"Breast","26000","Indiana","18","50-54 years","50-54",1613
,"Breast","26000","Indiana","18","55-59 years","55-59",1960
,"Breast","26000","Indiana","18","60-64 years ","60-64",2172
,"Breast","26000","Indiana","18","65-69 years","65-69",2305
,"Breast","26000","Indiana","18","70-74 years","70-74",2277
,"Breast","26000","Indiana","18","75-79 years","75-79",2431
,"Breast","26000","Indiana","18","80-84 years","80-84",2217
,"Breast","26000","Indiana","18","85+ years","85+",3523
,"Breast","26000","Iowa","19","30-34 years","30-34",53
,"Breast","26000","Iowa","19","35-39 years","35-39",140
,"Breast","26000","Iowa","19","40-44 years","40-44",256
,"Breast","26000","Iowa","19","45-49 years","45-49",447
,"Breast","26000","Iowa","19","50-54 years","50-54",676
,"Breast","26000","Iowa","19","55-59 years","55-59",818
,"Breast","26000","Iowa","19","60-64 years ","60-64",976
,"Breast","26000","Iowa","19","65-69 years","65-69",992
,"Breast","26000","Iowa","19","70-74 years","70-74",1081
,"Breast","26000","Iowa","19","75-79 years","75-79",1135
,"Breast","26000","Iowa","19","80-84 years","80-84",1086
,"Breast","26000","Iowa","19","85+ years","85+",2123
,"Breast","26000","Kansas","20","30-34 years","30-34",47
,"Breast","26000","Kansas","20","35-39 years","35-39",132
,"Breast","26000","Kansas","20","40-44 years","40-44",269
,"Breast","26000","Kansas","20","45-49 years","45-49",438
,"Breast","26000","Kansas","20","50-54 years","50-54",651
,"Breast","26000","Kansas","20","55-59 years","55-59",829
,"Breast","26000","Kansas","20","60-64 years ","60-64",924
,"Breast","26000","Kansas","20","65-69 years","65-69",912
,"Breast","26000","Kansas","20","70-74 years","70-74",932
,"Breast","26000","Kansas","20","75-79 years","75-79",972
,"Breast","26000","Kansas","20","80-84 years","80-84",1002
,"Breast","26000","Kansas","20","85+ years","85+",1713
,"Breast","26000","Kentucky","21","25-29 years","25-29",35
,"Breast","26000","Kentucky","21","30-34 years","30-34",113
,"Breast","26000","Kentucky","21","35-39 years","35-39",242
,"Breast","26000","Kentucky","21","40-44 years","40-44",485
,"Breast","26000","Kentucky","21","45-49 years","45-49",771
,"Breast","26000","Kentucky","21","50-54 years","50-54",1098
,"Breast","26000","Kentucky","21","55-59 years","55-59",1441
,"Breast","26000","Kentucky","21","60-64 years ","60-64",1625
,"Breast","26000","Kentucky","21","65-69 years","65-69",1703
,"Breast","26000","Kentucky","21","70-74 years","70-74",1651
,"Breast","26000","Kentucky","21","75-79 years","75-79",1670
,"Breast","26000","Kentucky","21","80-84 years","80-84",1410
,"Breast","26000","Kentucky","21","85+ years","85+",1931
,"Breast","26000","Louisiana","22","25-29 years","25-29",37
,"Breast","26000","Louisiana","22","30-34 years","30-34",133
,"Breast","26000","Louisiana","22","35-39 years","35-39",316
,"Breast","26000","Louisiana","22","40-44 years","40-44",593
,"Breast","26000","Louisiana","22","45-49 years","45-49",948
,"Breast","26000","Louisiana","22","50-54 years","50-54",1296
,"Breast","26000","Louisiana","22","55-59 years","55-59",1675
,"Breast","26000","Louisiana","22","60-64 years ","60-64",1814
,"Breast","26000","Louisiana","22","65-69 years","65-69",1813
,"Breast","26000","Louisiana","22","70-74 years","70-74",1766
,"Breast","26000","Louisiana","22","75-79 years","75-79",1622
,"Breast","26000","Louisiana","22","80-84 years","80-84",1538
,"Breast","26000","Louisiana","22","85+ years","85+",2108
,"Breast","26000","Maine","23","30-34 years","30-34",23
,"Breast","26000","Maine","23","35-39 years","35-39",66
,"Breast","26000","Maine","23","40-44 years","40-44",110
,"Breast","26000","Maine","23","45-49 years","45-49",214
,"Breast","26000","Maine","23","50-54 years","50-54",362
,"Breast","26000","Maine","23","55-59 years","55-59",422
,"Breast","26000","Maine","23","60-64 years ","60-64",472
,"Breast","26000","Maine","23","65-69 years","65-69",459
,"Breast","26000","Maine","23","70-74 years","70-74",491
,"Breast","26000","Maine","23","75-79 years","75-79",498
,"Breast","26000","Maine","23","80-84 years","80-84",527
,"Breast","26000","Maine","23","85+ years","85+",799
,"Breast","26000","Maryland","24","25-29 years","25-29",41
,"Breast","26000","Maryland","24","30-34 years","30-34",134
,"Breast","26000","Maryland","24","35-39 years","35-39",451
,"Breast","26000","Maryland","24","40-44 years","40-44",782
,"Breast","26000","Maryland","24","45-49 years","45-49",1190
,"Breast","26000","Maryland","24","50-54 years","50-54",1812
,"Breast","26000","Maryland","24","55-59 years","55-59",1997
,"Breast","26000","Maryland","24","60-64 years ","60-64",2105
,"Breast","26000","Maryland","24","65-69 years","65-69",2013
,"Breast","26000","Maryland","24","70-74 years","70-74",1997
,"Breast","26000","Maryland","24","75-79 years","75-79",1977
,"Breast","26000","Maryland","24","80-84 years","80-84",1849
,"Breast","26000","Maryland","24","85+ years","85+",2854
,"Breast","26000","Massachusetts","25","25-29 years","25-29",24
,"Breast","26000","Massachusetts","25","30-34 years","30-34",132
,"Breast","26000","Massachusetts","25","35-39 years","35-39",312
,"Breast","26000","Massachusetts","25","40-44 years","40-44",705
,"Breast","26000","Massachusetts","25","45-49 years","45-49",1046
,"Breast","26000","Massachusetts","25","50-54 years","50-54",1550
,"Breast","26000","Massachusetts","25","55-59 years","55-59",1892
,"Breast","26000","Massachusetts","25","60-64 years ","60-64",1963
,"Breast","26000","Massachusetts","25","65-69 years","65-69",2087
,"Breast","26000","Massachusetts","25","70-74 years","70-74",2180
,"Breast","26000","Massachusetts","25","75-79 years","75-79",2240
,"Breast","26000","Massachusetts","25","80-84 years","80-84",2399
,"Breast","26000","Massachusetts","25","85+ years","85+",4200
,"Breast","26000","Michigan","26","25-29 years","25-29",70
,"Breast","26000","Michigan","26","30-34 years","30-34",267
,"Breast","26000","Michigan","26","35-39 years","35-39",614
,"Breast","26000","Michigan","26","40-44 years","40-44",1106
,"Breast","26000","Michigan","26","45-49 years","45-49",1742
,"Breast","26000","Michigan","26","50-54 years","50-54",2733
,"Breast","26000","Michigan","26","55-59 years","55-59",3275
,"Breast","26000","Michigan","26","60-64 years ","60-64",3526
,"Breast","26000","Michigan","26","65-69 years","65-69",3725
,"Breast","26000","Michigan","26","70-74 years","70-74",3711
,"Breast","26000","Michigan","26","75-79 years","75-79",3745
,"Breast","26000","Michigan","26","80-84 years","80-84",3580
,"Breast","26000","Michigan","26","85+ years","85+",5407
,"Breast","26000","Minnesota","27","25-29 years","25-29",29
,"Breast","26000","Minnesota","27","30-34 years","30-34",104
,"Breast","26000","Minnesota","27","35-39 years","35-39",242
,"Breast","26000","Minnesota","27","40-44 years","40-44",445
,"Breast","26000","Minnesota","27","45-49 years","45-49",764
,"Breast","26000","Minnesota","27","50-54 years","50-54",1097
,"Breast","26000","Minnesota","27","55-59 years","55-59",1437
,"Breast","26000","Minnesota","27","60-64 years ","60-64",1523
,"Breast","26000","Minnesota","27","65-69 years","65-69",1565
,"Breast","26000","Minnesota","27","70-74 years","70-74",1567
,"Breast","26000","Minnesota","27","75-79 years","75-79",1629
,"Breast","26000","Minnesota","27","80-84 years","80-84",1678
,"Breast","26000","Minnesota","27","85+ years","85+",3011
,"Breast","26000","Mississippi","28","25-29 years","25-29",21
,"Breast","26000","Mississippi","28","30-34 years","30-34",81
,"Breast","26000","Mississippi","28","35-39 years","35-39",188
,"Breast","26000","Mississippi","28","40-44 years","40-44",428
,"Breast","26000","Mississippi","28","45-49 years","45-49",650
,"Breast","26000","Mississippi","28","50-54 years","50-54",977
,"Breast","26000","Mississippi","28","55-59 years","55-59",1078
,"Breast","26000","Mississippi","28","60-64 years ","60-64",1167
,"Breast","26000","Mississippi","28","65-69 years","65-69",1153
,"Breast","26000","Mississippi","28","70-74 years","70-74",1101
,"Breast","26000","Mississippi","28","75-79 years","75-79",1052
,"Breast","26000","Mississippi","28","80-84 years","80-84",960
,"Breast","26000","Mississippi","28","85+ years","85+",1286
,"Breast","26000","Missouri","29","25-29 years","25-29",41
,"Breast","26000","Missouri","29","30-34 years","30-34",125
,"Breast","26000","Missouri","29","35-39 years","35-39",301
,"Breast","26000","Missouri","29","40-44 years","40-44",696
,"Breast","26000","Missouri","29","45-49 years","45-49",1037
,"Breast","26000","Missouri","29","50-54 years","50-54",1547
,"Breast","26000","Missouri","29","55-59 years","55-59",1994
,"Breast","26000","Missouri","29","60-64 years ","60-64",2164
,"Breast","26000","Missouri","29","65-69 years","65-69",2262
,"Breast","26000","Missouri","29","70-74 years","70-74",2291
,"Breast","26000","Missouri","29","75-79 years","75-79",2328
,"Breast","26000","Missouri","29","80-84 years","80-84",2228
,"Breast","26000","Missouri","29","85+ years","85+",3413
,"Breast","26000","Montana","30","35-39 years","35-39",42
,"Breast","26000","Montana","30","40-44 years","40-44",67
,"Breast","26000","Montana","30","45-49 years","45-49",145
,"Breast","26000","Montana","30","50-54 years","50-54",202
,"Breast","26000","Montana","30","55-59 years","55-59",293
,"Breast","26000","Montana","30","60-64 years ","60-64",324
,"Breast","26000","Montana","30","65-69 years","65-69",359
,"Breast","26000","Montana","30","70-74 years","70-74",404
,"Breast","26000","Montana","30","75-79 years","75-79",332
,"Breast","26000","Montana","30","80-84 years","80-84",312
,"Breast","26000","Montana","30","85+ years","85+",576
,"Breast","26000","Nebraska","31","30-34 years","30-34",31
,"Breast","26000","Nebraska","31","35-39 years","35-39",86
,"Breast","26000","Nebraska","31","40-44 years","40-44",166
,"Breast","26000","Nebraska","31","45-49 years","45-49",269
,"Breast","26000","Nebraska","31","50-54 years","50-54",382
,"Breast","26000","Nebraska","31","55-59 years","55-59",481
,"Breast","26000","Nebraska","31","60-64 years ","60-64",527
,"Breast","26000","Nebraska","31","65-69 years","65-69",585
,"Breast","26000","Nebraska","31","70-74 years","70-74",595
,"Breast","26000","Nebraska","31","75-79 years","75-79",626
,"Breast","26000","Nebraska","31","80-84 years","80-84",629
,"Breast","26000","Nebraska","31","85+ years","85+",1221
,"Breast","26000","Nevada","32","25-29 years","25-29",18
,"Breast","26000","Nevada","32","30-34 years","30-34",40
,"Breast","26000","Nevada","32","35-39 years","35-39",149
,"Breast","26000","Nevada","32","40-44 years","40-44",248
,"Breast","26000","Nevada","32","45-49 years","45-49",425
,"Breast","26000","Nevada","32","50-54 years","50-54",627
,"Breast","26000","Nevada","32","55-59 years","55-59",752
,"Breast","26000","Nevada","32","60-64 years ","60-64",951
,"Breast","26000","Nevada","32","65-69 years","65-69",910
,"Breast","26000","Nevada","32","70-74 years","70-74",923
,"Breast","26000","Nevada","32","75-79 years","75-79",853
,"Breast","26000","Nevada","32","80-84 years","80-84",743
,"Breast","26000","Nevada","32","85+ years","85+",967
,"Breast","26000","New Hampshire","33","30-34 years","30-34",21
,"Breast","26000","New Hampshire","33","35-39 years","35-39",49
,"Breast","26000","New Hampshire","33","40-44 years","40-44",121
,"Breast","26000","New Hampshire","33","45-49 years","45-49",231
,"Breast","26000","New Hampshire","33","50-54 years","50-54",320
,"Breast","26000","New Hampshire","33","55-59 years","55-59",436
,"Breast","26000","New Hampshire","33","60-64 years ","60-64",426
,"Breast","26000","New Hampshire","33","65-69 years","65-69",442
,"Breast","26000","New Hampshire","33","70-74 years","70-74",472
,"Breast","26000","New Hampshire","33","75-79 years","75-79",460
,"Breast","26000","New Hampshire","33","80-84 years","80-84",427
,"Breast","26000","New Hampshire","33","85+ years","85+",714
,"Breast","26000","New Jersey","34","25-29 years","25-29",39
,"Breast","26000","New Jersey","34","30-34 years","30-34",188
,"Breast","26000","New Jersey","34","35-39 years","35-39",517
,"Breast","26000","New Jersey","34","40-44 years","40-44",1022
,"Breast","26000","New Jersey","34","45-49 years","45-49",1605
,"Breast","26000","New Jersey","34","50-54 years","50-54",2493
,"Breast","26000","New Jersey","34","55-59 years","55-59",2995
,"Breast","26000","New Jersey","34","60-64 years ","60-64",3219
,"Breast","26000","New Jersey","34","65-69 years","65-69",3255
,"Breast","26000","New Jersey","34","70-74 years","70-74",3507
,"Breast","26000","New Jersey","34","75-79 years","75-79",3636
,"Breast","26000","New Jersey","34","80-84 years","80-84",3581
,"Breast","26000","New Jersey","34","85+ years","85+",5670
,"Breast","26000","New Mexico","35","30-34 years","30-34",31
,"Breast","26000","New Mexico","35","35-39 years","35-39",117
,"Breast","26000","New Mexico","35","40-44 years","40-44",195
,"Breast","26000","New Mexico","35","45-49 years","45-49",339
,"Breast","26000","New Mexico","35","50-54 years","50-54",406
,"Breast","26000","New Mexico","35","55-59 years","55-59",566
,"Breast","26000","New Mexico","35","60-64 years ","60-64",680
,"Breast","26000","New Mexico","35","65-69 years","65-69",646
,"Breast","26000","New Mexico","35","70-74 years","70-74",637
,"Breast","26000","New Mexico","35","75-79 years","75-79",634
,"Breast","26000","New Mexico","35","80-84 years","80-84",587
,"Breast","26000","New Mexico","35","85+ years","85+",893
,"Breast","26000","New York","36","25-29 years","25-29",81
,"Breast","26000","New York","36","30-34 years","30-34",464
,"Breast","26000","New York","36","35-39 years","35-39",1091
,"Breast","26000","New York","36","40-44 years","40-44",2083
,"Breast","26000","New York","36","45-49 years","45-49",3438
,"Breast","26000","New York","36","50-54 years","50-54",4874
,"Breast","26000","New York","36","55-59 years","55-59",6096
,"Breast","26000","New York","36","60-64 years ","60-64",6510
,"Breast","26000","New York","36","65-69 years","65-69",6550
,"Breast","26000","New York","36","70-74 years","70-74",6810
,"Breast","26000","New York","36","75-79 years","75-79",7023
,"Breast","26000","New York","36","80-84 years","80-84",7009
,"Breast","26000","New York","36","85+ years","85+",11169
,"Breast","26000","North Carolina","37","25-29 years","25-29",56
,"Breast","26000","North Carolina","37","30-34 years","30-34",258
,"Breast","26000","North Carolina","37","35-39 years","35-39",582
,"Breast","26000","North Carolina","37","40-44 years","40-44",1156
,"Breast","26000","North Carolina","37","45-49 years","45-49",1805
,"Breast","26000","North Carolina","37","50-54 years","50-54",2504
,"Breast","26000","North Carolina","37","55-59 years","55-59",3097
,"Breast","26000","North Carolina","37","60-64 years ","60-64",3370
,"Breast","26000","North Carolina","37","65-69 years","65-69",3455
,"Breast","26000","North Carolina","37","70-74 years","70-74",3385
,"Breast","26000","North Carolina","37","75-79 years","75-79",3221
,"Breast","26000","North Carolina","37","80-84 years","80-84",2851
,"Breast","26000","North Carolina","37","85+ years","85+",4061
,"Breast","26000","North Dakota","38","35-39 years","35-39",27
,"Breast","26000","North Dakota","38","40-44 years","40-44",47
,"Breast","26000","North Dakota","38","45-49 years","45-49",99
,"Breast","26000","North Dakota","38","50-54 years","50-54",131
,"Breast","26000","North Dakota","38","55-59 years","55-59",172
,"Breast","26000","North Dakota","38","60-64 years ","60-64",206
,"Breast","26000","North Dakota","38","65-69 years","65-69",210
,"Breast","26000","North Dakota","38","70-74 years","70-74",226
,"Breast","26000","North Dakota","38","75-79 years","75-79",219
,"Breast","26000","North Dakota","38","80-84 years","80-84",241
,"Breast","26000","North Dakota","38","85+ years","85+",474
,"Breast","26000","Ohio","39","25-29 years","25-29",63
,"Breast","26000","Ohio","39","30-34 years","30-34",254
,"Breast","26000","Ohio","39","35-39 years","35-39",666
,"Breast","26000","Ohio","39","40-44 years","40-44",1347
,"Breast","26000","Ohio","39","45-49 years","45-49",2213
,"Breast","26000","Ohio","39","50-54 years","50-54",3197
,"Breast","26000","Ohio","39","55-59 years","55-59",3839
,"Breast","26000","Ohio","39","60-64 years ","60-64",4434
,"Breast","26000","Ohio","39","65-69 years","65-69",4594
,"Breast","26000","Ohio","39","70-74 years","70-74",4757
,"Breast","26000","Ohio","39","75-79 years","75-79",4862
,"Breast","26000","Ohio","39","80-84 years","80-84",4739
,"Breast","26000","Ohio","39","85+ years","85+",7068
,"Breast","26000","Oklahoma","40","25-29 years","25-29",28
,"Breast","26000","Oklahoma","40","30-34 years","30-34",77
,"Breast","26000","Oklahoma","40","35-39 years","35-39",210
,"Breast","26000","Oklahoma","40","40-44 years","40-44",399
,"Breast","26000","Oklahoma","40","45-49 years","45-49",630
,"Breast","26000","Oklahoma","40","50-54 years","50-54",922
,"Breast","26000","Oklahoma","40","55-59 years","55-59",1250
,"Breast","26000","Oklahoma","40","60-64 years ","60-64",1413
,"Breast","26000","Oklahoma","40","65-69 years","65-69",1433
,"Breast","26000","Oklahoma","40","70-74 years","70-74",1506
,"Breast","26000","Oklahoma","40","75-79 years","75-79",1430
,"Breast","26000","Oklahoma","40","80-84 years","80-84",1244
,"Breast","26000","Oklahoma","40","85+ years","85+",1864
,"Breast","26000","Oregon","41","25-29 years","25-29",18
,"Breast","26000","Oregon","41","30-34 years","30-34",71
,"Breast","26000","Oregon","41","35-39 years","35-39",188
,"Breast","26000","Oregon","41","40-44 years","40-44",346
,"Breast","26000","Oregon","41","45-49 years","45-49",541
,"Breast","26000","Oregon","41","50-54 years","50-54",874
,"Breast","26000","Oregon","41","55-59 years","55-59",1148
,"Breast","26000","Oregon","41","60-64 years ","60-64",1426
,"Breast","26000","Oregon","41","65-69 years","65-69",1440
,"Breast","26000","Oregon","41","70-74 years","70-74",1440
,"Breast","26000","Oregon","41","75-79 years","75-79",1331
,"Breast","26000","Oregon","41","80-84 years","80-84",1279
,"Breast","26000","Oregon","41","85+ years","85+",2034
,"Breast","26000","Pennsylvania","42","25-29 years","25-29",46
,"Breast","26000","Pennsylvania","42","30-34 years","30-34",296
,"Breast","26000","Pennsylvania","42","35-39 years","35-39",722
,"Breast","26000","Pennsylvania","42","40-44 years","40-44",1360
,"Breast","26000","Pennsylvania","42","45-49 years","45-49",2252
,"Breast","26000","Pennsylvania","42","50-54 years","50-54",3391
,"Breast","26000","Pennsylvania","42","55-59 years","55-59",4166
,"Breast","26000","Pennsylvania","42","60-64 years ","60-64",4716
,"Breast","26000","Pennsylvania","42","65-69 years","65-69",4981
,"Breast","26000","Pennsylvania","42","70-74 years","70-74",5457
,"Breast","26000","Pennsylvania","42","75-79 years","75-79",5815
,"Breast","26000","Pennsylvania","42","80-84 years","80-84",5907
,"Breast","26000","Pennsylvania","42","85+ years","85+",9576
,"Breast","26000","Rhode Island","44","30-34 years","30-34",29
,"Breast","26000","Rhode Island","44","35-39 years","35-39",46
,"Breast","26000","Rhode Island","44","40-44 years","40-44",113
,"Breast","26000","Rhode Island","44","45-49 years","45-49",163
,"Breast","26000","Rhode Island","44","50-54 years","50-54",223
,"Breast","26000","Rhode Island","44","55-59 years","55-59",302
,"Breast","26000","Rhode Island","44","60-64 years ","60-64",341
,"Breast","26000","Rhode Island","44","65-69 years","65-69",346
,"Breast","26000","Rhode Island","44","70-74 years","70-74",352
,"Breast","26000","Rhode Island","44","75-79 years","75-79",425
,"Breast","26000","Rhode Island","44","80-84 years","80-84",426
,"Breast","26000","Rhode Island","44","85+ years","85+",695
,"Breast","26000","South Carolina","45","25-29 years","25-29",32
,"Breast","26000","South Carolina","45","30-34 years","30-34",121
,"Breast","26000","South Carolina","45","35-39 years","35-39",328
,"Breast","26000","South Carolina","45","40-44 years","40-44",573
,"Breast","26000","South Carolina","45","45-49 years","45-49",913
,"Breast","26000","South Carolina","45","50-54 years","50-54",1311
,"Breast","26000","South Carolina","45","55-59 years","55-59",1684
,"Breast","26000","South Carolina","45","60-64 years ","60-64",1782
,"Breast","26000","South Carolina","45","65-69 years","65-69",1871
,"Breast","26000","South Carolina","45","70-74 years","70-74",1797
,"Breast","26000","South Carolina","45","75-79 years","75-79",1663
,"Breast","26000","South Carolina","45","80-84 years","80-84",1436
,"Breast","26000","South Carolina","45","85+ years","85+",1949
,"Breast","26000","South Dakota","46","35-39 years","35-39",39
,"Breast","26000","South Dakota","46","40-44 years","40-44",59
,"Breast","26000","South Dakota","46","45-49 years","45-49",121
,"Breast","26000","South Dakota","46","50-54 years","50-54",175
,"Breast","26000","South Dakota","46","55-59 years","55-59",199
,"Breast","26000","South Dakota","46","60-64 years ","60-64",259
,"Breast","26000","South Dakota","46","65-69 years","65-69",248
,"Breast","26000","South Dakota","46","70-74 years","70-74",280
,"Breast","26000","South Dakota","46","75-79 years","75-79",278
,"Breast","26000","South Dakota","46","80-84 years","80-84",279
,"Breast","26000","South Dakota","46","85+ years","85+",574
,"Breast","26000","Tennessee","47","25-29 years","25-29",38
,"Breast","26000","Tennessee","47","30-34 years","30-34",168
,"Breast","26000","Tennessee","47","35-39 years","35-39",384
,"Breast","26000","Tennessee","47","40-44 years","40-44",707
,"Breast","26000","Tennessee","47","45-49 years","45-49",1221
,"Breast","26000","Tennessee","47","50-54 years","50-54",1735
,"Breast","26000","Tennessee","47","55-59 years","55-59",2246
,"Breast","26000","Tennessee","47","60-64 years ","60-64",2425
,"Breast","26000","Tennessee","47","65-69 years","65-69",2508
,"Breast","26000","Tennessee","47","70-74 years","70-74",2426
,"Breast","26000","Tennessee","47","75-79 years","75-79",2269
,"Breast","26000","Tennessee","47","80-84 years","80-84",2064
,"Breast","26000","Tennessee","47","85+ years","85+",3001
,"Breast","26000","Texas","48","20-24 years","20-24",24
,"Breast","26000","Texas","48","25-29 years","25-29",160
,"Breast","26000","Texas","48","30-34 years","30-34",637
,"Breast","26000","Texas","48","35-39 years","35-39",1461
,"Breast","26000","Texas","48","40-44 years","40-44",2750
,"Breast","26000","Texas","48","45-49 years","45-49",4112
,"Breast","26000","Texas","48","50-54 years","50-54",5615
,"Breast","26000","Texas","48","55-59 years","55-59",6895
,"Breast","26000","Texas","48","60-64 years ","60-64",7308
,"Breast","26000","Texas","48","65-69 years","65-69",7050
,"Breast","26000","Texas","48","70-74 years","70-74",6770
,"Breast","26000","Texas","48","75-79 years","75-79",6314
,"Breast","26000","Texas","48","80-84 years","80-84",5718
,"Breast","26000","Texas","48","85+ years","85+",8462
,"Breast","26000","Utah","49","30-34 years","30-34",66
,"Breast","26000","Utah","49","35-39 years","35-39",129
,"Breast","26000","Utah","49","40-44 years","40-44",217
,"Breast","26000","Utah","49","45-49 years","45-49",334
,"Breast","26000","Utah","49","50-54 years","50-54",459
,"Breast","26000","Utah","49","55-59 years","55-59",532
,"Breast","26000","Utah","49","60-64 years ","60-64",651
,"Breast","26000","Utah","49","65-69 years","65-69",612
,"Breast","26000","Utah","49","70-74 years","70-74",626
,"Breast","26000","Utah","49","75-79 years","75-79",634
,"Breast","26000","Utah","49","80-84 years","80-84",583
,"Breast","26000","Utah","49","85+ years","85+",877
,"Breast","26000","Vermont","50","35-39 years","35-39",36
,"Breast","26000","Vermont","50","40-44 years","40-44",47
,"Breast","26000","Vermont","50","45-49 years","45-49",96
,"Breast","26000","Vermont","50","50-54 years","50-54",149
,"Breast","26000","Vermont","50","55-59 years","55-59",190
,"Breast","26000","Vermont","50","60-64 years ","60-64",217
,"Breast","26000","Vermont","50","65-69 years","65-69",213
,"Breast","26000","Vermont","50","70-74 years","70-74",221
,"Breast","26000","Vermont","50","75-79 years","75-79",206
,"Breast","26000","Vermont","50","80-84 years","80-84",220
,"Breast","26000","Vermont","50","85+ years","85+",394
,"Breast","26000","Virginia","51","25-29 years","25-29",52
,"Breast","26000","Virginia","51","30-34 years","30-34",198
,"Breast","26000","Virginia","51","35-39 years","35-39",516
,"Breast","26000","Virginia","51","40-44 years","40-44",1006
,"Breast","26000","Virginia","51","45-49 years","45-49",1460
,"Breast","26000","Virginia","51","50-54 years","50-54",2202
,"Breast","26000","Virginia","51","55-59 years","55-59",2779
,"Breast","26000","Virginia","51","60-64 years ","60-64",2877
,"Breast","26000","Virginia","51","65-69 years","65-69",2841
,"Breast","26000","Virginia","51","70-74 years","70-74",2756
,"Breast","26000","Virginia","51","75-79 years","75-79",2611
,"Breast","26000","Virginia","51","80-84 years","80-84",2460
,"Breast","26000","Virginia","51","85+ years","85+",3601
,"Breast","26000","Washington","53","25-29 years","25-29",24
,"Breast","26000","Washington","53","30-34 years","30-34",119
,"Breast","26000","Washington","53","35-39 years","35-39",304
,"Breast","26000","Washington","53","40-44 years","40-44",591
,"Breast","26000","Washington","53","45-49 years","45-49",983
,"Breast","26000","Washington","53","50-54 years","50-54",1475
,"Breast","26000","Washington","53","55-59 years","55-59",1869
,"Breast","26000","Washington","53","60-64 years ","60-64",2070
,"Breast","26000","Washington","53","65-69 years","65-69",2219
,"Breast","26000","Washington","53","70-74 years","70-74",2191
,"Breast","26000","Washington","53","75-79 years","75-79",2147
,"Breast","26000","Washington","53","80-84 years","80-84",2058
,"Breast","26000","Washington","53","85+ years","85+",3094
,"Breast","26000","West Virginia","54","30-34 years","30-34",40
,"Breast","26000","West Virginia","54","35-39 years","35-39",106
,"Breast","26000","West Virginia","54","40-44 years","40-44",195
,"Breast","26000","West Virginia","54","45-49 years","45-49",325
,"Breast","26000","West Virginia","54","50-54 years","50-54",516
,"Breast","26000","West Virginia","54","55-59 years","55-59",659
,"Breast","26000","West Virginia","54","60-64 years ","60-64",801
,"Breast","26000","West Virginia","54","65-69 years","65-69",789
,"Breast","26000","West Virginia","54","70-74 years","70-74",824
,"Breast","26000","West Virginia","54","75-79 years","75-79",782
,"Breast","26000","West Virginia","54","80-84 years","80-84",738
,"Breast","26000","West Virginia","54","85+ years","85+",1027
,"Breast","26000","Wisconsin","55","25-29 years","25-29",34
,"Breast","26000","Wisconsin","55","30-34 years","30-34",121
,"Breast","26000","Wisconsin","55","35-39 years","35-39",280
,"Breast","26000","Wisconsin","55","40-44 years","40-44",522
,"Breast","26000","Wisconsin","55","45-49 years","45-49",880
,"Breast","26000","Wisconsin","55","50-54 years","50-54",1245
,"Breast","26000","Wisconsin","55","55-59 years","55-59",1583
,"Breast","26000","Wisconsin","55","60-64 years ","60-64",1815
,"Breast","26000","Wisconsin","55","65-69 years","65-69",1822
,"Breast","26000","Wisconsin","55","70-74 years","70-74",1863
,"Breast","26000","Wisconsin","55","75-79 years","75-79",1952
,"Breast","26000","Wisconsin","55","80-84 years","80-84",1972
,"Breast","26000","Wisconsin","55","85+ years","85+",3440
,"Breast","26000","Wyoming","56","35-39 years","35-39",19
,"Breast","26000","Wyoming","56","40-44 years","40-44",41
,"Breast","26000","Wyoming","56","45-49 years","45-49",68
,"Breast","26000","Wyoming","56","50-54 years","50-54",115
,"Breast","26000","Wyoming","56","55-59 years","55-59",149
,"Breast","26000","Wyoming","56","60-64 years ","60-64",155
,"Breast","26000","Wyoming","56","65-69 years","65-69",162
,"Breast","26000","Wyoming","56","70-74 years","70-74",187
,"Breast","26000","Wyoming","56","75-79 years","75-79",182
,"Breast","26000","Wyoming","56","80-84 years","80-84",178
,"Breast","26000","Wyoming","56","85+ years","85+",232
,"Cervix Uteri","27010","Alabama","01","25-29 years","25-29",23
,"Cervix Uteri","27010","Alabama","01","30-34 years","30-34",78
,"Cervix Uteri","27010","Alabama","01","35-39 years","35-39",127
,"Cervix Uteri","27010","Alabama","01","40-44 years","40-44",166
,"Cervix Uteri","27010","Alabama","01","45-49 years","45-49",217
,"Cervix Uteri","27010","Alabama","01","50-54 years","50-54",207
,"Cervix Uteri","27010","Alabama","01","55-59 years","55-59",200
,"Cervix Uteri","27010","Alabama","01","60-64 years ","60-64",203
,"Cervix Uteri","27010","Alabama","01","65-69 years","65-69",179
,"Cervix Uteri","27010","Alabama","01","70-74 years","70-74",177
,"Cervix Uteri","27010","Alabama","01","75-79 years","75-79",139
,"Cervix Uteri","27010","Alabama","01","80-84 years","80-84",119
,"Cervix Uteri","27010","Alabama","01","85+ years","85+",167
,"Cervix Uteri","27010","Alaska","02","45-49 years","45-49",22
,"Cervix Uteri","27010","Alaska","02","55-59 years","55-59",27
,"Cervix Uteri","27010","Alaska","02","60-64 years ","60-64",19
,"Cervix Uteri","27010","Alaska","02","65-69 years","65-69",16
,"Cervix Uteri","27010","Arizona","04","25-29 years","25-29",24
,"Cervix Uteri","27010","Arizona","04","30-34 years","30-34",71
,"Cervix Uteri","27010","Arizona","04","35-39 years","35-39",139
,"Cervix Uteri","27010","Arizona","04","40-44 years","40-44",145
,"Cervix Uteri","27010","Arizona","04","45-49 years","45-49",177
,"Cervix Uteri","27010","Arizona","04","50-54 years","50-54",190
,"Cervix Uteri","27010","Arizona","04","55-59 years","55-59",200
,"Cervix Uteri","27010","Arizona","04","60-64 years ","60-64",185
,"Cervix Uteri","27010","Arizona","04","65-69 years","65-69",150
,"Cervix Uteri","27010","Arizona","04","70-74 years","70-74",124
,"Cervix Uteri","27010","Arizona","04","75-79 years","75-79",93
,"Cervix Uteri","27010","Arizona","04","80-84 years","80-84",86
,"Cervix Uteri","27010","Arizona","04","85+ years","85+",89
,"Cervix Uteri","27010","Arkansas","05","30-34 years","30-34",53
,"Cervix Uteri","27010","Arkansas","05","35-39 years","35-39",71
,"Cervix Uteri","27010","Arkansas","05","40-44 years","40-44",117
,"Cervix Uteri","27010","Arkansas","05","45-49 years","45-49",137
,"Cervix Uteri","27010","Arkansas","05","50-54 years","50-54",141
,"Cervix Uteri","27010","Arkansas","05","55-59 years","55-59",143
,"Cervix Uteri","27010","Arkansas","05","60-64 years ","60-64",118
,"Cervix Uteri","27010","Arkansas","05","65-69 years","65-69",110
,"Cervix Uteri","27010","Arkansas","05","70-74 years","70-74",90
,"Cervix Uteri","27010","Arkansas","05","75-79 years","75-79",77
,"Cervix Uteri","27010","Arkansas","05","80-84 years","80-84",87
,"Cervix Uteri","27010","Arkansas","05","85+ years","85+",85
,"Cervix Uteri","27010","California","06","20-24 years","20-24",31
,"Cervix Uteri","27010","California","06","25-29 years","25-29",150
,"Cervix Uteri","27010","California","06","30-34 years","30-34",390
,"Cervix Uteri","27010","California","06","35-39 years","35-39",685
,"Cervix Uteri","27010","California","06","40-44 years","40-44",924
,"Cervix Uteri","27010","California","06","45-49 years","45-49",1131
,"Cervix Uteri","27010","California","06","50-54 years","50-54",1272
,"Cervix Uteri","27010","California","06","55-59 years","55-59",1225
,"Cervix Uteri","27010","California","06","60-64 years ","60-64",1108
,"Cervix Uteri","27010","California","06","65-69 years","65-69",875
,"Cervix Uteri","27010","California","06","70-74 years","70-74",795
,"Cervix Uteri","27010","California","06","75-79 years","75-79",658
,"Cervix Uteri","27010","California","06","80-84 years","80-84",576
,"Cervix Uteri","27010","California","06","85+ years","85+",657
,"Cervix Uteri","27010","Colorado","08","30-34 years","30-34",47
,"Cervix Uteri","27010","Colorado","08","35-39 years","35-39",58
,"Cervix Uteri","27010","Colorado","08","40-44 years","40-44",100
,"Cervix Uteri","27010","Colorado","08","45-49 years","45-49",109
,"Cervix Uteri","27010","Colorado","08","50-54 years","50-54",113
,"Cervix Uteri","27010","Colorado","08","55-59 years","55-59",148
,"Cervix Uteri","27010","Colorado","08","60-64 years ","60-64",107
,"Cervix Uteri","27010","Colorado","08","65-69 years","65-69",88
,"Cervix Uteri","27010","Colorado","08","70-74 years","70-74",82
,"Cervix Uteri","27010","Colorado","08","75-79 years","75-79",52
,"Cervix Uteri","27010","Colorado","08","80-84 years","80-84",44
,"Cervix Uteri","27010","Colorado","08","85+ years","85+",59
,"Cervix Uteri","27010","Connecticut","09","30-34 years","30-34",21
,"Cervix Uteri","27010","Connecticut","09","35-39 years","35-39",29
,"Cervix Uteri","27010","Connecticut","09","40-44 years","40-44",66
,"Cervix Uteri","27010","Connecticut","09","45-49 years","45-49",73
,"Cervix Uteri","27010","Connecticut","09","50-54 years","50-54",79
,"Cervix Uteri","27010","Connecticut","09","55-59 years","55-59",94
,"Cervix Uteri","27010","Connecticut","09","60-64 years ","60-64",89
,"Cervix Uteri","27010","Connecticut","09","65-69 years","65-69",78
,"Cervix Uteri","27010","Connecticut","09","70-74 years","70-74",80
,"Cervix Uteri","27010","Connecticut","09","75-79 years","75-79",57
,"Cervix Uteri","27010","Connecticut","09","80-84 years","80-84",59
,"Cervix Uteri","27010","Connecticut","09","85+ years","85+",63
,"Cervix Uteri","27010","Delaware","10","35-39 years","35-39",26
,"Cervix Uteri","27010","Delaware","10","40-44 years","40-44",20
,"Cervix Uteri","27010","Delaware","10","45-49 years","45-49",23
,"Cervix Uteri","27010","Delaware","10","50-54 years","50-54",34
,"Cervix Uteri","27010","Delaware","10","55-59 years","55-59",37
,"Cervix Uteri","27010","Delaware","10","60-64 years ","60-64",40
,"Cervix Uteri","27010","Delaware","10","65-69 years","65-69",30
,"Cervix Uteri","27010","Delaware","10","70-74 years","70-74",27
,"Cervix Uteri","27010","Delaware","10","75-79 years","75-79",19
,"Cervix Uteri","27010","Delaware","10","85+ years","85+",28
,"Cervix Uteri","27010","District of Columbia","11","35-39 years","35-39",18
,"Cervix Uteri","27010","District of Columbia","11","40-44 years","40-44",20
,"Cervix Uteri","27010","District of Columbia","11","45-49 years","45-49",22
,"Cervix Uteri","27010","District of Columbia","11","50-54 years","50-54",19
,"Cervix Uteri","27010","District of Columbia","11","55-59 years","55-59",22
,"Cervix Uteri","27010","District of Columbia","11","60-64 years ","60-64",24
,"Cervix Uteri","27010","District of Columbia","11","65-69 years","65-69",26
,"Cervix Uteri","27010","District of Columbia","11","70-74 years","70-74",27
,"Cervix Uteri","27010","District of Columbia","11","75-79 years","75-79",18
,"Cervix Uteri","27010","District of Columbia","11","80-84 years","80-84",17
,"Cervix Uteri","27010","District of Columbia","11","85+ years","85+",16
,"Cervix Uteri","27010","Florida","12","25-29 years","25-29",108
,"Cervix Uteri","27010","Florida","12","30-34 years","30-34",248
,"Cervix Uteri","27010","Florida","12","35-39 years","35-39",470
,"Cervix Uteri","27010","Florida","12","40-44 years","40-44",629
,"Cervix Uteri","27010","Florida","12","45-49 years","45-49",776
,"Cervix Uteri","27010","Florida","12","50-54 years","50-54",826
,"Cervix Uteri","27010","Florida","12","55-59 years","55-59",838
,"Cervix Uteri","27010","Florida","12","60-64 years ","60-64",787
,"Cervix Uteri","27010","Florida","12","65-69 years","65-69",661
,"Cervix Uteri","27010","Florida","12","70-74 years","70-74",560
,"Cervix Uteri","27010","Florida","12","75-79 years","75-79",434
,"Cervix Uteri","27010","Florida","12","80-84 years","80-84",360
,"Cervix Uteri","27010","Florida","12","85+ years","85+",498
,"Cervix Uteri","27010","Georgia","13","25-29 years","25-29",47
,"Cervix Uteri","27010","Georgia","13","30-34 years","30-34",133
,"Cervix Uteri","27010","Georgia","13","35-39 years","35-39",208
,"Cervix Uteri","27010","Georgia","13","40-44 years","40-44",272
,"Cervix Uteri","27010","Georgia","13","45-49 years","45-49",307
,"Cervix Uteri","27010","Georgia","13","50-54 years","50-54",349
,"Cervix Uteri","27010","Georgia","13","55-59 years","55-59",342
,"Cervix Uteri","27010","Georgia","13","60-64 years ","60-64",338
,"Cervix Uteri","27010","Georgia","13","65-69 years","65-69",250
,"Cervix Uteri","27010","Georgia","13","70-74 years","70-74",235
,"Cervix Uteri","27010","Georgia","13","75-79 years","75-79",179
,"Cervix Uteri","27010","Georgia","13","80-84 years","80-84",153
,"Cervix Uteri","27010","Georgia","13","85+ years","85+",191
,"Cervix Uteri","27010","Hawaii","15","35-39 years","35-39",22
,"Cervix Uteri","27010","Hawaii","15","40-44 years","40-44",24
,"Cervix Uteri","27010","Hawaii","15","45-49 years","45-49",42
,"Cervix Uteri","27010","Hawaii","15","50-54 years","50-54",44
,"Cervix Uteri","27010","Hawaii","15","55-59 years","55-59",41
,"Cervix Uteri","27010","Hawaii","15","60-64 years ","60-64",47
,"Cervix Uteri","27010","Hawaii","15","65-69 years","65-69",28
,"Cervix Uteri","27010","Hawaii","15","70-74 years","70-74",26
,"Cervix Uteri","27010","Hawaii","15","75-79 years","75-79",21
,"Cervix Uteri","27010","Hawaii","15","80-84 years","80-84",16
,"Cervix Uteri","27010","Hawaii","15","85+ years","85+",18
,"Cervix Uteri","27010","Idaho","16","35-39 years","35-39",18
,"Cervix Uteri","27010","Idaho","16","40-44 years","40-44",33
,"Cervix Uteri","27010","Idaho","16","45-49 years","45-49",48
,"Cervix Uteri","27010","Idaho","16","50-54 years","50-54",42
,"Cervix Uteri","27010","Idaho","16","55-59 years","55-59",40
,"Cervix Uteri","27010","Idaho","16","60-64 years ","60-64",35
,"Cervix Uteri","27010","Idaho","16","65-69 years","65-69",42
,"Cervix Uteri","27010","Idaho","16","70-74 years","70-74",19
,"Cervix Uteri","27010","Idaho","16","75-79 years","75-79",24
,"Cervix Uteri","27010","Idaho","16","80-84 years","80-84",19
,"Cervix Uteri","27010","Illinois","17","25-29 years","25-29",47
,"Cervix Uteri","27010","Illinois","17","30-34 years","30-34",120
,"Cervix Uteri","27010","Illinois","17","35-39 years","35-39",227
,"Cervix Uteri","27010","Illinois","17","40-44 years","40-44",333
,"Cervix Uteri","27010","Illinois","17","45-49 years","45-49",464
,"Cervix Uteri","27010","Illinois","17","50-54 years","50-54",480
,"Cervix Uteri","27010","Illinois","17","55-59 years","55-59",503
,"Cervix Uteri","27010","Illinois","17","60-64 years ","60-64",472
,"Cervix Uteri","27010","Illinois","17","65-69 years","65-69",393
,"Cervix Uteri","27010","Illinois","17","70-74 years","70-74",316
,"Cervix Uteri","27010","Illinois","17","75-79 years","75-79",287
,"Cervix Uteri","27010","Illinois","17","80-84 years","80-84",224
,"Cervix Uteri","27010","Illinois","17","85+ years","85+",313
,"Cervix Uteri","27010","Indiana","18","25-29 years","25-29",31
,"Cervix Uteri","27010","Indiana","18","30-34 years","30-34",93
,"Cervix Uteri","27010","Indiana","18","35-39 years","35-39",136
,"Cervix Uteri","27010","Indiana","18","40-44 years","40-44",190
,"Cervix Uteri","27010","Indiana","18","45-49 years","45-49",220
,"Cervix Uteri","27010","Indiana","18","50-54 years","50-54",232
,"Cervix Uteri","27010","Indiana","18","55-59 years","55-59",229
,"Cervix Uteri","27010","Indiana","18","60-64 years ","60-64",234
,"Cervix Uteri","27010","Indiana","18","65-69 years","65-69",188
,"Cervix Uteri","27010","Indiana","18","70-74 years","70-74",145
,"Cervix Uteri","27010","Indiana","18","75-79 years","75-79",144
,"Cervix Uteri","27010","Indiana","18","80-84 years","80-84",119
,"Cervix Uteri","27010","Indiana","18","85+ years","85+",121
,"Cervix Uteri","27010","Iowa","19","30-34 years","30-34",25
,"Cervix Uteri","27010","Iowa","19","35-39 years","35-39",38
,"Cervix Uteri","27010","Iowa","19","40-44 years","40-44",71
,"Cervix Uteri","27010","Iowa","19","45-49 years","45-49",90
,"Cervix Uteri","27010","Iowa","19","50-54 years","50-54",88
,"Cervix Uteri","27010","Iowa","19","55-59 years","55-59",83
,"Cervix Uteri","27010","Iowa","19","60-64 years ","60-64",86
,"Cervix Uteri","27010","Iowa","19","65-69 years","65-69",77
,"Cervix Uteri","27010","Iowa","19","70-74 years","70-74",57
,"Cervix Uteri","27010","Iowa","19","75-79 years","75-79",61
,"Cervix Uteri","27010","Iowa","19","80-84 years","80-84",50
,"Cervix Uteri","27010","Iowa","19","85+ years","85+",61
,"Cervix Uteri","27010","Kansas","20","30-34 years","30-34",25
,"Cervix Uteri","27010","Kansas","20","35-39 years","35-39",54
,"Cervix Uteri","27010","Kansas","20","40-44 years","40-44",91
,"Cervix Uteri","27010","Kansas","20","45-49 years","45-49",87
,"Cervix Uteri","27010","Kansas","20","50-54 years","50-54",87
,"Cervix Uteri","27010","Kansas","20","55-59 years","55-59",77
,"Cervix Uteri","27010","Kansas","20","60-64 years ","60-64",60
,"Cervix Uteri","27010","Kansas","20","65-69 years","65-69",79
,"Cervix Uteri","27010","Kansas","20","70-74 years","70-74",51
,"Cervix Uteri","27010","Kansas","20","75-79 years","75-79",55
,"Cervix Uteri","27010","Kansas","20","80-84 years","80-84",36
,"Cervix Uteri","27010","Kansas","20","85+ years","85+",63
,"Cervix Uteri","27010","Kentucky","21","25-29 years","25-29",27
,"Cervix Uteri","27010","Kentucky","21","30-34 years","30-34",47
,"Cervix Uteri","27010","Kentucky","21","35-39 years","35-39",98
,"Cervix Uteri","27010","Kentucky","21","40-44 years","40-44",163
,"Cervix Uteri","27010","Kentucky","21","45-49 years","45-49",186
,"Cervix Uteri","27010","Kentucky","21","50-54 years","50-54",179
,"Cervix Uteri","27010","Kentucky","21","55-59 years","55-59",183
,"Cervix Uteri","27010","Kentucky","21","60-64 years ","60-64",176
,"Cervix Uteri","27010","Kentucky","21","65-69 years","65-69",145
,"Cervix Uteri","27010","Kentucky","21","70-74 years","70-74",117
,"Cervix Uteri","27010","Kentucky","21","75-79 years","75-79",115
,"Cervix Uteri","27010","Kentucky","21","80-84 years","80-84",73
,"Cervix Uteri","27010","Kentucky","21","85+ years","85+",89
,"Cervix Uteri","27010","Louisiana","22","25-29 years","25-29",29
,"Cervix Uteri","27010","Louisiana","22","30-34 years","30-34",80
,"Cervix Uteri","27010","Louisiana","22","35-39 years","35-39",116
,"Cervix Uteri","27010","Louisiana","22","40-44 years","40-44",175
,"Cervix Uteri","27010","Louisiana","22","45-49 years","45-49",207
,"Cervix Uteri","27010","Louisiana","22","50-54 years","50-54",193
,"Cervix Uteri","27010","Louisiana","22","55-59 years","55-59",205
,"Cervix Uteri","27010","Louisiana","22","60-64 years ","60-64",176
,"Cervix Uteri","27010","Louisiana","22","65-69 years","65-69",139
,"Cervix Uteri","27010","Louisiana","22","70-74 years","70-74",107
,"Cervix Uteri","27010","Louisiana","22","75-79 years","75-79",106
,"Cervix Uteri","27010","Louisiana","22","80-84 years","80-84",77
,"Cervix Uteri","27010","Louisiana","22","85+ years","85+",89
,"Cervix Uteri","27010","Maine","23","40-44 years","40-44",22
,"Cervix Uteri","27010","Maine","23","45-49 years","45-49",34
,"Cervix Uteri","27010","Maine","23","50-54 years","50-54",30
,"Cervix Uteri","27010","Maine","23","55-59 years","55-59",39
,"Cervix Uteri","27010","Maine","23","60-64 years ","60-64",32
,"Cervix Uteri","27010","Maine","23","65-69 years","65-69",29
,"Cervix Uteri","27010","Maine","23","70-74 years","70-74",38
,"Cervix Uteri","27010","Maine","23","75-79 years","75-79",32
,"Cervix Uteri","27010","Maine","23","80-84 years","80-84",19
,"Cervix Uteri","27010","Maine","23","85+ years","85+",28
,"Cervix Uteri","27010","Maryland","24","30-34 years","30-34",53
,"Cervix Uteri","27010","Maryland","24","35-39 years","35-39",81
,"Cervix Uteri","27010","Maryland","24","40-44 years","40-44",119
,"Cervix Uteri","27010","Maryland","24","45-49 years","45-49",178
,"Cervix Uteri","27010","Maryland","24","50-54 years","50-54",206
,"Cervix Uteri","27010","Maryland","24","55-59 years","55-59",188
,"Cervix Uteri","27010","Maryland","24","60-64 years ","60-64",161
,"Cervix Uteri","27010","Maryland","24","65-69 years","65-69",178
,"Cervix Uteri","27010","Maryland","24","70-74 years","70-74",152
,"Cervix Uteri","27010","Maryland","24","75-79 years","75-79",110
,"Cervix Uteri","27010","Maryland","24","80-84 years","80-84",103
,"Cervix Uteri","27010","Maryland","24","85+ years","85+",109
,"Cervix Uteri","27010","Massachusetts","25","30-34 years","30-34",34
,"Cervix Uteri","27010","Massachusetts","25","35-39 years","35-39",45
,"Cervix Uteri","27010","Massachusetts","25","40-44 years","40-44",94
,"Cervix Uteri","27010","Massachusetts","25","45-49 years","45-49",125
,"Cervix Uteri","27010","Massachusetts","25","50-54 years","50-54",157
,"Cervix Uteri","27010","Massachusetts","25","55-59 years","55-59",136
,"Cervix Uteri","27010","Massachusetts","25","60-64 years ","60-64",112
,"Cervix Uteri","27010","Massachusetts","25","65-69 years","65-69",134
,"Cervix Uteri","27010","Massachusetts","25","70-74 years","70-74",99
,"Cervix Uteri","27010","Massachusetts","25","75-79 years","75-79",85
,"Cervix Uteri","27010","Massachusetts","25","80-84 years","80-84",98
,"Cervix Uteri","27010","Massachusetts","25","85+ years","85+",103
,"Cervix Uteri","27010","Michigan","26","25-29 years","25-29",28
,"Cervix Uteri","27010","Michigan","26","30-34 years","30-34",98
,"Cervix Uteri","27010","Michigan","26","35-39 years","35-39",177
,"Cervix Uteri","27010","Michigan","26","40-44 years","40-44",220
,"Cervix Uteri","27010","Michigan","26","45-49 years","45-49",315
,"Cervix Uteri","27010","Michigan","26","50-54 years","50-54",320
,"Cervix Uteri","27010","Michigan","26","55-59 years","55-59",296
,"Cervix Uteri","27010","Michigan","26","60-64 years ","60-64",264
,"Cervix Uteri","27010","Michigan","26","65-69 years","65-69",239
,"Cervix Uteri","27010","Michigan","26","70-74 years","70-74",211
,"Cervix Uteri","27010","Michigan","26","75-79 years","75-79",176
,"Cervix Uteri","27010","Michigan","26","80-84 years","80-84",157
,"Cervix Uteri","27010","Michigan","26","85+ years","85+",171
,"Cervix Uteri","27010","Minnesota","27","30-34 years","30-34",33
,"Cervix Uteri","27010","Minnesota","27","35-39 years","35-39",50
,"Cervix Uteri","27010","Minnesota","27","40-44 years","40-44",79
,"Cervix Uteri","27010","Minnesota","27","45-49 years","45-49",88
,"Cervix Uteri","27010","Minnesota","27","50-54 years","50-54",114
,"Cervix Uteri","27010","Minnesota","27","55-59 years","55-59",118
,"Cervix Uteri","27010","Minnesota","27","60-64 years ","60-64",126
,"Cervix Uteri","27010","Minnesota","27","65-69 years","65-69",85
,"Cervix Uteri","27010","Minnesota","27","70-74 years","70-74",86
,"Cervix Uteri","27010","Minnesota","27","75-79 years","75-79",50
,"Cervix Uteri","27010","Minnesota","27","80-84 years","80-84",59
,"Cervix Uteri","27010","Minnesota","27","85+ years","85+",84
,"Cervix Uteri","27010","Mississippi","28","25-29 years","25-29",26
,"Cervix Uteri","27010","Mississippi","28","30-34 years","30-34",50
,"Cervix Uteri","27010","Mississippi","28","35-39 years","35-39",97
,"Cervix Uteri","27010","Mississippi","28","40-44 years","40-44",90
,"Cervix Uteri","27010","Mississippi","28","45-49 years","45-49",126
,"Cervix Uteri","27010","Mississippi","28","50-54 years","50-54",142
,"Cervix Uteri","27010","Mississippi","28","55-59 years","55-59",148
,"Cervix Uteri","27010","Mississippi","28","60-64 years ","60-64",144
,"Cervix Uteri","27010","Mississippi","28","65-69 years","65-69",129
,"Cervix Uteri","27010","Mississippi","28","70-74 years","70-74",134
,"Cervix Uteri","27010","Mississippi","28","75-79 years","75-79",95
,"Cervix Uteri","27010","Mississippi","28","80-84 years","80-84",68
,"Cervix Uteri","27010","Mississippi","28","85+ years","85+",105
,"Cervix Uteri","27010","Missouri","29","25-29 years","25-29",27
,"Cervix Uteri","27010","Missouri","29","30-34 years","30-34",90
,"Cervix Uteri","27010","Missouri","29","35-39 years","35-39",106
,"Cervix Uteri","27010","Missouri","29","40-44 years","40-44",174
,"Cervix Uteri","27010","Missouri","29","45-49 years","45-49",206
,"Cervix Uteri","27010","Missouri","29","50-54 years","50-54",231
,"Cervix Uteri","27010","Missouri","29","55-59 years","55-59",244
,"Cervix Uteri","27010","Missouri","29","60-64 years ","60-64",204
,"Cervix Uteri","27010","Missouri","29","65-69 years","65-69",185
,"Cervix Uteri","27010","Missouri","29","70-74 years","70-74",160
,"Cervix Uteri","27010","Missouri","29","75-79 years","75-79",124
,"Cervix Uteri","27010","Missouri","29","80-84 years","80-84",121
,"Cervix Uteri","27010","Missouri","29","85+ years","85+",132
,"Cervix Uteri","27010","Montana","30","40-44 years","40-44",19
,"Cervix Uteri","27010","Montana","30","45-49 years","45-49",23
,"Cervix Uteri","27010","Montana","30","50-54 years","50-54",24
,"Cervix Uteri","27010","Montana","30","55-59 years","55-59",31
,"Cervix Uteri","27010","Montana","30","60-64 years ","60-64",24
,"Cervix Uteri","27010","Montana","30","65-69 years","65-69",22
,"Cervix Uteri","27010","Montana","30","70-74 years","70-74",23
,"Cervix Uteri","27010","Montana","30","75-79 years","75-79",20
,"Cervix Uteri","27010","Montana","30","85+ years","85+",17
,"Cervix Uteri","27010","Nebraska","31","35-39 years","35-39",34
,"Cervix Uteri","27010","Nebraska","31","40-44 years","40-44",36
,"Cervix Uteri","27010","Nebraska","31","45-49 years","45-49",44
,"Cervix Uteri","27010","Nebraska","31","50-54 years","50-54",49
,"Cervix Uteri","27010","Nebraska","31","55-59 years","55-59",66
,"Cervix Uteri","27010","Nebraska","31","60-64 years ","60-64",57
,"Cervix Uteri","27010","Nebraska","31","65-69 years","65-69",43
,"Cervix Uteri","27010","Nebraska","31","70-74 years","70-74",22
,"Cervix Uteri","27010","Nebraska","31","75-79 years","75-79",24
,"Cervix Uteri","27010","Nebraska","31","80-84 years","80-84",41
,"Cervix Uteri","27010","Nebraska","31","85+ years","85+",34
,"Cervix Uteri","27010","Nevada","32","30-34 years","30-34",31
,"Cervix Uteri","27010","Nevada","32","35-39 years","35-39",48
,"Cervix Uteri","27010","Nevada","32","40-44 years","40-44",74
,"Cervix Uteri","27010","Nevada","32","45-49 years","45-49",86
,"Cervix Uteri","27010","Nevada","32","50-54 years","50-54",101
,"Cervix Uteri","27010","Nevada","32","55-59 years","55-59",105
,"Cervix Uteri","27010","Nevada","32","60-64 years ","60-64",90
,"Cervix Uteri","27010","Nevada","32","65-69 years","65-69",95
,"Cervix Uteri","27010","Nevada","32","70-74 years","70-74",52
,"Cervix Uteri","27010","Nevada","32","75-79 years","75-79",51
,"Cervix Uteri","27010","Nevada","32","80-84 years","80-84",34
,"Cervix Uteri","27010","Nevada","32","85+ years","85+",29
,"Cervix Uteri","27010","New Hampshire","33","40-44 years","40-44",34
,"Cervix Uteri","27010","New Hampshire","33","45-49 years","45-49",26
,"Cervix Uteri","27010","New Hampshire","33","50-54 years","50-54",34
,"Cervix Uteri","27010","New Hampshire","33","55-59 years","55-59",45
,"Cervix Uteri","27010","New Hampshire","33","60-64 years ","60-64",36
,"Cervix Uteri","27010","New Hampshire","33","65-69 years","65-69",25
,"Cervix Uteri","27010","New Hampshire","33","70-74 years","70-74",29
,"Cervix Uteri","27010","New Hampshire","33","75-79 years","75-79",18
,"Cervix Uteri","27010","New Hampshire","33","80-84 years","80-84",27
,"Cervix Uteri","27010","New Hampshire","33","85+ years","85+",28
,"Cervix Uteri","27010","New Jersey","34","25-29 years","25-29",33
,"Cervix Uteri","27010","New Jersey","34","30-34 years","30-34",67
,"Cervix Uteri","27010","New Jersey","34","35-39 years","35-39",150
,"Cervix Uteri","27010","New Jersey","34","40-44 years","40-44",209
,"Cervix Uteri","27010","New Jersey","34","45-49 years","45-49",258
,"Cervix Uteri","27010","New Jersey","34","50-54 years","50-54",333
,"Cervix Uteri","27010","New Jersey","34","55-59 years","55-59",334
,"Cervix Uteri","27010","New Jersey","34","60-64 years ","60-64",279
,"Cervix Uteri","27010","New Jersey","34","65-69 years","65-69",276
,"Cervix Uteri","27010","New Jersey","34","70-74 years","70-74",234
,"Cervix Uteri","27010","New Jersey","34","75-79 years","75-79",239
,"Cervix Uteri","27010","New Jersey","34","80-84 years","80-84",198
,"Cervix Uteri","27010","New Jersey","34","85+ years","85+",216
,"Cervix Uteri","27010","New Mexico","35","30-34 years","30-34",22
,"Cervix Uteri","27010","New Mexico","35","35-39 years","35-39",35
,"Cervix Uteri","27010","New Mexico","35","40-44 years","40-44",49
,"Cervix Uteri","27010","New Mexico","35","45-49 years","45-49",66
,"Cervix Uteri","27010","New Mexico","35","50-54 years","50-54",71
,"Cervix Uteri","27010","New Mexico","35","55-59 years","55-59",74
,"Cervix Uteri","27010","New Mexico","35","60-64 years ","60-64",41
,"Cervix Uteri","27010","New Mexico","35","65-69 years","65-69",58
,"Cervix Uteri","27010","New Mexico","35","70-74 years","70-74",44
,"Cervix Uteri","27010","New Mexico","35","75-79 years","75-79",30
,"Cervix Uteri","27010","New Mexico","35","80-84 years","80-84",30
,"Cervix Uteri","27010","New Mexico","35","85+ years","85+",38
,"Cervix Uteri","27010","New York","36","25-29 years","25-29",63
,"Cervix Uteri","27010","New York","36","30-34 years","30-34",148
,"Cervix Uteri","27010","New York","36","35-39 years","35-39",284
,"Cervix Uteri","27010","New York","36","40-44 years","40-44",440
,"Cervix Uteri","27010","New York","36","45-49 years","45-49",609
,"Cervix Uteri","27010","New York","36","50-54 years","50-54",679
,"Cervix Uteri","27010","New York","36","55-59 years","55-59",736
,"Cervix Uteri","27010","New York","36","60-64 years ","60-64",659
,"Cervix Uteri","27010","New York","36","65-69 years","65-69",633
,"Cervix Uteri","27010","New York","36","70-74 years","70-74",558
,"Cervix Uteri","27010","New York","36","75-79 years","75-79",510
,"Cervix Uteri","27010","New York","36","80-84 years","80-84",398
,"Cervix Uteri","27010","New York","36","85+ years","85+",479
,"Cervix Uteri","27010","North Carolina","37","25-29 years","25-29",32
,"Cervix Uteri","27010","North Carolina","37","30-34 years","30-34",94
,"Cervix Uteri","27010","North Carolina","37","35-39 years","35-39",155
,"Cervix Uteri","27010","North Carolina","37","40-44 years","40-44",239
,"Cervix Uteri","27010","North Carolina","37","45-49 years","45-49",274
,"Cervix Uteri","27010","North Carolina","37","50-54 years","50-54",301
,"Cervix Uteri","27010","North Carolina","37","55-59 years","55-59",328
,"Cervix Uteri","27010","North Carolina","37","60-64 years ","60-64",323
,"Cervix Uteri","27010","North Carolina","37","65-69 years","65-69",275
,"Cervix Uteri","27010","North Carolina","37","70-74 years","70-74",219
,"Cervix Uteri","27010","North Carolina","37","75-79 years","75-79",176
,"Cervix Uteri","27010","North Carolina","37","80-84 years","80-84",172
,"Cervix Uteri","27010","North Carolina","37","85+ years","85+",178
,"Cervix Uteri","27010","North Dakota","38","45-49 years","45-49",21
,"Cervix Uteri","27010","North Dakota","38","50-54 years","50-54",16
,"Cervix Uteri","27010","North Dakota","38","55-59 years","55-59",21
,"Cervix Uteri","27010","Ohio","39","25-29 years","25-29",70
,"Cervix Uteri","27010","Ohio","39","30-34 years","30-34",132
,"Cervix Uteri","27010","Ohio","39","35-39 years","35-39",233
,"Cervix Uteri","27010","Ohio","39","40-44 years","40-44",317
,"Cervix Uteri","27010","Ohio","39","45-49 years","45-49",404
,"Cervix Uteri","27010","Ohio","39","50-54 years","50-54",485
,"Cervix Uteri","27010","Ohio","39","55-59 years","55-59",394
,"Cervix Uteri","27010","Ohio","39","60-64 years ","60-64",419
,"Cervix Uteri","27010","Ohio","39","65-69 years","65-69",362
,"Cervix Uteri","27010","Ohio","39","70-74 years","70-74",262
,"Cervix Uteri","27010","Ohio","39","75-79 years","75-79",244
,"Cervix Uteri","27010","Ohio","39","80-84 years","80-84",205
,"Cervix Uteri","27010","Ohio","39","85+ years","85+",228
,"Cervix Uteri","27010","Oklahoma","40","25-29 years","25-29",25
,"Cervix Uteri","27010","Oklahoma","40","30-34 years","30-34",75
,"Cervix Uteri","27010","Oklahoma","40","35-39 years","35-39",106
,"Cervix Uteri","27010","Oklahoma","40","40-44 years","40-44",131
,"Cervix Uteri","27010","Oklahoma","40","45-49 years","45-49",171
,"Cervix Uteri","27010","Oklahoma","40","50-54 years","50-54",167
,"Cervix Uteri","27010","Oklahoma","40","55-59 years","55-59",154
,"Cervix Uteri","27010","Oklahoma","40","60-64 years ","60-64",149
,"Cervix Uteri","27010","Oklahoma","40","65-69 years","65-69",110
,"Cervix Uteri","27010","Oklahoma","40","70-74 years","70-74",111
,"Cervix Uteri","27010","Oklahoma","40","75-79 years","75-79",72
,"Cervix Uteri","27010","Oklahoma","40","80-84 years","80-84",64
,"Cervix Uteri","27010","Oklahoma","40","85+ years","85+",85
,"Cervix Uteri","27010","Oregon","41","25-29 years","25-29",18
,"Cervix Uteri","27010","Oregon","41","30-34 years","30-34",34
,"Cervix Uteri","27010","Oregon","41","35-39 years","35-39",70
,"Cervix Uteri","27010","Oregon","41","40-44 years","40-44",73
,"Cervix Uteri","27010","Oregon","41","45-49 years","45-49",92
,"Cervix Uteri","27010","Oregon","41","50-54 years","50-54",136
,"Cervix Uteri","27010","Oregon","41","55-59 years","55-59",104
,"Cervix Uteri","27010","Oregon","41","60-64 years ","60-64",106
,"Cervix Uteri","27010","Oregon","41","65-69 years","65-69",95
,"Cervix Uteri","27010","Oregon","41","70-74 years","70-74",69
,"Cervix Uteri","27010","Oregon","41","75-79 years","75-79",63
,"Cervix Uteri","27010","Oregon","41","80-84 years","80-84",67
,"Cervix Uteri","27010","Oregon","41","85+ years","85+",61
,"Cervix Uteri","27010","Pennsylvania","42","25-29 years","25-29",48
,"Cervix Uteri","27010","Pennsylvania","42","30-34 years","30-34",111
,"Cervix Uteri","27010","Pennsylvania","42","35-39 years","35-39",202
,"Cervix Uteri","27010","Pennsylvania","42","40-44 years","40-44",304
,"Cervix Uteri","27010","Pennsylvania","42","45-49 years","45-49",389
,"Cervix Uteri","27010","Pennsylvania","42","50-54 years","50-54",473
,"Cervix Uteri","27010","Pennsylvania","42","55-59 years","55-59",479
,"Cervix Uteri","27010","Pennsylvania","42","60-64 years ","60-64",397
,"Cervix Uteri","27010","Pennsylvania","42","65-69 years","65-69",400
,"Cervix Uteri","27010","Pennsylvania","42","70-74 years","70-74",308
,"Cervix Uteri","27010","Pennsylvania","42","75-79 years","75-79",277
,"Cervix Uteri","27010","Pennsylvania","42","80-84 years","80-84",237
,"Cervix Uteri","27010","Pennsylvania","42","85+ years","85+",282
,"Cervix Uteri","27010","Rhode Island","44","45-49 years","45-49",27
,"Cervix Uteri","27010","Rhode Island","44","50-54 years","50-54",26
,"Cervix Uteri","27010","Rhode Island","44","55-59 years","55-59",30
,"Cervix Uteri","27010","Rhode Island","44","60-64 years ","60-64",24
,"Cervix Uteri","27010","Rhode Island","44","65-69 years","65-69",23
,"Cervix Uteri","27010","Rhode Island","44","70-74 years","70-74",20
,"Cervix Uteri","27010","Rhode Island","44","80-84 years","80-84",20
,"Cervix Uteri","27010","Rhode Island","44","85+ years","85+",16
,"Cervix Uteri","27010","South Carolina","45","25-29 years","25-29",18
,"Cervix Uteri","27010","South Carolina","45","30-34 years","30-34",51
,"Cervix Uteri","27010","South Carolina","45","35-39 years","35-39",94
,"Cervix Uteri","27010","South Carolina","45","40-44 years","40-44",165
,"Cervix Uteri","27010","South Carolina","45","45-49 years","45-49",175
,"Cervix Uteri","27010","South Carolina","45","50-54 years","50-54",187
,"Cervix Uteri","27010","South Carolina","45","55-59 years","55-59",181
,"Cervix Uteri","27010","South Carolina","45","60-64 years ","60-64",173
,"Cervix Uteri","27010","South Carolina","45","65-69 years","65-69",159
,"Cervix Uteri","27010","South Carolina","45","70-74 years","70-74",123
,"Cervix Uteri","27010","South Carolina","45","75-79 years","75-79",110
,"Cervix Uteri","27010","South Carolina","45","80-84 years","80-84",90
,"Cervix Uteri","27010","South Carolina","45","85+ years","85+",108
,"Cervix Uteri","27010","South Dakota","46","40-44 years","40-44",17
,"Cervix Uteri","27010","South Dakota","46","45-49 years","45-49",19
,"Cervix Uteri","27010","South Dakota","46","50-54 years","50-54",20
,"Cervix Uteri","27010","South Dakota","46","55-59 years","55-59",27
,"Cervix Uteri","27010","South Dakota","46","60-64 years ","60-64",20
,"Cervix Uteri","27010","South Dakota","46","65-69 years","65-69",17
,"Cervix Uteri","27010","South Dakota","46","85+ years","85+",18
,"Cervix Uteri","27010","Tennessee","47","25-29 years","25-29",32
,"Cervix Uteri","27010","Tennessee","47","30-34 years","30-34",98
,"Cervix Uteri","27010","Tennessee","47","35-39 years","35-39",161
,"Cervix Uteri","27010","Tennessee","47","40-44 years","40-44",198
,"Cervix Uteri","27010","Tennessee","47","45-49 years","45-49",298
,"Cervix Uteri","27010","Tennessee","47","50-54 years","50-54",256
,"Cervix Uteri","27010","Tennessee","47","55-59 years","55-59",250
,"Cervix Uteri","27010","Tennessee","47","60-64 years ","60-64",252
,"Cervix Uteri","27010","Tennessee","47","65-69 years","65-69",212
,"Cervix Uteri","27010","Tennessee","47","70-74 years","70-74",181
,"Cervix Uteri","27010","Tennessee","47","75-79 years","75-79",150
,"Cervix Uteri","27010","Tennessee","47","80-84 years","80-84",120
,"Cervix Uteri","27010","Tennessee","47","85+ years","85+",158
,"Cervix Uteri","27010","Texas","48","20-24 years","20-24",27
,"Cervix Uteri","27010","Texas","48","25-29 years","25-29",179
,"Cervix Uteri","27010","Texas","48","30-34 years","30-34",357
,"Cervix Uteri","27010","Texas","48","35-39 years","35-39",658
,"Cervix Uteri","27010","Texas","48","40-44 years","40-44",876
,"Cervix Uteri","27010","Texas","48","45-49 years","45-49",1051
,"Cervix Uteri","27010","Texas","48","50-54 years","50-54",1052
,"Cervix Uteri","27010","Texas","48","55-59 years","55-59",914
,"Cervix Uteri","27010","Texas","48","60-64 years ","60-64",831
,"Cervix Uteri","27010","Texas","48","65-69 years","65-69",711
,"Cervix Uteri","27010","Texas","48","70-74 years","70-74",561
,"Cervix Uteri","27010","Texas","48","75-79 years","75-79",479
,"Cervix Uteri","27010","Texas","48","80-84 years","80-84",382
,"Cervix Uteri","27010","Texas","48","85+ years","85+",426
,"Cervix Uteri","27010","Utah","49","30-34 years","30-34",16
,"Cervix Uteri","27010","Utah","49","35-39 years","35-39",23
,"Cervix Uteri","27010","Utah","49","40-44 years","40-44",34
,"Cervix Uteri","27010","Utah","49","45-49 years","45-49",56
,"Cervix Uteri","27010","Utah","49","50-54 years","50-54",42
,"Cervix Uteri","27010","Utah","49","55-59 years","55-59",52
,"Cervix Uteri","27010","Utah","49","60-64 years ","60-64",49
,"Cervix Uteri","27010","Utah","49","65-69 years","65-69",46
,"Cervix Uteri","27010","Utah","49","70-74 years","70-74",25
,"Cervix Uteri","27010","Utah","49","75-79 years","75-79",27
,"Cervix Uteri","27010","Utah","49","80-84 years","80-84",16
,"Cervix Uteri","27010","Utah","49","85+ years","85+",25
,"Cervix Uteri","27010","Vermont","50","55-59 years","55-59",16
,"Cervix Uteri","27010","Vermont","50","75-79 years","75-79",19
,"Cervix Uteri","27010","Virginia","51","25-29 years","25-29",23
,"Cervix Uteri","27010","Virginia","51","30-34 years","30-34",66
,"Cervix Uteri","27010","Virginia","51","35-39 years","35-39",131
,"Cervix Uteri","27010","Virginia","51","40-44 years","40-44",180
,"Cervix Uteri","27010","Virginia","51","45-49 years","45-49",208
,"Cervix Uteri","27010","Virginia","51","50-54 years","50-54",250
,"Cervix Uteri","27010","Virginia","51","55-59 years","55-59",248
,"Cervix Uteri","27010","Virginia","51","60-64 years ","60-64",201
,"Cervix Uteri","27010","Virginia","51","65-69 years","65-69",173
,"Cervix Uteri","27010","Virginia","51","70-74 years","70-74",173
,"Cervix Uteri","27010","Virginia","51","75-79 years","75-79",150
,"Cervix Uteri","27010","Virginia","51","80-84 years","80-84",132
,"Cervix Uteri","27010","Virginia","51","85+ years","85+",134
,"Cervix Uteri","27010","Washington","53","25-29 years","25-29",30
,"Cervix Uteri","27010","Washington","53","30-34 years","30-34",62
,"Cervix Uteri","27010","Washington","53","35-39 years","35-39",71
,"Cervix Uteri","27010","Washington","53","40-44 years","40-44",105
,"Cervix Uteri","27010","Washington","53","45-49 years","45-49",159
,"Cervix Uteri","27010","Washington","53","50-54 years","50-54",211
,"Cervix Uteri","27010","Washington","53","55-59 years","55-59",188
,"Cervix Uteri","27010","Washington","53","60-64 years ","60-64",160
,"Cervix Uteri","27010","Washington","53","65-69 years","65-69",131
,"Cervix Uteri","27010","Washington","53","70-74 years","70-74",116
,"Cervix Uteri","27010","Washington","53","75-79 years","75-79",97
,"Cervix Uteri","27010","Washington","53","80-84 years","80-84",80
,"Cervix Uteri","27010","Washington","53","85+ years","85+",99
,"Cervix Uteri","27010","West Virginia","54","30-34 years","30-34",24
,"Cervix Uteri","27010","West Virginia","54","35-39 years","35-39",54
,"Cervix Uteri","27010","West Virginia","54","40-44 years","40-44",77
,"Cervix Uteri","27010","West Virginia","54","45-49 years","45-49",81
,"Cervix Uteri","27010","West Virginia","54","50-54 years","50-54",108
,"Cervix Uteri","27010","West Virginia","54","55-59 years","55-59",96
,"Cervix Uteri","27010","West Virginia","54","60-64 years ","60-64",89
,"Cervix Uteri","27010","West Virginia","54","65-69 years","65-69",69
,"Cervix Uteri","27010","West Virginia","54","70-74 years","70-74",62
,"Cervix Uteri","27010","West Virginia","54","75-79 years","75-79",42
,"Cervix Uteri","27010","West Virginia","54","80-84 years","80-84",40
,"Cervix Uteri","27010","West Virginia","54","85+ years","85+",41
,"Cervix Uteri","27010","Wisconsin","55","25-29 years","25-29",21
,"Cervix Uteri","27010","Wisconsin","55","30-34 years","30-34",35
,"Cervix Uteri","27010","Wisconsin","55","35-39 years","35-39",70
,"Cervix Uteri","27010","Wisconsin","55","40-44 years","40-44",89
,"Cervix Uteri","27010","Wisconsin","55","45-49 years","45-49",116
,"Cervix Uteri","27010","Wisconsin","55","50-54 years","50-54",138
,"Cervix Uteri","27010","Wisconsin","55","55-59 years","55-59",161
,"Cervix Uteri","27010","Wisconsin","55","60-64 years ","60-64",132
,"Cervix Uteri","27010","Wisconsin","55","65-69 years","65-69",111
,"Cervix Uteri","27010","Wisconsin","55","70-74 years","70-74",97
,"Cervix Uteri","27010","Wisconsin","55","75-79 years","75-79",94
,"Cervix Uteri","27010","Wisconsin","55","80-84 years","80-84",78
,"Cervix Uteri","27010","Wisconsin","55","85+ years","85+",86
,"Cervix Uteri","27010","Wyoming","56","40-44 years","40-44",18
,"Cervix Uteri","27010","Wyoming","56","45-49 years","45-49",17
,"Cervix Uteri","27010","Wyoming","56","50-54 years","50-54",24
,"Cervix Uteri","27010","Wyoming","56","70-74 years","70-74",18
,"Colon and Rectum","21041-21052","Alabama","01","20-24 years","20-24",20
,"Colon and Rectum","21041-21052","Alabama","01","25-29 years","25-29",46
,"Colon and Rectum","21041-21052","Alabama","01","30-34 years","30-34",79
,"Colon and Rectum","21041-21052","Alabama","01","35-39 years","35-39",210
,"Colon and Rectum","21041-21052","Alabama","01","40-44 years","40-44",436
,"Colon and Rectum","21041-21052","Alabama","01","45-49 years","45-49",785
,"Colon and Rectum","21041-21052","Alabama","01","50-54 years","50-54",1316
,"Colon and Rectum","21041-21052","Alabama","01","55-59 years","55-59",1789
,"Colon and Rectum","21041-21052","Alabama","01","60-64 years ","60-64",2205
,"Colon and Rectum","21041-21052","Alabama","01","65-69 years","65-69",2587
,"Colon and Rectum","21041-21052","Alabama","01","70-74 years","70-74",2639
,"Colon and Rectum","21041-21052","Alabama","01","75-79 years","75-79",2827
,"Colon and Rectum","21041-21052","Alabama","01","80-84 years","80-84",2538
,"Colon and Rectum","21041-21052","Alabama","01","85+ years","85+",3328
,"Colon and Rectum","21041-21052","Alaska","02","35-39 years","35-39",20
,"Colon and Rectum","21041-21052","Alaska","02","40-44 years","40-44",41
,"Colon and Rectum","21041-21052","Alaska","02","45-49 years","45-49",93
,"Colon and Rectum","21041-21052","Alaska","02","50-54 years","50-54",145
,"Colon and Rectum","21041-21052","Alaska","02","55-59 years","55-59",196
,"Colon and Rectum","21041-21052","Alaska","02","60-64 years ","60-64",219
,"Colon and Rectum","21041-21052","Alaska","02","65-69 years","65-69",195
,"Colon and Rectum","21041-21052","Alaska","02","70-74 years","70-74",248
,"Colon and Rectum","21041-21052","Alaska","02","75-79 years","75-79",252
,"Colon and Rectum","21041-21052","Alaska","02","80-84 years","80-84",212
,"Colon and Rectum","21041-21052","Alaska","02","85+ years","85+",216
,"Colon and Rectum","21041-21052","Arizona","04","20-24 years","20-24",17
,"Colon and Rectum","21041-21052","Arizona","04","25-29 years","25-29",34
,"Colon and Rectum","21041-21052","Arizona","04","30-34 years","30-34",107
,"Colon and Rectum","21041-21052","Arizona","04","35-39 years","35-39",203
,"Colon and Rectum","21041-21052","Arizona","04","40-44 years","40-44",369
,"Colon and Rectum","21041-21052","Arizona","04","45-49 years","45-49",700
,"Colon and Rectum","21041-21052","Arizona","04","50-54 years","50-54",1120
,"Colon and Rectum","21041-21052","Arizona","04","55-59 years","55-59",1641
,"Colon and Rectum","21041-21052","Arizona","04","60-64 years ","60-64",2187
,"Colon and Rectum","21041-21052","Arizona","04","65-69 years","65-69",2706
,"Colon and Rectum","21041-21052","Arizona","04","70-74 years","70-74",2917
,"Colon and Rectum","21041-21052","Arizona","04","75-79 years","75-79",3139
,"Colon and Rectum","21041-21052","Arizona","04","80-84 years","80-84",3125
,"Colon and Rectum","21041-21052","Arizona","04","85+ years","85+",4387
,"Colon and Rectum","21041-21052","Arkansas","05","25-29 years","25-29",27
,"Colon and Rectum","21041-21052","Arkansas","05","30-34 years","30-34",56
,"Colon and Rectum","21041-21052","Arkansas","05","35-39 years","35-39",125
,"Colon and Rectum","21041-21052","Arkansas","05","40-44 years","40-44",252
,"Colon and Rectum","21041-21052","Arkansas","05","45-49 years","45-49",499
,"Colon and Rectum","21041-21052","Arkansas","05","50-54 years","50-54",757
,"Colon and Rectum","21041-21052","Arkansas","05","55-59 years","55-59",1142
,"Colon and Rectum","21041-21052","Arkansas","05","60-64 years ","60-64",1468
,"Colon and Rectum","21041-21052","Arkansas","05","65-69 years","65-69",1640
,"Colon and Rectum","21041-21052","Arkansas","05","70-74 years","70-74",1734
,"Colon and Rectum","21041-21052","Arkansas","05","75-79 years","75-79",1870
,"Colon and Rectum","21041-21052","Arkansas","05","80-84 years","80-84",1732
,"Colon and Rectum","21041-21052","Arkansas","05","85+ years","85+",2426
,"Colon and Rectum","21041-21052","California","06","15-19 years","15-19",25
,"Colon and Rectum","21041-21052","California","06","20-24 years","20-24",108
,"Colon and Rectum","21041-21052","California","06","25-29 years","25-29",276
,"Colon and Rectum","21041-21052","California","06","30-34 years","30-34",612
,"Colon and Rectum","21041-21052","California","06","35-39 years","35-39",1153
,"Colon and Rectum","21041-21052","California","06","40-44 years","40-44",2259
,"Colon and Rectum","21041-21052","California","06","45-49 years","45-49",4220
,"Colon and Rectum","21041-21052","California","06","50-54 years","50-54",6664
,"Colon and Rectum","21041-21052","California","06","55-59 years","55-59",9181
,"Colon and Rectum","21041-21052","California","06","60-64 years ","60-64",11402
,"Colon and Rectum","21041-21052","California","06","65-69 years","65-69",12739
,"Colon and Rectum","21041-21052","California","06","70-74 years","70-74",14150
,"Colon and Rectum","21041-21052","California","06","75-79 years","75-79",15505
,"Colon and Rectum","21041-21052","California","06","80-84 years","80-84",16445
,"Colon and Rectum","21041-21052","California","06","85+ years","85+",25675
,"Colon and Rectum","21041-21052","Colorado","08","25-29 years","25-29",30
,"Colon and Rectum","21041-21052","Colorado","08","30-34 years","30-34",71
,"Colon and Rectum","21041-21052","Colorado","08","35-39 years","35-39",132
,"Colon and Rectum","21041-21052","Colorado","08","40-44 years","40-44",313
,"Colon and Rectum","21041-21052","Colorado","08","45-49 years","45-49",467
,"Colon and Rectum","21041-21052","Colorado","08","50-54 years","50-54",868
,"Colon and Rectum","21041-21052","Colorado","08","55-59 years","55-59",1189
,"Colon and Rectum","21041-21052","Colorado","08","60-64 years ","60-64",1490
,"Colon and Rectum","21041-21052","Colorado","08","65-69 years","65-69",1697
,"Colon and Rectum","21041-21052","Colorado","08","70-74 years","70-74",1895
,"Colon and Rectum","21041-21052","Colorado","08","75-79 years","75-79",1938
,"Colon and Rectum","21041-21052","Colorado","08","80-84 years","80-84",1964
,"Colon and Rectum","21041-21052","Colorado","08","85+ years","85+",2990
,"Colon and Rectum","21041-21052","Connecticut","09","25-29 years","25-29",21
,"Colon and Rectum","21041-21052","Connecticut","09","30-34 years","30-34",44
,"Colon and Rectum","21041-21052","Connecticut","09","35-39 years","35-39",89
,"Colon and Rectum","21041-21052","Connecticut","09","40-44 years","40-44",196
,"Colon and Rectum","21041-21052","Connecticut","09","45-49 years","45-49",379
,"Colon and Rectum","21041-21052","Connecticut","09","50-54 years","50-54",602
,"Colon and Rectum","21041-21052","Connecticut","09","55-59 years","55-59",923
,"Colon and Rectum","21041-21052","Connecticut","09","60-64 years ","60-64",1104
,"Colon and Rectum","21041-21052","Connecticut","09","65-69 years","65-69",1249
,"Colon and Rectum","21041-21052","Connecticut","09","70-74 years","70-74",1568
,"Colon and Rectum","21041-21052","Connecticut","09","75-79 years","75-79",1861
,"Colon and Rectum","21041-21052","Connecticut","09","80-84 years","80-84",2046
,"Colon and Rectum","21041-21052","Connecticut","09","85+ years","85+",3529
,"Colon and Rectum","21041-21052","Delaware","10","35-39 years","35-39",23
,"Colon and Rectum","21041-21052","Delaware","10","40-44 years","40-44",56
,"Colon and Rectum","21041-21052","Delaware","10","45-49 years","45-49",123
,"Colon and Rectum","21041-21052","Delaware","10","50-54 years","50-54",184
,"Colon and Rectum","21041-21052","Delaware","10","55-59 years","55-59",293
,"Colon and Rectum","21041-21052","Delaware","10","60-64 years ","60-64",363
,"Colon and Rectum","21041-21052","Delaware","10","65-69 years","65-69",419
,"Colon and Rectum","21041-21052","Delaware","10","70-74 years","70-74",484
,"Colon and Rectum","21041-21052","Delaware","10","75-79 years","75-79",582
,"Colon and Rectum","21041-21052","Delaware","10","80-84 years","80-84",488
,"Colon and Rectum","21041-21052","Delaware","10","85+ years","85+",693
,"Colon and Rectum","21041-21052","District of Columbia","11","30-34 years","30-34",16
,"Colon and Rectum","21041-21052","District of Columbia","11","35-39 years","35-39",22
,"Colon and Rectum","21041-21052","District of Columbia","11","40-44 years","40-44",49
,"Colon and Rectum","21041-21052","District of Columbia","11","45-49 years","45-49",90
,"Colon and Rectum","21041-21052","District of Columbia","11","50-54 years","50-54",166
,"Colon and Rectum","21041-21052","District of Columbia","11","55-59 years","55-59",230
,"Colon and Rectum","21041-21052","District of Columbia","11","60-64 years ","60-64",259
,"Colon and Rectum","21041-21052","District of Columbia","11","65-69 years","65-69",287
,"Colon and Rectum","21041-21052","District of Columbia","11","70-74 years","70-74",298
,"Colon and Rectum","21041-21052","District of Columbia","11","75-79 years","75-79",331
,"Colon and Rectum","21041-21052","District of Columbia","11","80-84 years","80-84",316
,"Colon and Rectum","21041-21052","District of Columbia","11","85+ years","85+",501
,"Colon and Rectum","21041-21052","Florida","12","20-24 years","20-24",47
,"Colon and Rectum","21041-21052","Florida","12","25-29 years","25-29",130
,"Colon and Rectum","21041-21052","Florida","12","30-34 years","30-34",293
,"Colon and Rectum","21041-21052","Florida","12","35-39 years","35-39",588
,"Colon and Rectum","21041-21052","Florida","12","40-44 years","40-44",1280
,"Colon and Rectum","21041-21052","Florida","12","45-49 years","45-49",2509
,"Colon and Rectum","21041-21052","Florida","12","50-54 years","50-54",4362
,"Colon and Rectum","21041-21052","Florida","12","55-59 years","55-59",6105
,"Colon and Rectum","21041-21052","Florida","12","60-64 years ","60-64",8041
,"Colon and Rectum","21041-21052","Florida","12","65-69 years","65-69",9568
,"Colon and Rectum","21041-21052","Florida","12","70-74 years","70-74",11060
,"Colon and Rectum","21041-21052","Florida","12","75-79 years","75-79",12226
,"Colon and Rectum","21041-21052","Florida","12","80-84 years","80-84",12264
,"Colon and Rectum","21041-21052","Florida","12","85+ years","85+",18542
,"Colon and Rectum","21041-21052","Georgia","13","20-24 years","20-24",29
,"Colon and Rectum","21041-21052","Georgia","13","25-29 years","25-29",85
,"Colon and Rectum","21041-21052","Georgia","13","30-34 years","30-34",189
,"Colon and Rectum","21041-21052","Georgia","13","35-39 years","35-39",390
,"Colon and Rectum","21041-21052","Georgia","13","40-44 years","40-44",749
,"Colon and Rectum","21041-21052","Georgia","13","45-49 years","45-49",1495
,"Colon and Rectum","21041-21052","Georgia","13","50-54 years","50-54",2326
,"Colon and Rectum","21041-21052","Georgia","13","55-59 years","55-59",3138
,"Colon and Rectum","21041-21052","Georgia","13","60-64 years ","60-64",3838
,"Colon and Rectum","21041-21052","Georgia","13","65-69 years","65-69",4027
,"Colon and Rectum","21041-21052","Georgia","13","70-74 years","70-74",4125
,"Colon and Rectum","21041-21052","Georgia","13","75-79 years","75-79",3971
,"Colon and Rectum","21041-21052","Georgia","13","80-84 years","80-84",3773
,"Colon and Rectum","21041-21052","Georgia","13","85+ years","85+",4852
,"Colon and Rectum","21041-21052","Hawaii","15","30-34 years","30-34",29
,"Colon and Rectum","21041-21052","Hawaii","15","35-39 years","35-39",56
,"Colon and Rectum","21041-21052","Hawaii","15","40-44 years","40-44",83
,"Colon and Rectum","21041-21052","Hawaii","15","45-49 years","45-49",204
,"Colon and Rectum","21041-21052","Hawaii","15","50-54 years","50-54",297
,"Colon and Rectum","21041-21052","Hawaii","15","55-59 years","55-59",437
,"Colon and Rectum","21041-21052","Hawaii","15","60-64 years ","60-64",509
,"Colon and Rectum","21041-21052","Hawaii","15","65-69 years","65-69",600
,"Colon and Rectum","21041-21052","Hawaii","15","70-74 years","70-74",606
,"Colon and Rectum","21041-21052","Hawaii","15","75-79 years","75-79",623
,"Colon and Rectum","21041-21052","Hawaii","15","80-84 years","80-84",609
,"Colon and Rectum","21041-21052","Hawaii","15","85+ years","85+",1004
,"Colon and Rectum","21041-21052","Idaho","16","30-34 years","30-34",18
,"Colon and Rectum","21041-21052","Idaho","16","35-39 years","35-39",42
,"Colon and Rectum","21041-21052","Idaho","16","40-44 years","40-44",87
,"Colon and Rectum","21041-21052","Idaho","16","45-49 years","45-49",161
,"Colon and Rectum","21041-21052","Idaho","16","50-54 years","50-54",251
,"Colon and Rectum","21041-21052","Idaho","16","55-59 years","55-59",367
,"Colon and Rectum","21041-21052","Idaho","16","60-64 years ","60-64",536
,"Colon and Rectum","21041-21052","Idaho","16","65-69 years","65-69",607
,"Colon and Rectum","21041-21052","Idaho","16","70-74 years","70-74",640
,"Colon and Rectum","21041-21052","Idaho","16","75-79 years","75-79",746
,"Colon and Rectum","21041-21052","Idaho","16","80-84 years","80-84",677
,"Colon and Rectum","21041-21052","Idaho","16","85+ years","85+",1032
,"Colon and Rectum","21041-21052","Illinois","17","20-24 years","20-24",36
,"Colon and Rectum","21041-21052","Illinois","17","25-29 years","25-29",70
,"Colon and Rectum","21041-21052","Illinois","17","30-34 years","30-34",195
,"Colon and Rectum","21041-21052","Illinois","17","35-39 years","35-39",461
,"Colon and Rectum","21041-21052","Illinois","17","40-44 years","40-44",849
,"Colon and Rectum","21041-21052","Illinois","17","45-49 years","45-49",1663
,"Colon and Rectum","21041-21052","Illinois","17","50-54 years","50-54",2689
,"Colon and Rectum","21041-21052","Illinois","17","55-59 years","55-59",4002
,"Colon and Rectum","21041-21052","Illinois","17","60-64 years ","60-64",4994
,"Colon and Rectum","21041-21052","Illinois","17","65-69 years","65-69",5889
,"Colon and Rectum","21041-21052","Illinois","17","70-74 years","70-74",6687
,"Colon and Rectum","21041-21052","Illinois","17","75-79 years","75-79",7322
,"Colon and Rectum","21041-21052","Illinois","17","80-84 years","80-84",7740
,"Colon and Rectum","21041-21052","Illinois","17","85+ years","85+",11882
,"Colon and Rectum","21041-21052","Indiana","18","20-24 years","20-24",21
,"Colon and Rectum","21041-21052","Indiana","18","25-29 years","25-29",39
,"Colon and Rectum","21041-21052","Indiana","18","30-34 years","30-34",93
,"Colon and Rectum","21041-21052","Indiana","18","35-39 years","35-39",199
,"Colon and Rectum","21041-21052","Indiana","18","40-44 years","40-44",423
,"Colon and Rectum","21041-21052","Indiana","18","45-49 years","45-49",883
,"Colon and Rectum","21041-21052","Indiana","18","50-54 years","50-54",1509
,"Colon and Rectum","21041-21052","Indiana","18","55-59 years","55-59",2030
,"Colon and Rectum","21041-21052","Indiana","18","60-64 years ","60-64",2785
,"Colon and Rectum","21041-21052","Indiana","18","65-69 years","65-69",3217
,"Colon and Rectum","21041-21052","Indiana","18","70-74 years","70-74",3612
,"Colon and Rectum","21041-21052","Indiana","18","75-79 years","75-79",3834
,"Colon and Rectum","21041-21052","Indiana","18","80-84 years","80-84",3925
,"Colon and Rectum","21041-21052","Indiana","18","85+ years","85+",5438
,"Colon and Rectum","21041-21052","Iowa","19","25-29 years","25-29",20
,"Colon and Rectum","21041-21052","Iowa","19","30-34 years","30-34",38
,"Colon and Rectum","21041-21052","Iowa","19","35-39 years","35-39",96
,"Colon and Rectum","21041-21052","Iowa","19","40-44 years","40-44",180
,"Colon and Rectum","21041-21052","Iowa","19","45-49 years","45-49",350
,"Colon and Rectum","21041-21052","Iowa","19","50-54 years","50-54",617
,"Colon and Rectum","21041-21052","Iowa","19","55-59 years","55-59",883
,"Colon and Rectum","21041-21052","Iowa","19","60-64 years ","60-64",1138
,"Colon and Rectum","21041-21052","Iowa","19","65-69 years","65-69",1424
,"Colon and Rectum","21041-21052","Iowa","19","70-74 years","70-74",1707
,"Colon and Rectum","21041-21052","Iowa","19","75-79 years","75-79",2036
,"Colon and Rectum","21041-21052","Iowa","19","80-84 years","80-84",2247
,"Colon and Rectum","21041-21052","Iowa","19","85+ years","85+",3876
,"Colon and Rectum","21041-21052","Kansas","20","30-34 years","30-34",44
,"Colon and Rectum","21041-21052","Kansas","20","35-39 years","35-39",99
,"Colon and Rectum","21041-21052","Kansas","20","40-44 years","40-44",190
,"Colon and Rectum","21041-21052","Kansas","20","45-49 years","45-49",393
,"Colon and Rectum","21041-21052","Kansas","20","50-54 years","50-54",567
,"Colon and Rectum","21041-21052","Kansas","20","55-59 years","55-59",820
,"Colon and Rectum","21041-21052","Kansas","20","60-64 years ","60-64",1066
,"Colon and Rectum","21041-21052","Kansas","20","65-69 years","65-69",1284
,"Colon and Rectum","21041-21052","Kansas","20","70-74 years","70-74",1446
,"Colon and Rectum","21041-21052","Kansas","20","75-79 years","75-79",1567
,"Colon and Rectum","21041-21052","Kansas","20","80-84 years","80-84",1651
,"Colon and Rectum","21041-21052","Kansas","20","85+ years","85+",2735
,"Colon and Rectum","21041-21052","Kentucky","21","25-29 years","25-29",47
,"Colon and Rectum","21041-21052","Kentucky","21","30-34 years","30-34",79
,"Colon and Rectum","21041-21052","Kentucky","21","35-39 years","35-39",168
,"Colon and Rectum","21041-21052","Kentucky","21","40-44 years","40-44",382
,"Colon and Rectum","21041-21052","Kentucky","21","45-49 years","45-49",690
,"Colon and Rectum","21041-21052","Kentucky","21","50-54 years","50-54",1220
,"Colon and Rectum","21041-21052","Kentucky","21","55-59 years","55-59",1621
,"Colon and Rectum","21041-21052","Kentucky","21","60-64 years ","60-64",2165
,"Colon and Rectum","21041-21052","Kentucky","21","65-69 years","65-69",2408
,"Colon and Rectum","21041-21052","Kentucky","21","70-74 years","70-74",2744
,"Colon and Rectum","21041-21052","Kentucky","21","75-79 years","75-79",2810
,"Colon and Rectum","21041-21052","Kentucky","21","80-84 years","80-84",2601
,"Colon and Rectum","21041-21052","Kentucky","21","85+ years","85+",3506
,"Colon and Rectum","21041-21052","Louisiana","22","20-24 years","20-24",17
,"Colon and Rectum","21041-21052","Louisiana","22","25-29 years","25-29",37
,"Colon and Rectum","21041-21052","Louisiana","22","30-34 years","30-34",95
,"Colon and Rectum","21041-21052","Louisiana","22","35-39 years","35-39",209
,"Colon and Rectum","21041-21052","Louisiana","22","40-44 years","40-44",359
,"Colon and Rectum","21041-21052","Louisiana","22","45-49 years","45-49",734
,"Colon and Rectum","21041-21052","Louisiana","22","50-54 years","50-54",1370
,"Colon and Rectum","21041-21052","Louisiana","22","55-59 years","55-59",1868
,"Colon and Rectum","21041-21052","Louisiana","22","60-64 years ","60-64",2337
,"Colon and Rectum","21041-21052","Louisiana","22","65-69 years","65-69",2601
,"Colon and Rectum","21041-21052","Louisiana","22","70-74 years","70-74",2614
,"Colon and Rectum","21041-21052","Louisiana","22","75-79 years","75-79",2654
,"Colon and Rectum","21041-21052","Louisiana","22","80-84 years","80-84",2445
,"Colon and Rectum","21041-21052","Louisiana","22","85+ years","85+",3193
,"Colon and Rectum","21041-21052","Maine","23","30-34 years","30-34",17
,"Colon and Rectum","21041-21052","Maine","23","35-39 years","35-39",40
,"Colon and Rectum","21041-21052","Maine","23","40-44 years","40-44",102
,"Colon and Rectum","21041-21052","Maine","23","45-49 years","45-49",163
,"Colon and Rectum","21041-21052","Maine","23","50-54 years","50-54",292
,"Colon and Rectum","21041-21052","Maine","23","55-59 years","55-59",399
,"Colon and Rectum","21041-21052","Maine","23","60-64 years ","60-64",548
,"Colon and Rectum","21041-21052","Maine","23","65-69 years","65-69",662
,"Colon and Rectum","21041-21052","Maine","23","70-74 years","70-74",783
,"Colon and Rectum","21041-21052","Maine","23","75-79 years","75-79",891
,"Colon and Rectum","21041-21052","Maine","23","80-84 years","80-84",925
,"Colon and Rectum","21041-21052","Maine","23","85+ years","85+",1492
,"Colon and Rectum","21041-21052","Maryland","24","25-29 years","25-29",44
,"Colon and Rectum","21041-21052","Maryland","24","30-34 years","30-34",95
,"Colon and Rectum","21041-21052","Maryland","24","35-39 years","35-39",220
,"Colon and Rectum","21041-21052","Maryland","24","40-44 years","40-44",416
,"Colon and Rectum","21041-21052","Maryland","24","45-49 years","45-49",788
,"Colon and Rectum","21041-21052","Maryland","24","50-54 years","50-54",1360
,"Colon and Rectum","21041-21052","Maryland","24","55-59 years","55-59",1925
,"Colon and Rectum","21041-21052","Maryland","24","60-64 years ","60-64",2280
,"Colon and Rectum","21041-21052","Maryland","24","65-69 years","65-69",2483
,"Colon and Rectum","21041-21052","Maryland","24","70-74 years","70-74",2628
,"Colon and Rectum","21041-21052","Maryland","24","75-79 years","75-79",3041
,"Colon and Rectum","21041-21052","Maryland","24","80-84 years","80-84",3055
,"Colon and Rectum","21041-21052","Maryland","24","85+ years","85+",4325
,"Colon and Rectum","21041-21052","Massachusetts","25","20-24 years","20-24",17
,"Colon and Rectum","21041-21052","Massachusetts","25","25-29 years","25-29",32
,"Colon and Rectum","21041-21052","Massachusetts","25","30-34 years","30-34",91
,"Colon and Rectum","21041-21052","Massachusetts","25","35-39 years","35-39",200
,"Colon and Rectum","21041-21052","Massachusetts","25","40-44 years","40-44",403
,"Colon and Rectum","21041-21052","Massachusetts","25","45-49 years","45-49",762
,"Colon and Rectum","21041-21052","Massachusetts","25","50-54 years","50-54",1212
,"Colon and Rectum","21041-21052","Massachusetts","25","55-59 years","55-59",1727
,"Colon and Rectum","21041-21052","Massachusetts","25","60-64 years ","60-64",2038
,"Colon and Rectum","21041-21052","Massachusetts","25","65-69 years","65-69",2451
,"Colon and Rectum","21041-21052","Massachusetts","25","70-74 years","70-74",2929
,"Colon and Rectum","21041-21052","Massachusetts","25","75-79 years","75-79",3732
,"Colon and Rectum","21041-21052","Massachusetts","25","80-84 years","80-84",4107
,"Colon and Rectum","21041-21052","Massachusetts","25","85+ years","85+",6943
,"Colon and Rectum","21041-21052","Michigan","26","20-24 years","20-24",24
,"Colon and Rectum","21041-21052","Michigan","26","25-29 years","25-29",78
,"Colon and Rectum","21041-21052","Michigan","26","30-34 years","30-34",168
,"Colon and Rectum","21041-21052","Michigan","26","35-39 years","35-39",319
,"Colon and Rectum","21041-21052","Michigan","26","40-44 years","40-44",679
,"Colon and Rectum","21041-21052","Michigan","26","45-49 years","45-49",1333
,"Colon and Rectum","21041-21052","Michigan","26","50-54 years","50-54",2226
,"Colon and Rectum","21041-21052","Michigan","26","55-59 years","55-59",3057
,"Colon and Rectum","21041-21052","Michigan","26","60-64 years ","60-64",3913
,"Colon and Rectum","21041-21052","Michigan","26","65-69 years","65-69",4498
,"Colon and Rectum","21041-21052","Michigan","26","70-74 years","70-74",5046
,"Colon and Rectum","21041-21052","Michigan","26","75-79 years","75-79",5692
,"Colon and Rectum","21041-21052","Michigan","26","80-84 years","80-84",5997
,"Colon and Rectum","21041-21052","Michigan","26","85+ years","85+",8540
,"Colon and Rectum","21041-21052","Minnesota","27","25-29 years","25-29",37
,"Colon and Rectum","21041-21052","Minnesota","27","30-34 years","30-34",80
,"Colon and Rectum","21041-21052","Minnesota","27","35-39 years","35-39",159
,"Colon and Rectum","21041-21052","Minnesota","27","40-44 years","40-44",311
,"Colon and Rectum","21041-21052","Minnesota","27","45-49 years","45-49",569
,"Colon and Rectum","21041-21052","Minnesota","27","50-54 years","50-54",910
,"Colon and Rectum","21041-21052","Minnesota","27","55-59 years","55-59",1318
,"Colon and Rectum","21041-21052","Minnesota","27","60-64 years ","60-64",1573
,"Colon and Rectum","21041-21052","Minnesota","27","65-69 years","65-69",1935
,"Colon and Rectum","21041-21052","Minnesota","27","70-74 years","70-74",2117
,"Colon and Rectum","21041-21052","Minnesota","27","75-79 years","75-79",2525
,"Colon and Rectum","21041-21052","Minnesota","27","80-84 years","80-84",2728
,"Colon and Rectum","21041-21052","Minnesota","27","85+ years","85+",4889
,"Colon and Rectum","21041-21052","Mississippi","28","25-29 years","25-29",33
,"Colon and Rectum","21041-21052","Mississippi","28","30-34 years","30-34",70
,"Colon and Rectum","21041-21052","Mississippi","28","35-39 years","35-39",158
,"Colon and Rectum","21041-21052","Mississippi","28","40-44 years","40-44",294
,"Colon and Rectum","21041-21052","Mississippi","28","45-49 years","45-49",601
,"Colon and Rectum","21041-21052","Mississippi","28","50-54 years","50-54",938
,"Colon and Rectum","21041-21052","Mississippi","28","55-59 years","55-59",1312
,"Colon and Rectum","21041-21052","Mississippi","28","60-64 years ","60-64",1689
,"Colon and Rectum","21041-21052","Mississippi","28","65-69 years","65-69",1788
,"Colon and Rectum","21041-21052","Mississippi","28","70-74 years","70-74",1772
,"Colon and Rectum","21041-21052","Mississippi","28","75-79 years","75-79",1755
,"Colon and Rectum","21041-21052","Mississippi","28","80-84 years","80-84",1612
,"Colon and Rectum","21041-21052","Mississippi","28","85+ years","85+",2144
,"Colon and Rectum","21041-21052","Missouri","29","20-24 years","20-24",16
,"Colon and Rectum","21041-21052","Missouri","29","25-29 years","25-29",47
,"Colon and Rectum","21041-21052","Missouri","29","30-34 years","30-34",112
,"Colon and Rectum","21041-21052","Missouri","29","35-39 years","35-39",218
,"Colon and Rectum","21041-21052","Missouri","29","40-44 years","40-44",444
,"Colon and Rectum","21041-21052","Missouri","29","45-49 years","45-49",778
,"Colon and Rectum","21041-21052","Missouri","29","50-54 years","50-54",1369
,"Colon and Rectum","21041-21052","Missouri","29","55-59 years","55-59",1920
,"Colon and Rectum","21041-21052","Missouri","29","60-64 years ","60-64",2517
,"Colon and Rectum","21041-21052","Missouri","29","65-69 years","65-69",2851
,"Colon and Rectum","21041-21052","Missouri","29","70-74 years","70-74",3346
,"Colon and Rectum","21041-21052","Missouri","29","75-79 years","75-79",3615
,"Colon and Rectum","21041-21052","Missouri","29","80-84 years","80-84",3818
,"Colon and Rectum","21041-21052","Missouri","29","85+ years","85+",5498
,"Colon and Rectum","21041-21052","Montana","30","35-39 years","35-39",25
,"Colon and Rectum","21041-21052","Montana","30","40-44 years","40-44",50
,"Colon and Rectum","21041-21052","Montana","30","45-49 years","45-49",84
,"Colon and Rectum","21041-21052","Montana","30","50-54 years","50-54",206
,"Colon and Rectum","21041-21052","Montana","30","55-59 years","55-59",290
,"Colon and Rectum","21041-21052","Montana","30","60-64 years ","60-64",400
,"Colon and Rectum","21041-21052","Montana","30","65-69 years","65-69",503
,"Colon and Rectum","21041-21052","Montana","30","70-74 years","70-74",529
,"Colon and Rectum","21041-21052","Montana","30","75-79 years","75-79",560
,"Colon and Rectum","21041-21052","Montana","30","80-84 years","80-84",549
,"Colon and Rectum","21041-21052","Montana","30","85+ years","85+",845
,"Colon and Rectum","21041-21052","Nebraska","31","30-34 years","30-34",25
,"Colon and Rectum","21041-21052","Nebraska","31","35-39 years","35-39",63
,"Colon and Rectum","21041-21052","Nebraska","31","40-44 years","40-44",100
,"Colon and Rectum","21041-21052","Nebraska","31","45-49 years","45-49",198
,"Colon and Rectum","21041-21052","Nebraska","31","50-54 years","50-54",377
,"Colon and Rectum","21041-21052","Nebraska","31","55-59 years","55-59",501
,"Colon and Rectum","21041-21052","Nebraska","31","60-64 years ","60-64",671
,"Colon and Rectum","21041-21052","Nebraska","31","65-69 years","65-69",847
,"Colon and Rectum","21041-21052","Nebraska","31","70-74 years","70-74",951
,"Colon and Rectum","21041-21052","Nebraska","31","75-79 years","75-79",1178
,"Colon and Rectum","21041-21052","Nebraska","31","80-84 years","80-84",1237
,"Colon and Rectum","21041-21052","Nebraska","31","85+ years","85+",2105
,"Colon and Rectum","21041-21052","Nevada","32","25-29 years","25-29",21
,"Colon and Rectum","21041-21052","Nevada","32","30-34 years","30-34",38
,"Colon and Rectum","21041-21052","Nevada","32","35-39 years","35-39",87
,"Colon and Rectum","21041-21052","Nevada","32","40-44 years","40-44",180
,"Colon and Rectum","21041-21052","Nevada","32","45-49 years","45-49",322
,"Colon and Rectum","21041-21052","Nevada","32","50-54 years","50-54",618
,"Colon and Rectum","21041-21052","Nevada","32","55-59 years","55-59",813
,"Colon and Rectum","21041-21052","Nevada","32","60-64 years ","60-64",1113
,"Colon and Rectum","21041-21052","Nevada","32","65-69 years","65-69",1373
,"Colon and Rectum","21041-21052","Nevada","32","70-74 years","70-74",1448
,"Colon and Rectum","21041-21052","Nevada","32","75-79 years","75-79",1516
,"Colon and Rectum","21041-21052","Nevada","32","80-84 years","80-84",1321
,"Colon and Rectum","21041-21052","Nevada","32","85+ years","85+",1577
,"Colon and Rectum","21041-21052","New Hampshire","33","30-34 years","30-34",20
,"Colon and Rectum","21041-21052","New Hampshire","33","35-39 years","35-39",47
,"Colon and Rectum","21041-21052","New Hampshire","33","40-44 years","40-44",86
,"Colon and Rectum","21041-21052","New Hampshire","33","45-49 years","45-49",173
,"Colon and Rectum","21041-21052","New Hampshire","33","50-54 years","50-54",245
,"Colon and Rectum","21041-21052","New Hampshire","33","55-59 years","55-59",375
,"Colon and Rectum","21041-21052","New Hampshire","33","60-64 years ","60-64",452
,"Colon and Rectum","21041-21052","New Hampshire","33","65-69 years","65-69",557
,"Colon and Rectum","21041-21052","New Hampshire","33","70-74 years","70-74",641
,"Colon and Rectum","21041-21052","New Hampshire","33","75-79 years","75-79",722
,"Colon and Rectum","21041-21052","New Hampshire","33","80-84 years","80-84",684
,"Colon and Rectum","21041-21052","New Hampshire","33","85+ years","85+",1219
,"Colon and Rectum","21041-21052","New Jersey","34","20-24 years","20-24",26
,"Colon and Rectum","21041-21052","New Jersey","34","25-29 years","25-29",77
,"Colon and Rectum","21041-21052","New Jersey","34","30-34 years","30-34",140
,"Colon and Rectum","21041-21052","New Jersey","34","35-39 years","35-39",277
,"Colon and Rectum","21041-21052","New Jersey","34","40-44 years","40-44",532
,"Colon and Rectum","21041-21052","New Jersey","34","45-49 years","45-49",1037
,"Colon and Rectum","21041-21052","New Jersey","34","50-54 years","50-54",1840
,"Colon and Rectum","21041-21052","New Jersey","34","55-59 years","55-59",2691
,"Colon and Rectum","21041-21052","New Jersey","34","60-64 years ","60-64",3265
,"Colon and Rectum","21041-21052","New Jersey","34","65-69 years","65-69",3743
,"Colon and Rectum","21041-21052","New Jersey","34","70-74 years","70-74",4661
,"Colon and Rectum","21041-21052","New Jersey","34","75-79 years","75-79",5396
,"Colon and Rectum","21041-21052","New Jersey","34","80-84 years","80-84",5884
,"Colon and Rectum","21041-21052","New Jersey","34","85+ years","85+",9080
,"Colon and Rectum","21041-21052","New Mexico","35","30-34 years","30-34",34
,"Colon and Rectum","21041-21052","New Mexico","35","35-39 years","35-39",74
,"Colon and Rectum","21041-21052","New Mexico","35","40-44 years","40-44",108
,"Colon and Rectum","21041-21052","New Mexico","35","45-49 years","45-49",235
,"Colon and Rectum","21041-21052","New Mexico","35","50-54 years","50-54",414
,"Colon and Rectum","21041-21052","New Mexico","35","55-59 years","55-59",582
,"Colon and Rectum","21041-21052","New Mexico","35","60-64 years ","60-64",776
,"Colon and Rectum","21041-21052","New Mexico","35","65-69 years","65-69",853
,"Colon and Rectum","21041-21052","New Mexico","35","70-74 years","70-74",970
,"Colon and Rectum","21041-21052","New Mexico","35","75-79 years","75-79",1002
,"Colon and Rectum","21041-21052","New Mexico","35","80-84 years","80-84",998
,"Colon and Rectum","21041-21052","New Mexico","35","85+ years","85+",1305
,"Colon and Rectum","21041-21052","New York","36","20-24 years","20-24",61
,"Colon and Rectum","21041-21052","New York","36","25-29 years","25-29",155
,"Colon and Rectum","21041-21052","New York","36","30-34 years","30-34",306
,"Colon and Rectum","21041-21052","New York","36","35-39 years","35-39",635
,"Colon and Rectum","21041-21052","New York","36","40-44 years","40-44",1229
,"Colon and Rectum","21041-21052","New York","36","45-49 years","45-49",2271
,"Colon and Rectum","21041-21052","New York","36","50-54 years","50-54",3902
,"Colon and Rectum","21041-21052","New York","36","55-59 years","55-59",5266
,"Colon and Rectum","21041-21052","New York","36","60-64 years ","60-64",6788
,"Colon and Rectum","21041-21052","New York","36","65-69 years","65-69",8134
,"Colon and Rectum","21041-21052","New York","36","70-74 years","70-74",9690
,"Colon and Rectum","21041-21052","New York","36","75-79 years","75-79",10719
,"Colon and Rectum","21041-21052","New York","36","80-84 years","80-84",11503
,"Colon and Rectum","21041-21052","New York","36","85+ years","85+",17897
,"Colon and Rectum","21041-21052","North Carolina","37","20-24 years","20-24",31
,"Colon and Rectum","21041-21052","North Carolina","37","25-29 years","25-29",72
,"Colon and Rectum","21041-21052","North Carolina","37","30-34 years","30-34",173
,"Colon and Rectum","21041-21052","North Carolina","37","35-39 years","35-39",358
,"Colon and Rectum","21041-21052","North Carolina","37","40-44 years","40-44",680
,"Colon and Rectum","21041-21052","North Carolina","37","45-49 years","45-49",1377
,"Colon and Rectum","21041-21052","North Carolina","37","50-54 years","50-54",2155
,"Colon and Rectum","21041-21052","North Carolina","37","55-59 years","55-59",3026
,"Colon and Rectum","21041-21052","North Carolina","37","60-64 years ","60-64",3721
,"Colon and Rectum","21041-21052","North Carolina","37","65-69 years","65-69",4236
,"Colon and Rectum","21041-21052","North Carolina","37","70-74 years","70-74",4446
,"Colon and Rectum","21041-21052","North Carolina","37","75-79 years","75-79",4601
,"Colon and Rectum","21041-21052","North Carolina","37","80-84 years","80-84",4437
,"Colon and Rectum","21041-21052","North Carolina","37","85+ years","85+",6080
,"Colon and Rectum","21041-21052","North Dakota","38","35-39 years","35-39",16
,"Colon and Rectum","21041-21052","North Dakota","38","40-44 years","40-44",38
,"Colon and Rectum","21041-21052","North Dakota","38","45-49 years","45-49",54
,"Colon and Rectum","21041-21052","North Dakota","38","50-54 years","50-54",126
,"Colon and Rectum","21041-21052","North Dakota","38","55-59 years","55-59",213
,"Colon and Rectum","21041-21052","North Dakota","38","60-64 years ","60-64",235
,"Colon and Rectum","21041-21052","North Dakota","38","65-69 years","65-69",303
,"Colon and Rectum","21041-21052","North Dakota","38","70-74 years","70-74",354
,"Colon and Rectum","21041-21052","North Dakota","38","75-79 years","75-79",408
,"Colon and Rectum","21041-21052","North Dakota","38","80-84 years","80-84",455
,"Colon and Rectum","21041-21052","North Dakota","38","85+ years","85+",807
,"Colon and Rectum","21041-21052","Ohio","39","20-24 years","20-24",26
,"Colon and Rectum","21041-21052","Ohio","39","25-29 years","25-29",70
,"Colon and Rectum","21041-21052","Ohio","39","30-34 years","30-34",202
,"Colon and Rectum","21041-21052","Ohio","39","35-39 years","35-39",385
,"Colon and Rectum","21041-21052","Ohio","39","40-44 years","40-44",751
,"Colon and Rectum","21041-21052","Ohio","39","45-49 years","45-49",1604
,"Colon and Rectum","21041-21052","Ohio","39","50-54 years","50-54",2780
,"Colon and Rectum","21041-21052","Ohio","39","55-59 years","55-59",3851
,"Colon and Rectum","21041-21052","Ohio","39","60-64 years ","60-64",4949
,"Colon and Rectum","21041-21052","Ohio","39","65-69 years","65-69",5923
,"Colon and Rectum","21041-21052","Ohio","39","70-74 years","70-74",6940
,"Colon and Rectum","21041-21052","Ohio","39","75-79 years","75-79",7666
,"Colon and Rectum","21041-21052","Ohio","39","80-84 years","80-84",7829
,"Colon and Rectum","21041-21052","Ohio","39","85+ years","85+",11122
,"Colon and Rectum","21041-21052","Oklahoma","40","25-29 years","25-29",39
,"Colon and Rectum","21041-21052","Oklahoma","40","30-34 years","30-34",66
,"Colon and Rectum","21041-21052","Oklahoma","40","35-39 years","35-39",180
,"Colon and Rectum","21041-21052","Oklahoma","40","40-44 years","40-44",308
,"Colon and Rectum","21041-21052","Oklahoma","40","45-49 years","45-49",571
,"Colon and Rectum","21041-21052","Oklahoma","40","50-54 years","50-54",975
,"Colon and Rectum","21041-21052","Oklahoma","40","55-59 years","55-59",1462
,"Colon and Rectum","21041-21052","Oklahoma","40","60-64 years ","60-64",1755
,"Colon and Rectum","21041-21052","Oklahoma","40","65-69 years","65-69",2042
,"Colon and Rectum","21041-21052","Oklahoma","40","70-74 years","70-74",2215
,"Colon and Rectum","21041-21052","Oklahoma","40","75-79 years","75-79",2226
,"Colon and Rectum","21041-21052","Oklahoma","40","80-84 years","80-84",2126
,"Colon and Rectum","21041-21052","Oklahoma","40","85+ years","85+",2920
,"Colon and Rectum","21041-21052","Oregon","41","25-29 years","25-29",24
,"Colon and Rectum","21041-21052","Oregon","41","30-34 years","30-34",55
,"Colon and Rectum","21041-21052","Oregon","41","35-39 years","35-39",124
,"Colon and Rectum","21041-21052","Oregon","41","40-44 years","40-44",222
,"Colon and Rectum","21041-21052","Oregon","41","45-49 years","45-49",446
,"Colon and Rectum","21041-21052","Oregon","41","50-54 years","50-54",711
,"Colon and Rectum","21041-21052","Oregon","41","55-59 years","55-59",1018
,"Colon and Rectum","21041-21052","Oregon","41","60-64 years ","60-64",1424
,"Colon and Rectum","21041-21052","Oregon","41","65-69 years","65-69",1641
,"Colon and Rectum","21041-21052","Oregon","41","70-74 years","70-74",1798
,"Colon and Rectum","21041-21052","Oregon","41","75-79 years","75-79",2086
,"Colon and Rectum","21041-21052","Oregon","41","80-84 years","80-84",2212
,"Colon and Rectum","21041-21052","Oregon","41","85+ years","85+",3375
,"Colon and Rectum","21041-21052","Pennsylvania","42","20-24 years","20-24",28
,"Colon and Rectum","21041-21052","Pennsylvania","42","25-29 years","25-29",67
,"Colon and Rectum","21041-21052","Pennsylvania","42","30-34 years","30-34",189
,"Colon and Rectum","21041-21052","Pennsylvania","42","35-39 years","35-39",419
,"Colon and Rectum","21041-21052","Pennsylvania","42","40-44 years","40-44",865
,"Colon and Rectum","21041-21052","Pennsylvania","42","45-49 years","45-49",1739
,"Colon and Rectum","21041-21052","Pennsylvania","42","50-54 years","50-54",2809
,"Colon and Rectum","21041-21052","Pennsylvania","42","55-59 years","55-59",4038
,"Colon and Rectum","21041-21052","Pennsylvania","42","60-64 years ","60-64",5181
,"Colon and Rectum","21041-21052","Pennsylvania","42","65-69 years","65-69",6499
,"Colon and Rectum","21041-21052","Pennsylvania","42","70-74 years","70-74",7955
,"Colon and Rectum","21041-21052","Pennsylvania","42","75-79 years","75-79",9417
,"Colon and Rectum","21041-21052","Pennsylvania","42","80-84 years","80-84",9961
,"Colon and Rectum","21041-21052","Pennsylvania","42","85+ years","85+",15056
,"Colon and Rectum","21041-21052","Rhode Island","44","35-39 years","35-39",36
,"Colon and Rectum","21041-21052","Rhode Island","44","40-44 years","40-44",55
,"Colon and Rectum","21041-21052","Rhode Island","44","45-49 years","45-49",118
,"Colon and Rectum","21041-21052","Rhode Island","44","50-54 years","50-54",223
,"Colon and Rectum","21041-21052","Rhode Island","44","55-59 years","55-59",301
,"Colon and Rectum","21041-21052","Rhode Island","44","60-64 years ","60-64",336
,"Colon and Rectum","21041-21052","Rhode Island","44","65-69 years","65-69",452
,"Colon and Rectum","21041-21052","Rhode Island","44","70-74 years","70-74",497
,"Colon and Rectum","21041-21052","Rhode Island","44","75-79 years","75-79",654
,"Colon and Rectum","21041-21052","Rhode Island","44","80-84 years","80-84",724
,"Colon and Rectum","21041-21052","Rhode Island","44","85+ years","85+",1237
,"Colon and Rectum","21041-21052","South Carolina","45","20-24 years","20-24",23
,"Colon and Rectum","21041-21052","South Carolina","45","25-29 years","25-29",42
,"Colon and Rectum","21041-21052","South Carolina","45","30-34 years","30-34",91
,"Colon and Rectum","21041-21052","South Carolina","45","35-39 years","35-39",195
,"Colon and Rectum","21041-21052","South Carolina","45","40-44 years","40-44",387
,"Colon and Rectum","21041-21052","South Carolina","45","45-49 years","45-49",790
,"Colon and Rectum","21041-21052","South Carolina","45","50-54 years","50-54",1182
,"Colon and Rectum","21041-21052","South Carolina","45","55-59 years","55-59",1682
,"Colon and Rectum","21041-21052","South Carolina","45","60-64 years ","60-64",2216
,"Colon and Rectum","21041-21052","South Carolina","45","65-69 years","65-69",2424
,"Colon and Rectum","21041-21052","South Carolina","45","70-74 years","70-74",2372
,"Colon and Rectum","21041-21052","South Carolina","45","75-79 years","75-79",2511
,"Colon and Rectum","21041-21052","South Carolina","45","80-84 years","80-84",2323
,"Colon and Rectum","21041-21052","South Carolina","45","85+ years","85+",2890
,"Colon and Rectum","21041-21052","South Dakota","46","35-39 years","35-39",21
,"Colon and Rectum","21041-21052","South Dakota","46","40-44 years","40-44",50
,"Colon and Rectum","21041-21052","South Dakota","46","45-49 years","45-49",97
,"Colon and Rectum","21041-21052","South Dakota","46","50-54 years","50-54",146
,"Colon and Rectum","21041-21052","South Dakota","46","55-59 years","55-59",223
,"Colon and Rectum","21041-21052","South Dakota","46","60-64 years ","60-64",309
,"Colon and Rectum","21041-21052","South Dakota","46","65-69 years","65-69",407
,"Colon and Rectum","21041-21052","South Dakota","46","70-74 years","70-74",456
,"Colon and Rectum","21041-21052","South Dakota","46","75-79 years","75-79",518
,"Colon and Rectum","21041-21052","South Dakota","46","80-84 years","80-84",551
,"Colon and Rectum","21041-21052","South Dakota","46","85+ years","85+",1039
,"Colon and Rectum","21041-21052","Tennessee","47","25-29 years","25-29",59
,"Colon and Rectum","21041-21052","Tennessee","47","30-34 years","30-34",130
,"Colon and Rectum","21041-21052","Tennessee","47","35-39 years","35-39",281
,"Colon and Rectum","21041-21052","Tennessee","47","40-44 years","40-44",528
,"Colon and Rectum","21041-21052","Tennessee","47","45-49 years","45-49",1000
,"Colon and Rectum","21041-21052","Tennessee","47","50-54 years","50-54",1731
,"Colon and Rectum","21041-21052","Tennessee","47","55-59 years","55-59",2387
,"Colon and Rectum","21041-21052","Tennessee","47","60-64 years ","60-64",2941
,"Colon and Rectum","21041-21052","Tennessee","47","65-69 years","65-69",3244
,"Colon and Rectum","21041-21052","Tennessee","47","70-74 years","70-74",3537
,"Colon and Rectum","21041-21052","Tennessee","47","75-79 years","75-79",3666
,"Colon and Rectum","21041-21052","Tennessee","47","80-84 years","80-84",3519
,"Colon and Rectum","21041-21052","Tennessee","47","85+ years","85+",4574
,"Colon and Rectum","21041-21052","Texas","48","15-19 years","15-19",24
,"Colon and Rectum","21041-21052","Texas","48","20-24 years","20-24",78
,"Colon and Rectum","21041-21052","Texas","48","25-29 years","25-29",178
,"Colon and Rectum","21041-21052","Texas","48","30-34 years","30-34",448
,"Colon and Rectum","21041-21052","Texas","48","35-39 years","35-39",935
,"Colon and Rectum","21041-21052","Texas","48","40-44 years","40-44",1709
,"Colon and Rectum","21041-21052","Texas","48","45-49 years","45-49",3344
,"Colon and Rectum","21041-21052","Texas","48","50-54 years","50-54",5338
,"Colon and Rectum","21041-21052","Texas","48","55-59 years","55-59",7591
,"Colon and Rectum","21041-21052","Texas","48","60-64 years ","60-64",9185
,"Colon and Rectum","21041-21052","Texas","48","65-69 years","65-69",9708
,"Colon and Rectum","21041-21052","Texas","48","70-74 years","70-74",9859
,"Colon and Rectum","21041-21052","Texas","48","75-79 years","75-79",10192
,"Colon and Rectum","21041-21052","Texas","48","80-84 years","80-84",9516
,"Colon and Rectum","21041-21052","Texas","48","85+ years","85+",13298
,"Colon and Rectum","21041-21052","Utah","49","25-29 years","25-29",24
,"Colon and Rectum","21041-21052","Utah","49","30-34 years","30-34",47
,"Colon and Rectum","21041-21052","Utah","49","35-39 years","35-39",87
,"Colon and Rectum","21041-21052","Utah","49","40-44 years","40-44",149
,"Colon and Rectum","21041-21052","Utah","49","45-49 years","45-49",260
,"Colon and Rectum","21041-21052","Utah","49","50-54 years","50-54",333
,"Colon and Rectum","21041-21052","Utah","49","55-59 years","55-59",426
,"Colon and Rectum","21041-21052","Utah","49","60-64 years ","60-64",591
,"Colon and Rectum","21041-21052","Utah","49","65-69 years","65-69",634
,"Colon and Rectum","21041-21052","Utah","49","70-74 years","70-74",713
,"Colon and Rectum","21041-21052","Utah","49","75-79 years","75-79",790
,"Colon and Rectum","21041-21052","Utah","49","80-84 years","80-84",725
,"Colon and Rectum","21041-21052","Utah","49","85+ years","85+",1128
,"Colon and Rectum","21041-21052","Vermont","50","35-39 years","35-39",23
,"Colon and Rectum","21041-21052","Vermont","50","40-44 years","40-44",46
,"Colon and Rectum","21041-21052","Vermont","50","45-49 years","45-49",80
,"Colon and Rectum","21041-21052","Vermont","50","50-54 years","50-54",134
,"Colon and Rectum","21041-21052","Vermont","50","55-59 years","55-59",185
,"Colon and Rectum","21041-21052","Vermont","50","60-64 years ","60-64",234
,"Colon and Rectum","21041-21052","Vermont","50","65-69 years","65-69",296
,"Colon and Rectum","21041-21052","Vermont","50","70-74 years","70-74",352
,"Colon and Rectum","21041-21052","Vermont","50","75-79 years","75-79",348
,"Colon and Rectum","21041-21052","Vermont","50","80-84 years","80-84",422
,"Colon and Rectum","21041-21052","Vermont","50","85+ years","85+",633
,"Colon and Rectum","21041-21052","Virginia","51","20-24 years","20-24",21
,"Colon and Rectum","21041-21052","Virginia","51","25-29 years","25-29",55
,"Colon and Rectum","21041-21052","Virginia","51","30-34 years","30-34",137
,"Colon and Rectum","21041-21052","Virginia","51","35-39 years","35-39",271
,"Colon and Rectum","21041-21052","Virginia","51","40-44 years","40-44",578
,"Colon and Rectum","21041-21052","Virginia","51","45-49 years","45-49",1064
,"Colon and Rectum","21041-21052","Virginia","51","50-54 years","50-54",1802
,"Colon and Rectum","21041-21052","Virginia","51","55-59 years","55-59",2408
,"Colon and Rectum","21041-21052","Virginia","51","60-64 years ","60-64",2972
,"Colon and Rectum","21041-21052","Virginia","51","65-69 years","65-69",3392
,"Colon and Rectum","21041-21052","Virginia","51","70-74 years","70-74",3758
,"Colon and Rectum","21041-21052","Virginia","51","75-79 years","75-79",3930
,"Colon and Rectum","21041-21052","Virginia","51","80-84 years","80-84",3816
,"Colon and Rectum","21041-21052","Virginia","51","85+ years","85+",5422
,"Colon and Rectum","21041-21052","Washington","53","20-24 years","20-24",17
,"Colon and Rectum","21041-21052","Washington","53","25-29 years","25-29",54
,"Colon and Rectum","21041-21052","Washington","53","30-34 years","30-34",103
,"Colon and Rectum","21041-21052","Washington","53","35-39 years","35-39",211
,"Colon and Rectum","21041-21052","Washington","53","40-44 years","40-44",390
,"Colon and Rectum","21041-21052","Washington","53","45-49 years","45-49",759
,"Colon and Rectum","21041-21052","Washington","53","50-54 years","50-54",1291
,"Colon and Rectum","21041-21052","Washington","53","55-59 years","55-59",1704
,"Colon and Rectum","21041-21052","Washington","53","60-64 years ","60-64",2226
,"Colon and Rectum","21041-21052","Washington","53","65-69 years","65-69",2486
,"Colon and Rectum","21041-21052","Washington","53","70-74 years","70-74",2787
,"Colon and Rectum","21041-21052","Washington","53","75-79 years","75-79",2889
,"Colon and Rectum","21041-21052","Washington","53","80-84 years","80-84",3036
,"Colon and Rectum","21041-21052","Washington","53","85+ years","85+",4980
,"Colon and Rectum","21041-21052","West Virginia","54","30-34 years","30-34",39
,"Colon and Rectum","21041-21052","West Virginia","54","35-39 years","35-39",62
,"Colon and Rectum","21041-21052","West Virginia","54","40-44 years","40-44",167
,"Colon and Rectum","21041-21052","West Virginia","54","45-49 years","45-49",283
,"Colon and Rectum","21041-21052","West Virginia","54","50-54 years","50-54",502
,"Colon and Rectum","21041-21052","West Virginia","54","55-59 years","55-59",777
,"Colon and Rectum","21041-21052","West Virginia","54","60-64 years ","60-64",1048
,"Colon and Rectum","21041-21052","West Virginia","54","65-69 years","65-69",1270
,"Colon and Rectum","21041-21052","West Virginia","54","70-74 years","70-74",1430
,"Colon and Rectum","21041-21052","West Virginia","54","75-79 years","75-79",1524
,"Colon and Rectum","21041-21052","West Virginia","54","80-84 years","80-84",1523
,"Colon and Rectum","21041-21052","West Virginia","54","85+ years","85+",1853
,"Colon and Rectum","21041-21052","Wisconsin","55","25-29 years","25-29",35
,"Colon and Rectum","21041-21052","Wisconsin","55","30-34 years","30-34",72
,"Colon and Rectum","21041-21052","Wisconsin","55","35-39 years","35-39",139
,"Colon and Rectum","21041-21052","Wisconsin","55","40-44 years","40-44",274
,"Colon and Rectum","21041-21052","Wisconsin","55","45-49 years","45-49",628
,"Colon and Rectum","21041-21052","Wisconsin","55","50-54 years","50-54",1060
,"Colon and Rectum","21041-21052","Wisconsin","55","55-59 years","55-59",1410
,"Colon and Rectum","21041-21052","Wisconsin","55","60-64 years ","60-64",1813
,"Colon and Rectum","21041-21052","Wisconsin","55","65-69 years","65-69",2268
,"Colon and Rectum","21041-21052","Wisconsin","55","70-74 years","70-74",2652
,"Colon and Rectum","21041-21052","Wisconsin","55","75-79 years","75-79",3117
,"Colon and Rectum","21041-21052","Wisconsin","55","80-84 years","80-84",3452
,"Colon and Rectum","21041-21052","Wisconsin","55","85+ years","85+",5594
,"Colon and Rectum","21041-21052","Wyoming","56","40-44 years","40-44",21
,"Colon and Rectum","21041-21052","Wyoming","56","45-49 years","45-49",51
,"Colon and Rectum","21041-21052","Wyoming","56","50-54 years","50-54",120
,"Colon and Rectum","21041-21052","Wyoming","56","55-59 years","55-59",164
,"Colon and Rectum","21041-21052","Wyoming","56","60-64 years ","60-64",213
,"Colon and Rectum","21041-21052","Wyoming","56","65-69 years","65-69",262
,"Colon and Rectum","21041-21052","Wyoming","56","70-74 years","70-74",263
,"Colon and Rectum","21041-21052","Wyoming","56","75-79 years","75-79",271
,"Colon and Rectum","21041-21052","Wyoming","56","80-84 years","80-84",298
,"Colon and Rectum","21041-21052","Wyoming","56","85+ years","85+",376
,"Corpus Uteri","27020","Alabama","01","45-49 years","45-49",34
,"Corpus Uteri","27020","Alabama","01","50-54 years","50-54",61
,"Corpus Uteri","27020","Alabama","01","55-59 years","55-59",107
,"Corpus Uteri","27020","Alabama","01","60-64 years ","60-64",177
,"Corpus Uteri","27020","Alabama","01","65-69 years","65-69",211
,"Corpus Uteri","27020","Alabama","01","70-74 years","70-74",236
,"Corpus Uteri","27020","Alabama","01","75-79 years","75-79",209
,"Corpus Uteri","27020","Alabama","01","80-84 years","80-84",169
,"Corpus Uteri","27020","Alabama","01","85+ years","85+",159
,"Corpus Uteri","27020","Alaska","02","60-64 years ","60-64",23
,"Corpus Uteri","27020","Alaska","02","65-69 years","65-69",16
,"Corpus Uteri","27020","Alaska","02","70-74 years","70-74",17
,"Corpus Uteri","27020","Arizona","04","40-44 years","40-44",24
,"Corpus Uteri","27020","Arizona","04","45-49 years","45-49",46
,"Corpus Uteri","27020","Arizona","04","50-54 years","50-54",68
,"Corpus Uteri","27020","Arizona","04","55-59 years","55-59",136
,"Corpus Uteri","27020","Arizona","04","60-64 years ","60-64",200
,"Corpus Uteri","27020","Arizona","04","65-69 years","65-69",239
,"Corpus Uteri","27020","Arizona","04","70-74 years","70-74",245
,"Corpus Uteri","27020","Arizona","04","75-79 years","75-79",208
,"Corpus Uteri","27020","Arizona","04","80-84 years","80-84",168
,"Corpus Uteri","27020","Arizona","04","85+ years","85+",155
,"Corpus Uteri","27020","Arkansas","05","50-54 years","50-54",38
,"Corpus Uteri","27020","Arkansas","05","55-59 years","55-59",39
,"Corpus Uteri","27020","Arkansas","05","60-64 years ","60-64",77
,"Corpus Uteri","27020","Arkansas","05","65-69 years","65-69",106
,"Corpus Uteri","27020","Arkansas","05","70-74 years","70-74",105
,"Corpus Uteri","27020","Arkansas","05","75-79 years","75-79",89
,"Corpus Uteri","27020","Arkansas","05","80-84 years","80-84",71
,"Corpus Uteri","27020","Arkansas","05","85+ years","85+",83
,"Corpus Uteri","27020","California","06","30-34 years","30-34",35
,"Corpus Uteri","27020","California","06","35-39 years","35-39",74
,"Corpus Uteri","27020","California","06","40-44 years","40-44",128
,"Corpus Uteri","27020","California","06","45-49 years","45-49",260
,"Corpus Uteri","27020","California","06","50-54 years","50-54",460
,"Corpus Uteri","27020","California","06","55-59 years","55-59",833
,"Corpus Uteri","27020","California","06","60-64 years ","60-64",1342
,"Corpus Uteri","27020","California","06","65-69 years","65-69",1553
,"Corpus Uteri","27020","California","06","70-74 years","70-74",1431
,"Corpus Uteri","27020","California","06","75-79 years","75-79",1224
,"Corpus Uteri","27020","California","06","80-84 years","80-84",1065
,"Corpus Uteri","27020","California","06","85+ years","85+",1233
,"Corpus Uteri","27020","Colorado","08","40-44 years","40-44",19
,"Corpus Uteri","27020","Colorado","08","45-49 years","45-49",38
,"Corpus Uteri","27020","Colorado","08","50-54 years","50-54",68
,"Corpus Uteri","27020","Colorado","08","55-59 years","55-59",115
,"Corpus Uteri","27020","Colorado","08","60-64 years ","60-64",158
,"Corpus Uteri","27020","Colorado","08","65-69 years","65-69",172
,"Corpus Uteri","27020","Colorado","08","70-74 years","70-74",159
,"Corpus Uteri","27020","Colorado","08","75-79 years","75-79",152
,"Corpus Uteri","27020","Colorado","08","80-84 years","80-84",114
,"Corpus Uteri","27020","Colorado","08","85+ years","85+",134
,"Corpus Uteri","27020","Connecticut","09","45-49 years","45-49",16
,"Corpus Uteri","27020","Connecticut","09","50-54 years","50-54",41
,"Corpus Uteri","27020","Connecticut","09","55-59 years","55-59",79
,"Corpus Uteri","27020","Connecticut","09","60-64 years ","60-64",129
,"Corpus Uteri","27020","Connecticut","09","65-69 years","65-69",190
,"Corpus Uteri","27020","Connecticut","09","70-74 years","70-74",182
,"Corpus Uteri","27020","Connecticut","09","75-79 years","75-79",173
,"Corpus Uteri","27020","Connecticut","09","80-84 years","80-84",146
,"Corpus Uteri","27020","Connecticut","09","85+ years","85+",184
,"Corpus Uteri","27020","Delaware","10","50-54 years","50-54",19
,"Corpus Uteri","27020","Delaware","10","55-59 years","55-59",27
,"Corpus Uteri","27020","Delaware","10","60-64 years ","60-64",42
,"Corpus Uteri","27020","Delaware","10","65-69 years","65-69",80
,"Corpus Uteri","27020","Delaware","10","70-74 years","70-74",62
,"Corpus Uteri","27020","Delaware","10","75-79 years","75-79",57
,"Corpus Uteri","27020","Delaware","10","80-84 years","80-84",45
,"Corpus Uteri","27020","Delaware","10","85+ years","85+",55
,"Corpus Uteri","27020","District of Columbia","11","50-54 years","50-54",18
,"Corpus Uteri","27020","District of Columbia","11","55-59 years","55-59",21
,"Corpus Uteri","27020","District of Columbia","11","60-64 years ","60-64",55
,"Corpus Uteri","27020","District of Columbia","11","65-69 years","65-69",71
,"Corpus Uteri","27020","District of Columbia","11","70-74 years","70-74",41
,"Corpus Uteri","27020","District of Columbia","11","75-79 years","75-79",36
,"Corpus Uteri","27020","District of Columbia","11","80-84 years","80-84",29
,"Corpus Uteri","27020","District of Columbia","11","85+ years","85+",50
,"Corpus Uteri","27020","Florida","12","30-34 years","30-34",19
,"Corpus Uteri","27020","Florida","12","35-39 years","35-39",34
,"Corpus Uteri","27020","Florida","12","40-44 years","40-44",73
,"Corpus Uteri","27020","Florida","12","45-49 years","45-49",129
,"Corpus Uteri","27020","Florida","12","50-54 years","50-54",231
,"Corpus Uteri","27020","Florida","12","55-59 years","55-59",480
,"Corpus Uteri","27020","Florida","12","60-64 years ","60-64",754
,"Corpus Uteri","27020","Florida","12","65-69 years","65-69",1015
,"Corpus Uteri","27020","Florida","12","70-74 years","70-74",1006
,"Corpus Uteri","27020","Florida","12","75-79 years","75-79",871
,"Corpus Uteri","27020","Florida","12","80-84 years","80-84",707
,"Corpus Uteri","27020","Florida","12","85+ years","85+",743
,"Corpus Uteri","27020","Georgia","13","35-39 years","35-39",17
,"Corpus Uteri","27020","Georgia","13","40-44 years","40-44",32
,"Corpus Uteri","27020","Georgia","13","45-49 years","45-49",66
,"Corpus Uteri","27020","Georgia","13","50-54 years","50-54",114
,"Corpus Uteri","27020","Georgia","13","55-59 years","55-59",250
,"Corpus Uteri","27020","Georgia","13","60-64 years ","60-64",403
,"Corpus Uteri","27020","Georgia","13","65-69 years","65-69",491
,"Corpus Uteri","27020","Georgia","13","70-74 years","70-74",481
,"Corpus Uteri","27020","Georgia","13","75-79 years","75-79",338
,"Corpus Uteri","27020","Georgia","13","80-84 years","80-84",230
,"Corpus Uteri","27020","Georgia","13","85+ years","85+",239
,"Corpus Uteri","27020","Hawaii","15","40-44 years","40-44",18
,"Corpus Uteri","27020","Hawaii","15","45-49 years","45-49",18
,"Corpus Uteri","27020","Hawaii","15","50-54 years","50-54",37
,"Corpus Uteri","27020","Hawaii","15","55-59 years","55-59",59
,"Corpus Uteri","27020","Hawaii","15","60-64 years ","60-64",77
,"Corpus Uteri","27020","Hawaii","15","65-69 years","65-69",67
,"Corpus Uteri","27020","Hawaii","15","70-74 years","70-74",65
,"Corpus Uteri","27020","Hawaii","15","75-79 years","75-79",67
,"Corpus Uteri","27020","Hawaii","15","80-84 years","80-84",48
,"Corpus Uteri","27020","Hawaii","15","85+ years","85+",52
,"Corpus Uteri","27020","Idaho","16","50-54 years","50-54",23
,"Corpus Uteri","27020","Idaho","16","55-59 years","55-59",33
,"Corpus Uteri","27020","Idaho","16","60-64 years ","60-64",67
,"Corpus Uteri","27020","Idaho","16","65-69 years","65-69",74
,"Corpus Uteri","27020","Idaho","16","70-74 years","70-74",87
,"Corpus Uteri","27020","Idaho","16","75-79 years","75-79",67
,"Corpus Uteri","27020","Idaho","16","80-84 years","80-84",57
,"Corpus Uteri","27020","Idaho","16","85+ years","85+",78
,"Corpus Uteri","27020","Illinois","17","40-44 years","40-44",46
,"Corpus Uteri","27020","Illinois","17","45-49 years","45-49",101
,"Corpus Uteri","27020","Illinois","17","50-54 years","50-54",175
,"Corpus Uteri","27020","Illinois","17","55-59 years","55-59",332
,"Corpus Uteri","27020","Illinois","17","60-64 years ","60-64",591
,"Corpus Uteri","27020","Illinois","17","65-69 years","65-69",701
,"Corpus Uteri","27020","Illinois","17","70-74 years","70-74",724
,"Corpus Uteri","27020","Illinois","17","75-79 years","75-79",607
,"Corpus Uteri","27020","Illinois","17","80-84 years","80-84",501
,"Corpus Uteri","27020","Illinois","17","85+ years","85+",571
,"Corpus Uteri","27020","Indiana","18","35-39 years","35-39",16
,"Corpus Uteri","27020","Indiana","18","40-44 years","40-44",21
,"Corpus Uteri","27020","Indiana","18","45-49 years","45-49",54
,"Corpus Uteri","27020","Indiana","18","50-54 years","50-54",98
,"Corpus Uteri","27020","Indiana","18","55-59 years","55-59",208
,"Corpus Uteri","27020","Indiana","18","60-64 years ","60-64",298
,"Corpus Uteri","27020","Indiana","18","65-69 years","65-69",372
,"Corpus Uteri","27020","Indiana","18","70-74 years","70-74",367
,"Corpus Uteri","27020","Indiana","18","75-79 years","75-79",286
,"Corpus Uteri","27020","Indiana","18","80-84 years","80-84",272
,"Corpus Uteri","27020","Indiana","18","85+ years","85+",311
,"Corpus Uteri","27020","Iowa","19","40-44 years","40-44",17
,"Corpus Uteri","27020","Iowa","19","45-49 years","45-49",18
,"Corpus Uteri","27020","Iowa","19","50-54 years","50-54",55
,"Corpus Uteri","27020","Iowa","19","55-59 years","55-59",92
,"Corpus Uteri","27020","Iowa","19","60-64 years ","60-64",150
,"Corpus Uteri","27020","Iowa","19","65-69 years","65-69",227
,"Corpus Uteri","27020","Iowa","19","70-74 years","70-74",186
,"Corpus Uteri","27020","Iowa","19","75-79 years","75-79",186
,"Corpus Uteri","27020","Iowa","19","80-84 years","80-84",189
,"Corpus Uteri","27020","Iowa","19","85+ years","85+",233
,"Corpus Uteri","27020","Kansas","20","50-54 years","50-54",26
,"Corpus Uteri","27020","Kansas","20","55-59 years","55-59",62
,"Corpus Uteri","27020","Kansas","20","60-64 years ","60-64",94
,"Corpus Uteri","27020","Kansas","20","65-69 years","65-69",106
,"Corpus Uteri","27020","Kansas","20","70-74 years","70-74",109
,"Corpus Uteri","27020","Kansas","20","75-79 years","75-79",101
,"Corpus Uteri","27020","Kansas","20","80-84 years","80-84",104
,"Corpus Uteri","27020","Kansas","20","85+ years","85+",150
,"Corpus Uteri","27020","Kentucky","21","40-44 years","40-44",25
,"Corpus Uteri","27020","Kentucky","21","45-49 years","45-49",30
,"Corpus Uteri","27020","Kentucky","21","50-54 years","50-54",62
,"Corpus Uteri","27020","Kentucky","21","55-59 years","55-59",101
,"Corpus Uteri","27020","Kentucky","21","60-64 years ","60-64",188
,"Corpus Uteri","27020","Kentucky","21","65-69 years","65-69",194
,"Corpus Uteri","27020","Kentucky","21","70-74 years","70-74",182
,"Corpus Uteri","27020","Kentucky","21","75-79 years","75-79",161
,"Corpus Uteri","27020","Kentucky","21","80-84 years","80-84",128
,"Corpus Uteri","27020","Kentucky","21","85+ years","85+",149
,"Corpus Uteri","27020","Louisiana","22","45-49 years","45-49",31
,"Corpus Uteri","27020","Louisiana","22","50-54 years","50-54",56
,"Corpus Uteri","27020","Louisiana","22","55-59 years","55-59",111
,"Corpus Uteri","27020","Louisiana","22","60-64 years ","60-64",180
,"Corpus Uteri","27020","Louisiana","22","65-69 years","65-69",205
,"Corpus Uteri","27020","Louisiana","22","70-74 years","70-74",179
,"Corpus Uteri","27020","Louisiana","22","75-79 years","75-79",153
,"Corpus Uteri","27020","Louisiana","22","80-84 years","80-84",121
,"Corpus Uteri","27020","Louisiana","22","85+ years","85+",112
,"Corpus Uteri","27020","Maine","23","50-54 years","50-54",26
,"Corpus Uteri","27020","Maine","23","55-59 years","55-59",59
,"Corpus Uteri","27020","Maine","23","60-64 years ","60-64",76
,"Corpus Uteri","27020","Maine","23","65-69 years","65-69",91
,"Corpus Uteri","27020","Maine","23","70-74 years","70-74",91
,"Corpus Uteri","27020","Maine","23","75-79 years","75-79",93
,"Corpus Uteri","27020","Maine","23","80-84 years","80-84",78
,"Corpus Uteri","27020","Maine","23","85+ years","85+",108
,"Corpus Uteri","27020","Maryland","24","40-44 years","40-44",22
,"Corpus Uteri","27020","Maryland","24","45-49 years","45-49",45
,"Corpus Uteri","27020","Maryland","24","50-54 years","50-54",95
,"Corpus Uteri","27020","Maryland","24","55-59 years","55-59",177
,"Corpus Uteri","27020","Maryland","24","60-64 years ","60-64",321
,"Corpus Uteri","27020","Maryland","24","65-69 years","65-69",397
,"Corpus Uteri","27020","Maryland","24","70-74 years","70-74",326
,"Corpus Uteri","27020","Maryland","24","75-79 years","75-79",311
,"Corpus Uteri","27020","Maryland","24","80-84 years","80-84",201
,"Corpus Uteri","27020","Maryland","24","85+ years","85+",247
,"Corpus Uteri","27020","Massachusetts","25","40-44 years","40-44",19
,"Corpus Uteri","27020","Massachusetts","25","45-49 years","45-49",23
,"Corpus Uteri","27020","Massachusetts","25","50-54 years","50-54",70
,"Corpus Uteri","27020","Massachusetts","25","55-59 years","55-59",220
,"Corpus Uteri","27020","Massachusetts","25","60-64 years ","60-64",329
,"Corpus Uteri","27020","Massachusetts","25","65-69 years","65-69",391
,"Corpus Uteri","27020","Massachusetts","25","70-74 years","70-74",455
,"Corpus Uteri","27020","Massachusetts","25","75-79 years","75-79",380
,"Corpus Uteri","27020","Massachusetts","25","80-84 years","80-84",335
,"Corpus Uteri","27020","Massachusetts","25","85+ years","85+",408
,"Corpus Uteri","27020","Michigan","26","35-39 years","35-39",16
,"Corpus Uteri","27020","Michigan","26","40-44 years","40-44",47
,"Corpus Uteri","27020","Michigan","26","45-49 years","45-49",72
,"Corpus Uteri","27020","Michigan","26","50-54 years","50-54",167
,"Corpus Uteri","27020","Michigan","26","55-59 years","55-59",284
,"Corpus Uteri","27020","Michigan","26","60-64 years ","60-64",438
,"Corpus Uteri","27020","Michigan","26","65-69 years","65-69",595
,"Corpus Uteri","27020","Michigan","26","70-74 years","70-74",560
,"Corpus Uteri","27020","Michigan","26","75-79 years","75-79",505
,"Corpus Uteri","27020","Michigan","26","80-84 years","80-84",399
,"Corpus Uteri","27020","Michigan","26","85+ years","85+",465
,"Corpus Uteri","27020","Minnesota","27","35-39 years","35-39",16
,"Corpus Uteri","27020","Minnesota","27","40-44 years","40-44",17
,"Corpus Uteri","27020","Minnesota","27","45-49 years","45-49",37
,"Corpus Uteri","27020","Minnesota","27","50-54 years","50-54",67
,"Corpus Uteri","27020","Minnesota","27","55-59 years","55-59",148
,"Corpus Uteri","27020","Minnesota","27","60-64 years ","60-64",225
,"Corpus Uteri","27020","Minnesota","27","65-69 years","65-69",256
,"Corpus Uteri","27020","Minnesota","27","70-74 years","70-74",302
,"Corpus Uteri","27020","Minnesota","27","75-79 years","75-79",291
,"Corpus Uteri","27020","Minnesota","27","80-84 years","80-84",267
,"Corpus Uteri","27020","Minnesota","27","85+ years","85+",353
,"Corpus Uteri","27020","Mississippi","28","45-49 years","45-49",23
,"Corpus Uteri","27020","Mississippi","28","50-54 years","50-54",33
,"Corpus Uteri","27020","Mississippi","28","55-59 years","55-59",67
,"Corpus Uteri","27020","Mississippi","28","60-64 years ","60-64",114
,"Corpus Uteri","27020","Mississippi","28","65-69 years","65-69",115
,"Corpus Uteri","27020","Mississippi","28","70-74 years","70-74",115
,"Corpus Uteri","27020","Mississippi","28","75-79 years","75-79",93
,"Corpus Uteri","27020","Mississippi","28","80-84 years","80-84",70
,"Corpus Uteri","27020","Mississippi","28","85+ years","85+",60
,"Corpus Uteri","27020","Missouri","29","40-44 years","40-44",27
,"Corpus Uteri","27020","Missouri","29","45-49 years","45-49",55
,"Corpus Uteri","27020","Missouri","29","50-54 years","50-54",78
,"Corpus Uteri","27020","Missouri","29","55-59 years","55-59",170
,"Corpus Uteri","27020","Missouri","29","60-64 years ","60-64",246
,"Corpus Uteri","27020","Missouri","29","65-69 years","65-69",354
,"Corpus Uteri","27020","Missouri","29","70-74 years","70-74",330
,"Corpus Uteri","27020","Missouri","29","75-79 years","75-79",301
,"Corpus Uteri","27020","Missouri","29","80-84 years","80-84",192
,"Corpus Uteri","27020","Missouri","29","85+ years","85+",275
,"Corpus Uteri","27020","Montana","30","55-59 years","55-59",21
,"Corpus Uteri","27020","Montana","30","60-64 years ","60-64",40
,"Corpus Uteri","27020","Montana","30","65-69 years","65-69",49
,"Corpus Uteri","27020","Montana","30","70-74 years","70-74",55
,"Corpus Uteri","27020","Montana","30","75-79 years","75-79",57
,"Corpus Uteri","27020","Montana","30","80-84 years","80-84",34
,"Corpus Uteri","27020","Montana","30","85+ years","85+",52
,"Corpus Uteri","27020","Nebraska","31","45-49 years","45-49",18
,"Corpus Uteri","27020","Nebraska","31","50-54 years","50-54",33
,"Corpus Uteri","27020","Nebraska","31","55-59 years","55-59",59
,"Corpus Uteri","27020","Nebraska","31","60-64 years ","60-64",66
,"Corpus Uteri","27020","Nebraska","31","65-69 years","65-69",101
,"Corpus Uteri","27020","Nebraska","31","70-74 years","70-74",122
,"Corpus Uteri","27020","Nebraska","31","75-79 years","75-79",114
,"Corpus Uteri","27020","Nebraska","31","80-84 years","80-84",81
,"Corpus Uteri","27020","Nebraska","31","85+ years","85+",123
,"Corpus Uteri","27020","Nevada","32","50-54 years","50-54",32
,"Corpus Uteri","27020","Nevada","32","55-59 years","55-59",53
,"Corpus Uteri","27020","Nevada","32","60-64 years ","60-64",59
,"Corpus Uteri","27020","Nevada","32","65-69 years","65-69",81
,"Corpus Uteri","27020","Nevada","32","70-74 years","70-74",88
,"Corpus Uteri","27020","Nevada","32","75-79 years","75-79",65
,"Corpus Uteri","27020","Nevada","32","80-84 years","80-84",39
,"Corpus Uteri","27020","Nevada","32","85+ years","85+",40
,"Corpus Uteri","27020","New Hampshire","33","50-54 years","50-54",23
,"Corpus Uteri","27020","New Hampshire","33","55-59 years","55-59",40
,"Corpus Uteri","27020","New Hampshire","33","60-64 years ","60-64",61
,"Corpus Uteri","27020","New Hampshire","33","65-69 years","65-69",82
,"Corpus Uteri","27020","New Hampshire","33","70-74 years","70-74",88
,"Corpus Uteri","27020","New Hampshire","33","75-79 years","75-79",90
,"Corpus Uteri","27020","New Hampshire","33","80-84 years","80-84",66
,"Corpus Uteri","27020","New Hampshire","33","85+ years","85+",103
,"Corpus Uteri","27020","New Jersey","34","40-44 years","40-44",21
,"Corpus Uteri","27020","New Jersey","34","45-49 years","45-49",58
,"Corpus Uteri","27020","New Jersey","34","50-54 years","50-54",129
,"Corpus Uteri","27020","New Jersey","34","55-59 years","55-59",254
,"Corpus Uteri","27020","New Jersey","34","60-64 years ","60-64",427
,"Corpus Uteri","27020","New Jersey","34","65-69 years","65-69",520
,"Corpus Uteri","27020","New Jersey","34","70-74 years","70-74",486
,"Corpus Uteri","27020","New Jersey","34","75-79 years","75-79",439
,"Corpus Uteri","27020","New Jersey","34","80-84 years","80-84",399
,"Corpus Uteri","27020","New Jersey","34","85+ years","85+",398
,"Corpus Uteri","27020","New Mexico","35","50-54 years","50-54",27
,"Corpus Uteri","27020","New Mexico","35","55-59 years","55-59",51
,"Corpus Uteri","27020","New Mexico","35","60-64 years ","60-64",71
,"Corpus Uteri","27020","New Mexico","35","65-69 years","65-69",86
,"Corpus Uteri","27020","New Mexico","35","70-74 years","70-74",86
,"Corpus Uteri","27020","New Mexico","35","75-79 years","75-79",73
,"Corpus Uteri","27020","New Mexico","35","80-84 years","80-84",64
,"Corpus Uteri","27020","New Mexico","35","85+ years","85+",64
,"Corpus Uteri","27020","New York","36","35-39 years","35-39",35
,"Corpus Uteri","27020","New York","36","40-44 years","40-44",55
,"Corpus Uteri","27020","New York","36","45-49 years","45-49",109
,"Corpus Uteri","27020","New York","36","50-54 years","50-54",297
,"Corpus Uteri","27020","New York","36","55-59 years","55-59",555
,"Corpus Uteri","27020","New York","36","60-64 years ","60-64",1004
,"Corpus Uteri","27020","New York","36","65-69 years","65-69",1204
,"Corpus Uteri","27020","New York","36","70-74 years","70-74",1195
,"Corpus Uteri","27020","New York","36","75-79 years","75-79",1038
,"Corpus Uteri","27020","New York","36","80-84 years","80-84",836
,"Corpus Uteri","27020","New York","36","85+ years","85+",940
,"Corpus Uteri","27020","North Carolina","37","35-39 years","35-39",20
,"Corpus Uteri","27020","North Carolina","37","40-44 years","40-44",26
,"Corpus Uteri","27020","North Carolina","37","45-49 years","45-49",70
,"Corpus Uteri","27020","North Carolina","37","50-54 years","50-54",120
,"Corpus Uteri","27020","North Carolina","37","55-59 years","55-59",269
,"Corpus Uteri","27020","North Carolina","37","60-64 years ","60-64",447
,"Corpus Uteri","27020","North Carolina","37","65-69 years","65-69",619
,"Corpus Uteri","27020","North Carolina","37","70-74 years","70-74",567
,"Corpus Uteri","27020","North Carolina","37","75-79 years","75-79",499
,"Corpus Uteri","27020","North Carolina","37","80-84 years","80-84",388
,"Corpus Uteri","27020","North Carolina","37","85+ years","85+",411
,"Corpus Uteri","27020","North Dakota","38","60-64 years ","60-64",33
,"Corpus Uteri","27020","North Dakota","38","65-69 years","65-69",32
,"Corpus Uteri","27020","North Dakota","38","70-74 years","70-74",28
,"Corpus Uteri","27020","North Dakota","38","75-79 years","75-79",35
,"Corpus Uteri","27020","North Dakota","38","80-84 years","80-84",40
,"Corpus Uteri","27020","North Dakota","38","85+ years","85+",53
,"Corpus Uteri","27020","Ohio","39","35-39 years","35-39",16
,"Corpus Uteri","27020","Ohio","39","40-44 years","40-44",45
,"Corpus Uteri","27020","Ohio","39","45-49 years","45-49",97
,"Corpus Uteri","27020","Ohio","39","50-54 years","50-54",184
,"Corpus Uteri","27020","Ohio","39","55-59 years","55-59",319
,"Corpus Uteri","27020","Ohio","39","60-64 years ","60-64",580
,"Corpus Uteri","27020","Ohio","39","65-69 years","65-69",706
,"Corpus Uteri","27020","Ohio","39","70-74 years","70-74",715
,"Corpus Uteri","27020","Ohio","39","75-79 years","75-79",628
,"Corpus Uteri","27020","Ohio","39","80-84 years","80-84",530
,"Corpus Uteri","27020","Ohio","39","85+ years","85+",564
,"Corpus Uteri","27020","Oklahoma","40","45-49 years","45-49",29
,"Corpus Uteri","27020","Oklahoma","40","50-54 years","50-54",50
,"Corpus Uteri","27020","Oklahoma","40","55-59 years","55-59",98
,"Corpus Uteri","27020","Oklahoma","40","60-64 years ","60-64",159
,"Corpus Uteri","27020","Oklahoma","40","65-69 years","65-69",187
,"Corpus Uteri","27020","Oklahoma","40","70-74 years","70-74",188
,"Corpus Uteri","27020","Oklahoma","40","75-79 years","75-79",153
,"Corpus Uteri","27020","Oklahoma","40","80-84 years","80-84",108
,"Corpus Uteri","27020","Oklahoma","40","85+ years","85+",126
,"Corpus Uteri","27020","Oregon","41","40-44 years","40-44",16
,"Corpus Uteri","27020","Oregon","41","45-49 years","45-49",35
,"Corpus Uteri","27020","Oregon","41","50-54 years","50-54",62
,"Corpus Uteri","27020","Oregon","41","55-59 years","55-59",94
,"Corpus Uteri","27020","Oregon","41","60-64 years ","60-64",188
,"Corpus Uteri","27020","Oregon","41","65-69 years","65-69",212
,"Corpus Uteri","27020","Oregon","41","70-74 years","70-74",221
,"Corpus Uteri","27020","Oregon","41","75-79 years","75-79",169
,"Corpus Uteri","27020","Oregon","41","80-84 years","80-84",180
,"Corpus Uteri","27020","Oregon","41","85+ years","85+",191
,"Corpus Uteri","27020","Pennsylvania","42","35-39 years","35-39",20
,"Corpus Uteri","27020","Pennsylvania","42","40-44 years","40-44",43
,"Corpus Uteri","27020","Pennsylvania","42","45-49 years","45-49",92
,"Corpus Uteri","27020","Pennsylvania","42","50-54 years","50-54",214
,"Corpus Uteri","27020","Pennsylvania","42","55-59 years","55-59",397
,"Corpus Uteri","27020","Pennsylvania","42","60-64 years ","60-64",705
,"Corpus Uteri","27020","Pennsylvania","42","65-69 years","65-69",832
,"Corpus Uteri","27020","Pennsylvania","42","70-74 years","70-74",916
,"Corpus Uteri","27020","Pennsylvania","42","75-79 years","75-79",876
,"Corpus Uteri","27020","Pennsylvania","42","80-84 years","80-84",694
,"Corpus Uteri","27020","Pennsylvania","42","85+ years","85+",789
,"Corpus Uteri","27020","Rhode Island","44","55-59 years","55-59",31
,"Corpus Uteri","27020","Rhode Island","44","60-64 years ","60-64",43
,"Corpus Uteri","27020","Rhode Island","44","65-69 years","65-69",68
,"Corpus Uteri","27020","Rhode Island","44","70-74 years","70-74",66
,"Corpus Uteri","27020","Rhode Island","44","75-79 years","75-79",76
,"Corpus Uteri","27020","Rhode Island","44","80-84 years","80-84",50
,"Corpus Uteri","27020","Rhode Island","44","85+ years","85+",70
,"Corpus Uteri","27020","South Carolina","45","35-39 years","35-39",18
,"Corpus Uteri","27020","South Carolina","45","40-44 years","40-44",19
,"Corpus Uteri","27020","South Carolina","45","45-49 years","45-49",28
,"Corpus Uteri","27020","South Carolina","45","50-54 years","50-54",74
,"Corpus Uteri","27020","South Carolina","45","55-59 years","55-59",138
,"Corpus Uteri","27020","South Carolina","45","60-64 years ","60-64",270
,"Corpus Uteri","27020","South Carolina","45","65-69 years","65-69",322
,"Corpus Uteri","27020","South Carolina","45","70-74 years","70-74",316
,"Corpus Uteri","27020","South Carolina","45","75-79 years","75-79",277
,"Corpus Uteri","27020","South Carolina","45","80-84 years","80-84",179
,"Corpus Uteri","27020","South Carolina","45","85+ years","85+",189
,"Corpus Uteri","27020","South Dakota","46","50-54 years","50-54",17
,"Corpus Uteri","27020","South Dakota","46","55-59 years","55-59",19
,"Corpus Uteri","27020","South Dakota","46","60-64 years ","60-64",47
,"Corpus Uteri","27020","South Dakota","46","65-69 years","65-69",37
,"Corpus Uteri","27020","South Dakota","46","70-74 years","70-74",47
,"Corpus Uteri","27020","South Dakota","46","75-79 years","75-79",45
,"Corpus Uteri","27020","South Dakota","46","80-84 years","80-84",37
,"Corpus Uteri","27020","South Dakota","46","85+ years","85+",63
,"Corpus Uteri","27020","Tennessee","47","40-44 years","40-44",19
,"Corpus Uteri","27020","Tennessee","47","45-49 years","45-49",40
,"Corpus Uteri","27020","Tennessee","47","50-54 years","50-54",75
,"Corpus Uteri","27020","Tennessee","47","55-59 years","55-59",145
,"Corpus Uteri","27020","Tennessee","47","60-64 years ","60-64",230
,"Corpus Uteri","27020","Tennessee","47","65-69 years","65-69",252
,"Corpus Uteri","27020","Tennessee","47","70-74 years","70-74",282
,"Corpus Uteri","27020","Tennessee","47","75-79 years","75-79",228
,"Corpus Uteri","27020","Tennessee","47","80-84 years","80-84",180
,"Corpus Uteri","27020","Tennessee","47","85+ years","85+",191
,"Corpus Uteri","27020","Texas","48","30-34 years","30-34",35
,"Corpus Uteri","27020","Texas","48","35-39 years","35-39",61
,"Corpus Uteri","27020","Texas","48","40-44 years","40-44",121
,"Corpus Uteri","27020","Texas","48","45-49 years","45-49",162
,"Corpus Uteri","27020","Texas","48","50-54 years","50-54",295
,"Corpus Uteri","27020","Texas","48","55-59 years","55-59",534
,"Corpus Uteri","27020","Texas","48","60-64 years ","60-64",760
,"Corpus Uteri","27020","Texas","48","65-69 years","65-69",911
,"Corpus Uteri","27020","Texas","48","70-74 years","70-74",858
,"Corpus Uteri","27020","Texas","48","75-79 years","75-79",660
,"Corpus Uteri","27020","Texas","48","80-84 years","80-84",501
,"Corpus Uteri","27020","Texas","48","85+ years","85+",530
,"Corpus Uteri","27020","Utah","49","50-54 years","50-54",25
,"Corpus Uteri","27020","Utah","49","55-59 years","55-59",49
,"Corpus Uteri","27020","Utah","49","60-64 years ","60-64",72
,"Corpus Uteri","27020","Utah","49","65-69 years","65-69",82
,"Corpus Uteri","27020","Utah","49","70-74 years","70-74",71
,"Corpus Uteri","27020","Utah","49","75-79 years","75-79",68
,"Corpus Uteri","27020","Utah","49","80-84 years","80-84",82
,"Corpus Uteri","27020","Utah","49","85+ years","85+",67
,"Corpus Uteri","27020","Vermont","50","55-59 years","55-59",22
,"Corpus Uteri","27020","Vermont","50","60-64 years ","60-64",37
,"Corpus Uteri","27020","Vermont","50","65-69 years","65-69",52
,"Corpus Uteri","27020","Vermont","50","70-74 years","70-74",47
,"Corpus Uteri","27020","Vermont","50","75-79 years","75-79",53
,"Corpus Uteri","27020","Vermont","50","80-84 years","80-84",43
,"Corpus Uteri","27020","Vermont","50","85+ years","85+",43
,"Corpus Uteri","27020","Virginia","51","35-39 years","35-39",21
,"Corpus Uteri","27020","Virginia","51","40-44 years","40-44",23
,"Corpus Uteri","27020","Virginia","51","45-49 years","45-49",64
,"Corpus Uteri","27020","Virginia","51","50-54 years","50-54",106
,"Corpus Uteri","27020","Virginia","51","55-59 years","55-59",218
,"Corpus Uteri","27020","Virginia","51","60-64 years ","60-64",384
,"Corpus Uteri","27020","Virginia","51","65-69 years","65-69",441
,"Corpus Uteri","27020","Virginia","51","70-74 years","70-74",421
,"Corpus Uteri","27020","Virginia","51","75-79 years","75-79",359
,"Corpus Uteri","27020","Virginia","51","80-84 years","80-84",295
,"Corpus Uteri","27020","Virginia","51","85+ years","85+",273
,"Corpus Uteri","27020","Washington","53","40-44 years","40-44",19
,"Corpus Uteri","27020","Washington","53","45-49 years","45-49",66
,"Corpus Uteri","27020","Washington","53","50-54 years","50-54",107
,"Corpus Uteri","27020","Washington","53","55-59 years","55-59",168
,"Corpus Uteri","27020","Washington","53","60-64 years ","60-64",260
,"Corpus Uteri","27020","Washington","53","65-69 years","65-69",320
,"Corpus Uteri","27020","Washington","53","70-74 years","70-74",318
,"Corpus Uteri","27020","Washington","53","75-79 years","75-79",274
,"Corpus Uteri","27020","Washington","53","80-84 years","80-84",231
,"Corpus Uteri","27020","Washington","53","85+ years","85+",339
,"Corpus Uteri","27020","West Virginia","54","50-54 years","50-54",38
,"Corpus Uteri","27020","West Virginia","54","55-59 years","55-59",77
,"Corpus Uteri","27020","West Virginia","54","60-64 years ","60-64",89
,"Corpus Uteri","27020","West Virginia","54","65-69 years","65-69",110
,"Corpus Uteri","27020","West Virginia","54","70-74 years","70-74",132
,"Corpus Uteri","27020","West Virginia","54","75-79 years","75-79",97
,"Corpus Uteri","27020","West Virginia","54","80-84 years","80-84",86
,"Corpus Uteri","27020","West Virginia","54","85+ years","85+",87
,"Corpus Uteri","27020","Wisconsin","55","40-44 years","40-44",16
,"Corpus Uteri","27020","Wisconsin","55","45-49 years","45-49",48
,"Corpus Uteri","27020","Wisconsin","55","50-54 years","50-54",80
,"Corpus Uteri","27020","Wisconsin","55","55-59 years","55-59",189
,"Corpus Uteri","27020","Wisconsin","55","60-64 years ","60-64",278
,"Corpus Uteri","27020","Wisconsin","55","65-69 years","65-69",322
,"Corpus Uteri","27020","Wisconsin","55","70-74 years","70-74",376
,"Corpus Uteri","27020","Wisconsin","55","75-79 years","75-79",326
,"Corpus Uteri","27020","Wisconsin","55","80-84 years","80-84",331
,"Corpus Uteri","27020","Wisconsin","55","85+ years","85+",357
,"Corpus Uteri","27020","Wyoming","56","60-64 years ","60-64",31
,"Corpus Uteri","27020","Wyoming","56","75-79 years","75-79",20
,"Corpus Uteri","27020","Wyoming","56","85+ years","85+",17
,"Esophagus","21010","Alabama","01","35-39 years","35-39",40
,"Esophagus","21010","Alabama","01","40-44 years","40-44",72
,"Esophagus","21010","Alabama","01","45-49 years","45-49",210
,"Esophagus","21010","Alabama","01","50-54 years","50-54",378
,"Esophagus","21010","Alabama","01","55-59 years","55-59",631
,"Esophagus","21010","Alabama","01","60-64 years ","60-64",733
,"Esophagus","21010","Alabama","01","65-69 years","65-69",801
,"Esophagus","21010","Alabama","01","70-74 years","70-74",718
,"Esophagus","21010","Alabama","01","75-79 years","75-79",577
,"Esophagus","21010","Alabama","01","80-84 years","80-84",413
,"Esophagus","21010","Alabama","01","85+ years","85+",363
,"Esophagus","21010","Alaska","02","45-49 years","45-49",20
,"Esophagus","21010","Alaska","02","50-54 years","50-54",37
,"Esophagus","21010","Alaska","02","55-59 years","55-59",88
,"Esophagus","21010","Alaska","02","60-64 years ","60-64",96
,"Esophagus","21010","Alaska","02","65-69 years","65-69",102
,"Esophagus","21010","Alaska","02","70-74 years","70-74",86
,"Esophagus","21010","Alaska","02","75-79 years","75-79",75
,"Esophagus","21010","Alaska","02","80-84 years","80-84",47
,"Esophagus","21010","Alaska","02","85+ years","85+",44
,"Esophagus","21010","Arizona","04","35-39 years","35-39",23
,"Esophagus","21010","Arizona","04","40-44 years","40-44",65
,"Esophagus","21010","Arizona","04","45-49 years","45-49",173
,"Esophagus","21010","Arizona","04","50-54 years","50-54",356
,"Esophagus","21010","Arizona","04","55-59 years","55-59",556
,"Esophagus","21010","Arizona","04","60-64 years ","60-64",794
,"Esophagus","21010","Arizona","04","65-69 years","65-69",1053
,"Esophagus","21010","Arizona","04","70-74 years","70-74",1076
,"Esophagus","21010","Arizona","04","75-79 years","75-79",897
,"Esophagus","21010","Arizona","04","80-84 years","80-84",766
,"Esophagus","21010","Arizona","04","85+ years","85+",658
,"Esophagus","21010","Arkansas","05","35-39 years","35-39",16
,"Esophagus","21010","Arkansas","05","40-44 years","40-44",60
,"Esophagus","21010","Arkansas","05","45-49 years","45-49",129
,"Esophagus","21010","Arkansas","05","50-54 years","50-54",214
,"Esophagus","21010","Arkansas","05","55-59 years","55-59",369
,"Esophagus","21010","Arkansas","05","60-64 years ","60-64",469
,"Esophagus","21010","Arkansas","05","65-69 years","65-69",502
,"Esophagus","21010","Arkansas","05","70-74 years","70-74",442
,"Esophagus","21010","Arkansas","05","75-79 years","75-79",399
,"Esophagus","21010","Arkansas","05","80-84 years","80-84",259
,"Esophagus","21010","Arkansas","05","85+ years","85+",238
,"Esophagus","21010","California","06","25-29 years","25-29",24
,"Esophagus","21010","California","06","30-34 years","30-34",46
,"Esophagus","21010","California","06","35-39 years","35-39",148
,"Esophagus","21010","California","06","40-44 years","40-44",343
,"Esophagus","21010","California","06","45-49 years","45-49",803
,"Esophagus","21010","California","06","50-54 years","50-54",1576
,"Esophagus","21010","California","06","55-59 years","55-59",2660
,"Esophagus","21010","California","06","60-64 years ","60-64",3454
,"Esophagus","21010","California","06","65-69 years","65-69",4172
,"Esophagus","21010","California","06","70-74 years","70-74",4332
,"Esophagus","21010","California","06","75-79 years","75-79",4168
,"Esophagus","21010","California","06","80-84 years","80-84",3431
,"Esophagus","21010","California","06","85+ years","85+",3703
,"Esophagus","21010","Colorado","08","35-39 years","35-39",19
,"Esophagus","21010","Colorado","08","40-44 years","40-44",61
,"Esophagus","21010","Colorado","08","45-49 years","45-49",143
,"Esophagus","21010","Colorado","08","50-54 years","50-54",247
,"Esophagus","21010","Colorado","08","55-59 years","55-59",430
,"Esophagus","21010","Colorado","08","60-64 years ","60-64",609
,"Esophagus","21010","Colorado","08","65-69 years","65-69",694
,"Esophagus","21010","Colorado","08","70-74 years","70-74",652
,"Esophagus","21010","Colorado","08","75-79 years","75-79",592
,"Esophagus","21010","Colorado","08","80-84 years","80-84",456
,"Esophagus","21010","Colorado","08","85+ years","85+",434
,"Esophagus","21010","Connecticut","09","40-44 years","40-44",43
,"Esophagus","21010","Connecticut","09","45-49 years","45-49",106
,"Esophagus","21010","Connecticut","09","50-54 years","50-54",206
,"Esophagus","21010","Connecticut","09","55-59 years","55-59",339
,"Esophagus","21010","Connecticut","09","60-64 years ","60-64",559
,"Esophagus","21010","Connecticut","09","65-69 years","65-69",587
,"Esophagus","21010","Connecticut","09","70-74 years","70-74",593
,"Esophagus","21010","Connecticut","09","75-79 years","75-79",580
,"Esophagus","21010","Connecticut","09","80-84 years","80-84",483
,"Esophagus","21010","Connecticut","09","85+ years","85+",517
,"Esophagus","21010","Delaware","10","45-49 years","45-49",30
,"Esophagus","21010","Delaware","10","50-54 years","50-54",68
,"Esophagus","21010","Delaware","10","55-59 years","55-59",112
,"Esophagus","21010","Delaware","10","60-64 years ","60-64",123
,"Esophagus","21010","Delaware","10","65-69 years","65-69",174
,"Esophagus","21010","Delaware","10","70-74 years","70-74",160
,"Esophagus","21010","Delaware","10","75-79 years","75-79",150
,"Esophagus","21010","Delaware","10","80-84 years","80-84",121
,"Esophagus","21010","Delaware","10","85+ years","85+",100
,"Esophagus","21010","District of Columbia","11","45-49 years","45-49",21
,"Esophagus","21010","District of Columbia","11","50-54 years","50-54",53
,"Esophagus","21010","District of Columbia","11","55-59 years","55-59",78
,"Esophagus","21010","District of Columbia","11","60-64 years ","60-64",96
,"Esophagus","21010","District of Columbia","11","65-69 years","65-69",105
,"Esophagus","21010","District of Columbia","11","70-74 years","70-74",102
,"Esophagus","21010","District of Columbia","11","75-79 years","75-79",77
,"Esophagus","21010","District of Columbia","11","80-84 years","80-84",71
,"Esophagus","21010","District of Columbia","11","85+ years","85+",59
,"Esophagus","21010","Florida","12","30-34 years","30-34",39
,"Esophagus","21010","Florida","12","35-39 years","35-39",73
,"Esophagus","21010","Florida","12","40-44 years","40-44",226
,"Esophagus","21010","Florida","12","45-49 years","45-49",567
,"Esophagus","21010","Florida","12","50-54 years","50-54",1246
,"Esophagus","21010","Florida","12","55-59 years","55-59",2055
,"Esophagus","21010","Florida","12","60-64 years ","60-64",2979
,"Esophagus","21010","Florida","12","65-69 years","65-69",3417
,"Esophagus","21010","Florida","12","70-74 years","70-74",3630
,"Esophagus","21010","Florida","12","75-79 years","75-79",3510
,"Esophagus","21010","Florida","12","80-84 years","80-84",2793
,"Esophagus","21010","Florida","12","85+ years","85+",2705
,"Esophagus","21010","Georgia","13","30-34 years","30-34",22
,"Esophagus","21010","Georgia","13","35-39 years","35-39",54
,"Esophagus","21010","Georgia","13","40-44 years","40-44",139
,"Esophagus","21010","Georgia","13","45-49 years","45-49",346
,"Esophagus","21010","Georgia","13","50-54 years","50-54",667
,"Esophagus","21010","Georgia","13","55-59 years","55-59",1088
,"Esophagus","21010","Georgia","13","60-64 years ","60-64",1255
,"Esophagus","21010","Georgia","13","65-69 years","65-69",1329
,"Esophagus","21010","Georgia","13","70-74 years","70-74",1148
,"Esophagus","21010","Georgia","13","75-79 years","75-79",930
,"Esophagus","21010","Georgia","13","80-84 years","80-84",721
,"Esophagus","21010","Georgia","13","85+ years","85+",580
,"Esophagus","21010","Hawaii","15","45-49 years","45-49",24
,"Esophagus","21010","Hawaii","15","50-54 years","50-54",54
,"Esophagus","21010","Hawaii","15","55-59 years","55-59",119
,"Esophagus","21010","Hawaii","15","60-64 years ","60-64",153
,"Esophagus","21010","Hawaii","15","65-69 years","65-69",170
,"Esophagus","21010","Hawaii","15","70-74 years","70-74",179
,"Esophagus","21010","Hawaii","15","75-79 years","75-79",145
,"Esophagus","21010","Hawaii","15","80-84 years","80-84",115
,"Esophagus","21010","Hawaii","15","85+ years","85+",111
,"Esophagus","21010","Idaho","16","40-44 years","40-44",21
,"Esophagus","21010","Idaho","16","45-49 years","45-49",40
,"Esophagus","21010","Idaho","16","50-54 years","50-54",112
,"Esophagus","21010","Idaho","16","55-59 years","55-59",157
,"Esophagus","21010","Idaho","16","60-64 years ","60-64",214
,"Esophagus","21010","Idaho","16","65-69 years","65-69",261
,"Esophagus","21010","Idaho","16","70-74 years","70-74",261
,"Esophagus","21010","Idaho","16","75-79 years","75-79",226
,"Esophagus","21010","Idaho","16","80-84 years","80-84",177
,"Esophagus","21010","Idaho","16","85+ years","85+",181
,"Esophagus","21010","Illinois","17","30-34 years","30-34",20
,"Esophagus","21010","Illinois","17","35-39 years","35-39",65
,"Esophagus","21010","Illinois","17","40-44 years","40-44",187
,"Esophagus","21010","Illinois","17","45-49 years","45-49",463
,"Esophagus","21010","Illinois","17","50-54 years","50-54",895
,"Esophagus","21010","Illinois","17","55-59 years","55-59",1540
,"Esophagus","21010","Illinois","17","60-64 years ","60-64",1912
,"Esophagus","21010","Illinois","17","65-69 years","65-69",2021
,"Esophagus","21010","Illinois","17","70-74 years","70-74",2044
,"Esophagus","21010","Illinois","17","75-79 years","75-79",1822
,"Esophagus","21010","Illinois","17","80-84 years","80-84",1559
,"Esophagus","21010","Illinois","17","85+ years","85+",1498
,"Esophagus","21010","Indiana","18","35-39 years","35-39",41
,"Esophagus","21010","Indiana","18","40-44 years","40-44",118
,"Esophagus","21010","Indiana","18","45-49 years","45-49",291
,"Esophagus","21010","Indiana","18","50-54 years","50-54",568
,"Esophagus","21010","Indiana","18","55-59 years","55-59",903
,"Esophagus","21010","Indiana","18","60-64 years ","60-64",1104
,"Esophagus","21010","Indiana","18","65-69 years","65-69",1230
,"Esophagus","21010","Indiana","18","70-74 years","70-74",1145
,"Esophagus","21010","Indiana","18","75-79 years","75-79",1034
,"Esophagus","21010","Indiana","18","80-84 years","80-84",812
,"Esophagus","21010","Indiana","18","85+ years","85+",734
,"Esophagus","21010","Iowa","19","35-39 years","35-39",16
,"Esophagus","21010","Iowa","19","40-44 years","40-44",46
,"Esophagus","21010","Iowa","19","45-49 years","45-49",108
,"Esophagus","21010","Iowa","19","50-54 years","50-54",238
,"Esophagus","21010","Iowa","19","55-59 years","55-59",364
,"Esophagus","21010","Iowa","19","60-64 years ","60-64",545
,"Esophagus","21010","Iowa","19","65-69 years","65-69",591
,"Esophagus","21010","Iowa","19","70-74 years","70-74",539
,"Esophagus","21010","Iowa","19","75-79 years","75-79",550
,"Esophagus","21010","Iowa","19","80-84 years","80-84",489
,"Esophagus","21010","Iowa","19","85+ years","85+",454
,"Esophagus","21010","Kansas","20","40-44 years","40-44",33
,"Esophagus","21010","Kansas","20","45-49 years","45-49",94
,"Esophagus","21010","Kansas","20","50-54 years","50-54",191
,"Esophagus","21010","Kansas","20","55-59 years","55-59",288
,"Esophagus","21010","Kansas","20","60-64 years ","60-64",425
,"Esophagus","21010","Kansas","20","65-69 years","65-69",462
,"Esophagus","21010","Kansas","20","70-74 years","70-74",439
,"Esophagus","21010","Kansas","20","75-79 years","75-79",394
,"Esophagus","21010","Kansas","20","80-84 years","80-84",335
,"Esophagus","21010","Kansas","20","85+ years","85+",360
,"Esophagus","21010","Kentucky","21","35-39 years","35-39",39
,"Esophagus","21010","Kentucky","21","40-44 years","40-44",126
,"Esophagus","21010","Kentucky","21","45-49 years","45-49",214
,"Esophagus","21010","Kentucky","21","50-54 years","50-54",365
,"Esophagus","21010","Kentucky","21","55-59 years","55-59",618
,"Esophagus","21010","Kentucky","21","60-64 years ","60-64",703
,"Esophagus","21010","Kentucky","21","65-69 years","65-69",814
,"Esophagus","21010","Kentucky","21","70-74 years","70-74",729
,"Esophagus","21010","Kentucky","21","75-79 years","75-79",645
,"Esophagus","21010","Kentucky","21","80-84 years","80-84",429
,"Esophagus","21010","Kentucky","21","85+ years","85+",363
,"Esophagus","21010","Louisiana","22","35-39 years","35-39",22
,"Esophagus","21010","Louisiana","22","40-44 years","40-44",71
,"Esophagus","21010","Louisiana","22","45-49 years","45-49",179
,"Esophagus","21010","Louisiana","22","50-54 years","50-54",362
,"Esophagus","21010","Louisiana","22","55-59 years","55-59",606
,"Esophagus","21010","Louisiana","22","60-64 years ","60-64",752
,"Esophagus","21010","Louisiana","22","65-69 years","65-69",726
,"Esophagus","21010","Louisiana","22","70-74 years","70-74",657
,"Esophagus","21010","Louisiana","22","75-79 years","75-79",585
,"Esophagus","21010","Louisiana","22","80-84 years","80-84",424
,"Esophagus","21010","Louisiana","22","85+ years","85+",347
,"Esophagus","21010","Maine","23","40-44 years","40-44",21
,"Esophagus","21010","Maine","23","45-49 years","45-49",66
,"Esophagus","21010","Maine","23","50-54 years","50-54",125
,"Esophagus","21010","Maine","23","55-59 years","55-59",245
,"Esophagus","21010","Maine","23","60-64 years ","60-64",325
,"Esophagus","21010","Maine","23","65-69 years","65-69",366
,"Esophagus","21010","Maine","23","70-74 years","70-74",360
,"Esophagus","21010","Maine","23","75-79 years","75-79",322
,"Esophagus","21010","Maine","23","80-84 years","80-84",242
,"Esophagus","21010","Maine","23","85+ years","85+",241
,"Esophagus","21010","Maryland","24","35-39 years","35-39",29
,"Esophagus","21010","Maryland","24","40-44 years","40-44",76
,"Esophagus","21010","Maryland","24","45-49 years","45-49",169
,"Esophagus","21010","Maryland","24","50-54 years","50-54",388
,"Esophagus","21010","Maryland","24","55-59 years","55-59",637
,"Esophagus","21010","Maryland","24","60-64 years ","60-64",815
,"Esophagus","21010","Maryland","24","65-69 years","65-69",851
,"Esophagus","21010","Maryland","24","70-74 years","70-74",895
,"Esophagus","21010","Maryland","24","75-79 years","75-79",802
,"Esophagus","21010","Maryland","24","80-84 years","80-84",612
,"Esophagus","21010","Maryland","24","85+ years","85+",576
,"Esophagus","21010","Massachusetts","25","35-39 years","35-39",30
,"Esophagus","21010","Massachusetts","25","40-44 years","40-44",98
,"Esophagus","21010","Massachusetts","25","45-49 years","45-49",225
,"Esophagus","21010","Massachusetts","25","50-54 years","50-54",505
,"Esophagus","21010","Massachusetts","25","55-59 years","55-59",798
,"Esophagus","21010","Massachusetts","25","60-64 years ","60-64",1097
,"Esophagus","21010","Massachusetts","25","65-69 years","65-69",1222
,"Esophagus","21010","Massachusetts","25","70-74 years","70-74",1233
,"Esophagus","21010","Massachusetts","25","75-79 years","75-79",1210
,"Esophagus","21010","Massachusetts","25","80-84 years","80-84",1092
,"Esophagus","21010","Massachusetts","25","85+ years","85+",1078
,"Esophagus","21010","Michigan","26","30-34 years","30-34",18
,"Esophagus","21010","Michigan","26","35-39 years","35-39",60
,"Esophagus","21010","Michigan","26","40-44 years","40-44",163
,"Esophagus","21010","Michigan","26","45-49 years","45-49",409
,"Esophagus","21010","Michigan","26","50-54 years","50-54",775
,"Esophagus","21010","Michigan","26","55-59 years","55-59",1364
,"Esophagus","21010","Michigan","26","60-64 years ","60-64",1765
,"Esophagus","21010","Michigan","26","65-69 years","65-69",1935
,"Esophagus","21010","Michigan","26","70-74 years","70-74",1884
,"Esophagus","21010","Michigan","26","75-79 years","75-79",1777
,"Esophagus","21010","Michigan","26","80-84 years","80-84",1391
,"Esophagus","21010","Michigan","26","85+ years","85+",1260
,"Esophagus","21010","Minnesota","27","35-39 years","35-39",21
,"Esophagus","21010","Minnesota","27","40-44 years","40-44",72
,"Esophagus","21010","Minnesota","27","45-49 years","45-49",155
,"Esophagus","21010","Minnesota","27","50-54 years","50-54",350
,"Esophagus","21010","Minnesota","27","55-59 years","55-59",557
,"Esophagus","21010","Minnesota","27","60-64 years ","60-64",801
,"Esophagus","21010","Minnesota","27","65-69 years","65-69",860
,"Esophagus","21010","Minnesota","27","70-74 years","70-74",828
,"Esophagus","21010","Minnesota","27","75-79 years","75-79",844
,"Esophagus","21010","Minnesota","27","80-84 years","80-84",650
,"Esophagus","21010","Minnesota","27","85+ years","85+",699
,"Esophagus","21010","Mississippi","28","35-39 years","35-39",21
,"Esophagus","21010","Mississippi","28","40-44 years","40-44",67
,"Esophagus","21010","Mississippi","28","45-49 years","45-49",157
,"Esophagus","21010","Mississippi","28","50-54 years","50-54",252
,"Esophagus","21010","Mississippi","28","55-59 years","55-59",424
,"Esophagus","21010","Mississippi","28","60-64 years ","60-64",500
,"Esophagus","21010","Mississippi","28","65-69 years","65-69",457
,"Esophagus","21010","Mississippi","28","70-74 years","70-74",434
,"Esophagus","21010","Mississippi","28","75-79 years","75-79",295
,"Esophagus","21010","Mississippi","28","80-84 years","80-84",233
,"Esophagus","21010","Mississippi","28","85+ years","85+",185
,"Esophagus","21010","Missouri","29","35-39 years","35-39",37
,"Esophagus","21010","Missouri","29","40-44 years","40-44",104
,"Esophagus","21010","Missouri","29","45-49 years","45-49",217
,"Esophagus","21010","Missouri","29","50-54 years","50-54",457
,"Esophagus","21010","Missouri","29","55-59 years","55-59",732
,"Esophagus","21010","Missouri","29","60-64 years ","60-64",979
,"Esophagus","21010","Missouri","29","65-69 years","65-69",1044
,"Esophagus","21010","Missouri","29","70-74 years","70-74",1081
,"Esophagus","21010","Missouri","29","75-79 years","75-79",943
,"Esophagus","21010","Missouri","29","80-84 years","80-84",780
,"Esophagus","21010","Missouri","29","85+ years","85+",700
,"Esophagus","21010","Montana","30","45-49 years","45-49",32
,"Esophagus","21010","Montana","30","50-54 years","50-54",71
,"Esophagus","21010","Montana","30","55-59 years","55-59",137
,"Esophagus","21010","Montana","30","60-64 years ","60-64",158
,"Esophagus","21010","Montana","30","65-69 years","65-69",192
,"Esophagus","21010","Montana","30","70-74 years","70-74",210
,"Esophagus","21010","Montana","30","75-79 years","75-79",174
,"Esophagus","21010","Montana","30","80-84 years","80-84",149
,"Esophagus","21010","Montana","30","85+ years","85+",127
,"Esophagus","21010","Nebraska","31","40-44 years","40-44",22
,"Esophagus","21010","Nebraska","31","45-49 years","45-49",57
,"Esophagus","21010","Nebraska","31","50-54 years","50-54",108
,"Esophagus","21010","Nebraska","31","55-59 years","55-59",196
,"Esophagus","21010","Nebraska","31","60-64 years ","60-64",301
,"Esophagus","21010","Nebraska","31","65-69 years","65-69",296
,"Esophagus","21010","Nebraska","31","70-74 years","70-74",318
,"Esophagus","21010","Nebraska","31","75-79 years","75-79",316
,"Esophagus","21010","Nebraska","31","80-84 years","80-84",261
,"Esophagus","21010","Nebraska","31","85+ years","85+",265
,"Esophagus","21010","Nevada","32","40-44 years","40-44",27
,"Esophagus","21010","Nevada","32","45-49 years","45-49",68
,"Esophagus","21010","Nevada","32","50-54 years","50-54",153
,"Esophagus","21010","Nevada","32","55-59 years","55-59",267
,"Esophagus","21010","Nevada","32","60-64 years ","60-64",463
,"Esophagus","21010","Nevada","32","65-69 years","65-69",461
,"Esophagus","21010","Nevada","32","70-74 years","70-74",465
,"Esophagus","21010","Nevada","32","75-79 years","75-79",396
,"Esophagus","21010","Nevada","32","80-84 years","80-84",273
,"Esophagus","21010","Nevada","32","85+ years","85+",201
,"Esophagus","21010","New Hampshire","33","40-44 years","40-44",22
,"Esophagus","21010","New Hampshire","33","45-49 years","45-49",45
,"Esophagus","21010","New Hampshire","33","50-54 years","50-54",104
,"Esophagus","21010","New Hampshire","33","55-59 years","55-59",194
,"Esophagus","21010","New Hampshire","33","60-64 years ","60-64",280
,"Esophagus","21010","New Hampshire","33","65-69 years","65-69",293
,"Esophagus","21010","New Hampshire","33","70-74 years","70-74",305
,"Esophagus","21010","New Hampshire","33","75-79 years","75-79",277
,"Esophagus","21010","New Hampshire","33","80-84 years","80-84",227
,"Esophagus","21010","New Hampshire","33","85+ years","85+",221
,"Esophagus","21010","New Jersey","34","30-34 years","30-34",20
,"Esophagus","21010","New Jersey","34","35-39 years","35-39",42
,"Esophagus","21010","New Jersey","34","40-44 years","40-44",122
,"Esophagus","21010","New Jersey","34","45-49 years","45-49",275
,"Esophagus","21010","New Jersey","34","50-54 years","50-54",504
,"Esophagus","21010","New Jersey","34","55-59 years","55-59",869
,"Esophagus","21010","New Jersey","34","60-64 years ","60-64",1125
,"Esophagus","21010","New Jersey","34","65-69 years","65-69",1324
,"Esophagus","21010","New Jersey","34","70-74 years","70-74",1368
,"Esophagus","21010","New Jersey","34","75-79 years","75-79",1220
,"Esophagus","21010","New Jersey","34","80-84 years","80-84",1077
,"Esophagus","21010","New Jersey","34","85+ years","85+",1042
,"Esophagus","21010","New Mexico","35","40-44 years","40-44",24
,"Esophagus","21010","New Mexico","35","45-49 years","45-49",40
,"Esophagus","21010","New Mexico","35","50-54 years","50-54",103
,"Esophagus","21010","New Mexico","35","55-59 years","55-59",171
,"Esophagus","21010","New Mexico","35","60-64 years ","60-64",223
,"Esophagus","21010","New Mexico","35","65-69 years","65-69",290
,"Esophagus","21010","New Mexico","35","70-74 years","70-74",287
,"Esophagus","21010","New Mexico","35","75-79 years","75-79",238
,"Esophagus","21010","New Mexico","35","80-84 years","80-84",229
,"Esophagus","21010","New Mexico","35","85+ years","85+",174
,"Esophagus","21010","New York","36","30-34 years","30-34",38
,"Esophagus","21010","New York","36","35-39 years","35-39",86
,"Esophagus","21010","New York","36","40-44 years","40-44",226
,"Esophagus","21010","New York","36","45-49 years","45-49",607
,"Esophagus","21010","New York","36","50-54 years","50-54",1189
,"Esophagus","21010","New York","36","55-59 years","55-59",1941
,"Esophagus","21010","New York","36","60-64 years ","60-64",2676
,"Esophagus","21010","New York","36","65-69 years","65-69",2801
,"Esophagus","21010","New York","36","70-74 years","70-74",2968
,"Esophagus","21010","New York","36","75-79 years","75-79",2763
,"Esophagus","21010","New York","36","80-84 years","80-84",2265
,"Esophagus","21010","New York","36","85+ years","85+",2405
,"Esophagus","21010","North Carolina","37","30-34 years","30-34",20
,"Esophagus","21010","North Carolina","37","35-39 years","35-39",64
,"Esophagus","21010","North Carolina","37","40-44 years","40-44",124
,"Esophagus","21010","North Carolina","37","45-49 years","45-49",324
,"Esophagus","21010","North Carolina","37","50-54 years","50-54",685
,"Esophagus","21010","North Carolina","37","55-59 years","55-59",1054
,"Esophagus","21010","North Carolina","37","60-64 years ","60-64",1385
,"Esophagus","21010","North Carolina","37","65-69 years","65-69",1411
,"Esophagus","21010","North Carolina","37","70-74 years","70-74",1385
,"Esophagus","21010","North Carolina","37","75-79 years","75-79",1141
,"Esophagus","21010","North Carolina","37","80-84 years","80-84",843
,"Esophagus","21010","North Carolina","37","85+ years","85+",701
,"Esophagus","21010","North Dakota","38","45-49 years","45-49",18
,"Esophagus","21010","North Dakota","38","50-54 years","50-54",45
,"Esophagus","21010","North Dakota","38","55-59 years","55-59",69
,"Esophagus","21010","North Dakota","38","60-64 years ","60-64",94
,"Esophagus","21010","North Dakota","38","65-69 years","65-69",104
,"Esophagus","21010","North Dakota","38","70-74 years","70-74",126
,"Esophagus","21010","North Dakota","38","75-79 years","75-79",102
,"Esophagus","21010","North Dakota","38","80-84 years","80-84",86
,"Esophagus","21010","North Dakota","38","85+ years","85+",96
,"Esophagus","21010","Ohio","39","30-34 years","30-34",32
,"Esophagus","21010","Ohio","39","35-39 years","35-39",88
,"Esophagus","21010","Ohio","39","40-44 years","40-44",222
,"Esophagus","21010","Ohio","39","45-49 years","45-49",526
,"Esophagus","21010","Ohio","39","50-54 years","50-54",1015
,"Esophagus","21010","Ohio","39","55-59 years","55-59",1653
,"Esophagus","21010","Ohio","39","60-64 years ","60-64",2114
,"Esophagus","21010","Ohio","39","65-69 years","65-69",2216
,"Esophagus","21010","Ohio","39","70-74 years","70-74",2335
,"Esophagus","21010","Ohio","39","75-79 years","75-79",2185
,"Esophagus","21010","Ohio","39","80-84 years","80-84",1719
,"Esophagus","21010","Ohio","39","85+ years","85+",1627
,"Esophagus","21010","Oklahoma","40","35-39 years","35-39",22
,"Esophagus","21010","Oklahoma","40","40-44 years","40-44",61
,"Esophagus","21010","Oklahoma","40","45-49 years","45-49",140
,"Esophagus","21010","Oklahoma","40","50-54 years","50-54",299
,"Esophagus","21010","Oklahoma","40","55-59 years","55-59",470
,"Esophagus","21010","Oklahoma","40","60-64 years ","60-64",634
,"Esophagus","21010","Oklahoma","40","65-69 years","65-69",633
,"Esophagus","21010","Oklahoma","40","70-74 years","70-74",600
,"Esophagus","21010","Oklahoma","40","75-79 years","75-79",536
,"Esophagus","21010","Oklahoma","40","80-84 years","80-84",344
,"Esophagus","21010","Oklahoma","40","85+ years","85+",320
,"Esophagus","21010","Oregon","41","35-39 years","35-39",19
,"Esophagus","21010","Oregon","41","40-44 years","40-44",45
,"Esophagus","21010","Oregon","41","45-49 years","45-49",123
,"Esophagus","21010","Oregon","41","50-54 years","50-54",265
,"Esophagus","21010","Oregon","41","55-59 years","55-59",472
,"Esophagus","21010","Oregon","41","60-64 years ","60-64",605
,"Esophagus","21010","Oregon","41","65-69 years","65-69",717
,"Esophagus","21010","Oregon","41","70-74 years","70-74",749
,"Esophagus","21010","Oregon","41","75-79 years","75-79",690
,"Esophagus","21010","Oregon","41","80-84 years","80-84",585
,"Esophagus","21010","Oregon","41","85+ years","85+",577
,"Esophagus","21010","Pennsylvania","42","30-34 years","30-34",31
,"Esophagus","21010","Pennsylvania","42","35-39 years","35-39",62
,"Esophagus","21010","Pennsylvania","42","40-44 years","40-44",217
,"Esophagus","21010","Pennsylvania","42","45-49 years","45-49",512
,"Esophagus","21010","Pennsylvania","42","50-54 years","50-54",1048
,"Esophagus","21010","Pennsylvania","42","55-59 years","55-59",1690
,"Esophagus","21010","Pennsylvania","42","60-64 years ","60-64",2234
,"Esophagus","21010","Pennsylvania","42","65-69 years","65-69",2593
,"Esophagus","21010","Pennsylvania","42","70-74 years","70-74",2697
,"Esophagus","21010","Pennsylvania","42","75-79 years","75-79",2479
,"Esophagus","21010","Pennsylvania","42","80-84 years","80-84",1975
,"Esophagus","21010","Pennsylvania","42","85+ years","85+",2123
,"Esophagus","21010","Rhode Island","44","40-44 years","40-44",17
,"Esophagus","21010","Rhode Island","44","45-49 years","45-49",42
,"Esophagus","21010","Rhode Island","44","50-54 years","50-54",71
,"Esophagus","21010","Rhode Island","44","55-59 years","55-59",131
,"Esophagus","21010","Rhode Island","44","60-64 years ","60-64",173
,"Esophagus","21010","Rhode Island","44","65-69 years","65-69",204
,"Esophagus","21010","Rhode Island","44","70-74 years","70-74",193
,"Esophagus","21010","Rhode Island","44","75-79 years","75-79",190
,"Esophagus","21010","Rhode Island","44","80-84 years","80-84",158
,"Esophagus","21010","Rhode Island","44","85+ years","85+",187
,"Esophagus","21010","South Carolina","45","35-39 years","35-39",19
,"Esophagus","21010","South Carolina","45","40-44 years","40-44",72
,"Esophagus","21010","South Carolina","45","45-49 years","45-49",210
,"Esophagus","21010","South Carolina","45","50-54 years","50-54",417
,"Esophagus","21010","South Carolina","45","55-59 years","55-59",662
,"Esophagus","21010","South Carolina","45","60-64 years ","60-64",826
,"Esophagus","21010","South Carolina","45","65-69 years","65-69",835
,"Esophagus","21010","South Carolina","45","70-74 years","70-74",842
,"Esophagus","21010","South Carolina","45","75-79 years","75-79",594
,"Esophagus","21010","South Carolina","45","80-84 years","80-84",443
,"Esophagus","21010","South Carolina","45","85+ years","85+",383
,"Esophagus","21010","South Dakota","46","45-49 years","45-49",19
,"Esophagus","21010","South Dakota","46","50-54 years","50-54",46
,"Esophagus","21010","South Dakota","46","55-59 years","55-59",99
,"Esophagus","21010","South Dakota","46","60-64 years ","60-64",130
,"Esophagus","21010","South Dakota","46","65-69 years","65-69",158
,"Esophagus","21010","South Dakota","46","70-74 years","70-74",176
,"Esophagus","21010","South Dakota","46","75-79 years","75-79",139
,"Esophagus","21010","South Dakota","46","80-84 years","80-84",102
,"Esophagus","21010","South Dakota","46","85+ years","85+",128
,"Esophagus","21010","Tennessee","47","35-39 years","35-39",34
,"Esophagus","21010","Tennessee","47","40-44 years","40-44",130
,"Esophagus","21010","Tennessee","47","45-49 years","45-49",273
,"Esophagus","21010","Tennessee","47","50-54 years","50-54",515
,"Esophagus","21010","Tennessee","47","55-59 years","55-59",833
,"Esophagus","21010","Tennessee","47","60-64 years ","60-64",1067
,"Esophagus","21010","Tennessee","47","65-69 years","65-69",1057
,"Esophagus","21010","Tennessee","47","70-74 years","70-74",1034
,"Esophagus","21010","Tennessee","47","75-79 years","75-79",834
,"Esophagus","21010","Tennessee","47","80-84 years","80-84",600
,"Esophagus","21010","Tennessee","47","85+ years","85+",512
,"Esophagus","21010","Texas","48","30-34 years","30-34",33
,"Esophagus","21010","Texas","48","35-39 years","35-39",110
,"Esophagus","21010","Texas","48","40-44 years","40-44",285
,"Esophagus","21010","Texas","48","45-49 years","45-49",616
,"Esophagus","21010","Texas","48","50-54 years","50-54",1278
,"Esophagus","21010","Texas","48","55-59 years","55-59",2028
,"Esophagus","21010","Texas","48","60-64 years ","60-64",2644
,"Esophagus","21010","Texas","48","65-69 years","65-69",2767
,"Esophagus","21010","Texas","48","70-74 years","70-74",2792
,"Esophagus","21010","Texas","48","75-79 years","75-79",2421
,"Esophagus","21010","Texas","48","80-84 years","80-84",1853
,"Esophagus","21010","Texas","48","85+ years","85+",1668
,"Esophagus","21010","Utah","49","40-44 years","40-44",25
,"Esophagus","21010","Utah","49","45-49 years","45-49",59
,"Esophagus","21010","Utah","49","50-54 years","50-54",79
,"Esophagus","21010","Utah","49","55-59 years","55-59",164
,"Esophagus","21010","Utah","49","60-64 years ","60-64",190
,"Esophagus","21010","Utah","49","65-69 years","65-69",240
,"Esophagus","21010","Utah","49","70-74 years","70-74",213
,"Esophagus","21010","Utah","49","75-79 years","75-79",190
,"Esophagus","21010","Utah","49","80-84 years","80-84",160
,"Esophagus","21010","Utah","49","85+ years","85+",114
,"Esophagus","21010","Vermont","50","45-49 years","45-49",25
,"Esophagus","21010","Vermont","50","50-54 years","50-54",50
,"Esophagus","21010","Vermont","50","55-59 years","55-59",74
,"Esophagus","21010","Vermont","50","60-64 years ","60-64",132
,"Esophagus","21010","Vermont","50","65-69 years","65-69",133
,"Esophagus","21010","Vermont","50","70-74 years","70-74",120
,"Esophagus","21010","Vermont","50","75-79 years","75-79",131
,"Esophagus","21010","Vermont","50","80-84 years","80-84",105
,"Esophagus","21010","Vermont","50","85+ years","85+",103
,"Esophagus","21010","Virginia","51","35-39 years","35-39",47
,"Esophagus","21010","Virginia","51","40-44 years","40-44",118
,"Esophagus","21010","Virginia","51","45-49 years","45-49",269
,"Esophagus","21010","Virginia","51","50-54 years","50-54",568
,"Esophagus","21010","Virginia","51","55-59 years","55-59",844
,"Esophagus","21010","Virginia","51","60-64 years ","60-64",1173
,"Esophagus","21010","Virginia","51","65-69 years","65-69",1170
,"Esophagus","21010","Virginia","51","70-74 years","70-74",1227
,"Esophagus","21010","Virginia","51","75-79 years","75-79",992
,"Esophagus","21010","Virginia","51","80-84 years","80-84",807
,"Esophagus","21010","Virginia","51","85+ years","85+",739
,"Esophagus","21010","Washington","53","35-39 years","35-39",22
,"Esophagus","21010","Washington","53","40-44 years","40-44",62
,"Esophagus","21010","Washington","53","45-49 years","45-49",196
,"Esophagus","21010","Washington","53","50-54 years","50-54",386
,"Esophagus","21010","Washington","53","55-59 years","55-59",712
,"Esophagus","21010","Washington","53","60-64 years ","60-64",990
,"Esophagus","21010","Washington","53","65-69 years","65-69",1115
,"Esophagus","21010","Washington","53","70-74 years","70-74",1128
,"Esophagus","21010","Washington","53","75-79 years","75-79",1047
,"Esophagus","21010","Washington","53","80-84 years","80-84",843
,"Esophagus","21010","Washington","53","85+ years","85+",903
,"Esophagus","21010","West Virginia","54","35-39 years","35-39",18
,"Esophagus","21010","West Virginia","54","40-44 years","40-44",47
,"Esophagus","21010","West Virginia","54","45-49 years","45-49",99
,"Esophagus","21010","West Virginia","54","50-54 years","50-54",202
,"Esophagus","21010","West Virginia","54","55-59 years","55-59",301
,"Esophagus","21010","West Virginia","54","60-64 years ","60-64",409
,"Esophagus","21010","West Virginia","54","65-69 years","65-69",427
,"Esophagus","21010","West Virginia","54","70-74 years","70-74",392
,"Esophagus","21010","West Virginia","54","75-79 years","75-79",338
,"Esophagus","21010","West Virginia","54","80-84 years","80-84",260
,"Esophagus","21010","West Virginia","54","85+ years","85+",242
,"Esophagus","21010","Wisconsin","55","35-39 years","35-39",32
,"Esophagus","21010","Wisconsin","55","40-44 years","40-44",85
,"Esophagus","21010","Wisconsin","55","45-49 years","45-49",193
,"Esophagus","21010","Wisconsin","55","50-54 years","50-54",425
,"Esophagus","21010","Wisconsin","55","55-59 years","55-59",709
,"Esophagus","21010","Wisconsin","55","60-64 years ","60-64",972
,"Esophagus","21010","Wisconsin","55","65-69 years","65-69",1006
,"Esophagus","21010","Wisconsin","55","70-74 years","70-74",1182
,"Esophagus","21010","Wisconsin","55","75-79 years","75-79",984
,"Esophagus","21010","Wisconsin","55","80-84 years","80-84",883
,"Esophagus","21010","Wisconsin","55","85+ years","85+",862
,"Esophagus","21010","Wyoming","56","45-49 years","45-49",26
,"Esophagus","21010","Wyoming","56","50-54 years","50-54",34
,"Esophagus","21010","Wyoming","56","55-59 years","55-59",51
,"Esophagus","21010","Wyoming","56","60-64 years ","60-64",99
,"Esophagus","21010","Wyoming","56","65-69 years","65-69",114
,"Esophagus","21010","Wyoming","56","70-74 years","70-74",102
,"Esophagus","21010","Wyoming","56","75-79 years","75-79",98
,"Esophagus","21010","Wyoming","56","80-84 years","80-84",74
,"Esophagus","21010","Wyoming","56","85+ years","85+",57
,"Gallbladder","21080","Alabama","01","45-49 years","45-49",19
,"Gallbladder","21080","Alabama","01","50-54 years","50-54",34
,"Gallbladder","21080","Alabama","01","55-59 years","55-59",50
,"Gallbladder","21080","Alabama","01","60-64 years ","60-64",76
,"Gallbladder","21080","Alabama","01","65-69 years","65-69",77
,"Gallbladder","21080","Alabama","01","70-74 years","70-74",85
,"Gallbladder","21080","Alabama","01","75-79 years","75-79",114
,"Gallbladder","21080","Alabama","01","80-84 years","80-84",71
,"Gallbladder","21080","Alabama","01","85+ years","85+",89
,"Gallbladder","21080","Arizona","04","45-49 years","45-49",23
,"Gallbladder","21080","Arizona","04","50-54 years","50-54",43
,"Gallbladder","21080","Arizona","04","55-59 years","55-59",63
,"Gallbladder","21080","Arizona","04","60-64 years ","60-64",102
,"Gallbladder","21080","Arizona","04","65-69 years","65-69",116
,"Gallbladder","21080","Arizona","04","70-74 years","70-74",140
,"Gallbladder","21080","Arizona","04","75-79 years","75-79",132
,"Gallbladder","21080","Arizona","04","80-84 years","80-84",134
,"Gallbladder","21080","Arizona","04","85+ years","85+",129
,"Gallbladder","21080","Arkansas","05","55-59 years","55-59",38
,"Gallbladder","21080","Arkansas","05","60-64 years ","60-64",45
,"Gallbladder","21080","Arkansas","05","65-69 years","65-69",67
,"Gallbladder","21080","Arkansas","05","70-74 years","70-74",75
,"Gallbladder","21080","Arkansas","05","75-79 years","75-79",63
,"Gallbladder","21080","Arkansas","05","80-84 years","80-84",64
,"Gallbladder","21080","Arkansas","05","85+ years","85+",74
,"Gallbladder","21080","California","06","35-39 years","35-39",20
,"Gallbladder","21080","California","06","40-44 years","40-44",78
,"Gallbladder","21080","California","06","45-49 years","45-49",155
,"Gallbladder","21080","California","06","50-54 years","50-54",253
,"Gallbladder","21080","California","06","55-59 years","55-59",416
,"Gallbladder","21080","California","06","60-64 years ","60-64",590
,"Gallbladder","21080","California","06","65-69 years","65-69",663
,"Gallbladder","21080","California","06","70-74 years","70-74",773
,"Gallbladder","21080","California","06","75-79 years","75-79",815
,"Gallbladder","21080","California","06","80-84 years","80-84",809
,"Gallbladder","21080","California","06","85+ years","85+",917
,"Gallbladder","21080","Colorado","08","50-54 years","50-54",22
,"Gallbladder","21080","Colorado","08","55-59 years","55-59",46
,"Gallbladder","21080","Colorado","08","60-64 years ","60-64",64
,"Gallbladder","21080","Colorado","08","65-69 years","65-69",67
,"Gallbladder","21080","Colorado","08","70-74 years","70-74",74
,"Gallbladder","21080","Colorado","08","75-79 years","75-79",84
,"Gallbladder","21080","Colorado","08","80-84 years","80-84",79
,"Gallbladder","21080","Colorado","08","85+ years","85+",83
,"Gallbladder","21080","Connecticut","09","45-49 years","45-49",18
,"Gallbladder","21080","Connecticut","09","50-54 years","50-54",22
,"Gallbladder","21080","Connecticut","09","55-59 years","55-59",26
,"Gallbladder","21080","Connecticut","09","60-64 years ","60-64",39
,"Gallbladder","21080","Connecticut","09","65-69 years","65-69",44
,"Gallbladder","21080","Connecticut","09","70-74 years","70-74",82
,"Gallbladder","21080","Connecticut","09","75-79 years","75-79",74
,"Gallbladder","21080","Connecticut","09","80-84 years","80-84",87
,"Gallbladder","21080","Connecticut","09","85+ years","85+",127
,"Gallbladder","21080","Delaware","10","55-59 years","55-59",16
,"Gallbladder","21080","Delaware","10","60-64 years ","60-64",20
,"Gallbladder","21080","Delaware","10","65-69 years","65-69",26
,"Gallbladder","21080","Delaware","10","70-74 years","70-74",29
,"Gallbladder","21080","Delaware","10","75-79 years","75-79",27
,"Gallbladder","21080","Delaware","10","80-84 years","80-84",26
,"Gallbladder","21080","Delaware","10","85+ years","85+",26
,"Gallbladder","21080","District of Columbia","11","70-74 years","70-74",22
,"Gallbladder","21080","District of Columbia","11","85+ years","85+",18
,"Gallbladder","21080","Florida","12","40-44 years","40-44",31
,"Gallbladder","21080","Florida","12","45-49 years","45-49",64
,"Gallbladder","21080","Florida","12","50-54 years","50-54",114
,"Gallbladder","21080","Florida","12","55-59 years","55-59",173
,"Gallbladder","21080","Florida","12","60-64 years ","60-64",268
,"Gallbladder","21080","Florida","12","65-69 years","65-69",365
,"Gallbladder","21080","Florida","12","70-74 years","70-74",432
,"Gallbladder","21080","Florida","12","75-79 years","75-79",506
,"Gallbladder","21080","Florida","12","80-84 years","80-84",436
,"Gallbladder","21080","Florida","12","85+ years","85+",492
,"Gallbladder","21080","Georgia","13","40-44 years","40-44",17
,"Gallbladder","21080","Georgia","13","45-49 years","45-49",46
,"Gallbladder","21080","Georgia","13","50-54 years","50-54",70
,"Gallbladder","21080","Georgia","13","55-59 years","55-59",99
,"Gallbladder","21080","Georgia","13","60-64 years ","60-64",141
,"Gallbladder","21080","Georgia","13","65-69 years","65-69",156
,"Gallbladder","21080","Georgia","13","70-74 years","70-74",151
,"Gallbladder","21080","Georgia","13","75-79 years","75-79",161
,"Gallbladder","21080","Georgia","13","80-84 years","80-84",115
,"Gallbladder","21080","Georgia","13","85+ years","85+",146
,"Gallbladder","21080","Hawaii","15","55-59 years","55-59",17
,"Gallbladder","21080","Hawaii","15","60-64 years ","60-64",16
,"Gallbladder","21080","Hawaii","15","65-69 years","65-69",26
,"Gallbladder","21080","Hawaii","15","70-74 years","70-74",25
,"Gallbladder","21080","Hawaii","15","75-79 years","75-79",30
,"Gallbladder","21080","Hawaii","15","80-84 years","80-84",27
,"Gallbladder","21080","Hawaii","15","85+ years","85+",34
,"Gallbladder","21080","Idaho","16","55-59 years","55-59",17
,"Gallbladder","21080","Idaho","16","60-64 years ","60-64",20
,"Gallbladder","21080","Idaho","16","70-74 years","70-74",25
,"Gallbladder","21080","Idaho","16","75-79 years","75-79",35
,"Gallbladder","21080","Idaho","16","80-84 years","80-84",19
,"Gallbladder","21080","Idaho","16","85+ years","85+",38
,"Gallbladder","21080","Illinois","17","40-44 years","40-44",27
,"Gallbladder","21080","Illinois","17","45-49 years","45-49",51
,"Gallbladder","21080","Illinois","17","50-54 years","50-54",89
,"Gallbladder","21080","Illinois","17","55-59 years","55-59",174
,"Gallbladder","21080","Illinois","17","60-64 years ","60-64",244
,"Gallbladder","21080","Illinois","17","65-69 years","65-69",275
,"Gallbladder","21080","Illinois","17","70-74 years","70-74",368
,"Gallbladder","21080","Illinois","17","75-79 years","75-79",348
,"Gallbladder","21080","Illinois","17","80-84 years","80-84",342
,"Gallbladder","21080","Illinois","17","85+ years","85+",398
,"Gallbladder","21080","Indiana","18","50-54 years","50-54",39
,"Gallbladder","21080","Indiana","18","55-59 years","55-59",62
,"Gallbladder","21080","Indiana","18","60-64 years ","60-64",112
,"Gallbladder","21080","Indiana","18","65-69 years","65-69",124
,"Gallbladder","21080","Indiana","18","70-74 years","70-74",154
,"Gallbladder","21080","Indiana","18","75-79 years","75-79",158
,"Gallbladder","21080","Indiana","18","80-84 years","80-84",133
,"Gallbladder","21080","Indiana","18","85+ years","85+",190
,"Gallbladder","21080","Iowa","19","55-59 years","55-59",33
,"Gallbladder","21080","Iowa","19","60-64 years ","60-64",50
,"Gallbladder","21080","Iowa","19","65-69 years","65-69",72
,"Gallbladder","21080","Iowa","19","70-74 years","70-74",99
,"Gallbladder","21080","Iowa","19","75-79 years","75-79",94
,"Gallbladder","21080","Iowa","19","80-84 years","80-84",80
,"Gallbladder","21080","Iowa","19","85+ years","85+",137
,"Gallbladder","21080","Kansas","20","50-54 years","50-54",20
,"Gallbladder","21080","Kansas","20","55-59 years","55-59",25
,"Gallbladder","21080","Kansas","20","60-64 years ","60-64",35
,"Gallbladder","21080","Kansas","20","65-69 years","65-69",39
,"Gallbladder","21080","Kansas","20","70-74 years","70-74",53
,"Gallbladder","21080","Kansas","20","75-79 years","75-79",74
,"Gallbladder","21080","Kansas","20","80-84 years","80-84",50
,"Gallbladder","21080","Kansas","20","85+ years","85+",72
,"Gallbladder","21080","Kentucky","21","50-54 years","50-54",31
,"Gallbladder","21080","Kentucky","21","55-59 years","55-59",47
,"Gallbladder","21080","Kentucky","21","60-64 years ","60-64",64
,"Gallbladder","21080","Kentucky","21","65-69 years","65-69",75
,"Gallbladder","21080","Kentucky","21","70-74 years","70-74",93
,"Gallbladder","21080","Kentucky","21","75-79 years","75-79",96
,"Gallbladder","21080","Kentucky","21","80-84 years","80-84",72
,"Gallbladder","21080","Kentucky","21","85+ years","85+",89
,"Gallbladder","21080","Louisiana","22","50-54 years","50-54",50
,"Gallbladder","21080","Louisiana","22","55-59 years","55-59",67
,"Gallbladder","21080","Louisiana","22","60-64 years ","60-64",78
,"Gallbladder","21080","Louisiana","22","65-69 years","65-69",98
,"Gallbladder","21080","Louisiana","22","70-74 years","70-74",122
,"Gallbladder","21080","Louisiana","22","75-79 years","75-79",115
,"Gallbladder","21080","Louisiana","22","80-84 years","80-84",96
,"Gallbladder","21080","Louisiana","22","85+ years","85+",88
,"Gallbladder","21080","Maine","23","60-64 years ","60-64",22
,"Gallbladder","21080","Maine","23","65-69 years","65-69",24
,"Gallbladder","21080","Maine","23","70-74 years","70-74",34
,"Gallbladder","21080","Maine","23","75-79 years","75-79",34
,"Gallbladder","21080","Maine","23","80-84 years","80-84",40
,"Gallbladder","21080","Maine","23","85+ years","85+",43
,"Gallbladder","21080","Maryland","24","45-49 years","45-49",23
,"Gallbladder","21080","Maryland","24","50-54 years","50-54",45
,"Gallbladder","21080","Maryland","24","55-59 years","55-59",63
,"Gallbladder","21080","Maryland","24","60-64 years ","60-64",89
,"Gallbladder","21080","Maryland","24","65-69 years","65-69",110
,"Gallbladder","21080","Maryland","24","70-74 years","70-74",112
,"Gallbladder","21080","Maryland","24","75-79 years","75-79",130
,"Gallbladder","21080","Maryland","24","80-84 years","80-84",137
,"Gallbladder","21080","Maryland","24","85+ years","85+",142
,"Gallbladder","21080","Massachusetts","25","45-49 years","45-49",18
,"Gallbladder","21080","Massachusetts","25","50-54 years","50-54",48
,"Gallbladder","21080","Massachusetts","25","55-59 years","55-59",60
,"Gallbladder","21080","Massachusetts","25","60-64 years ","60-64",96
,"Gallbladder","21080","Massachusetts","25","65-69 years","65-69",139
,"Gallbladder","21080","Massachusetts","25","70-74 years","70-74",157
,"Gallbladder","21080","Massachusetts","25","75-79 years","75-79",184
,"Gallbladder","21080","Massachusetts","25","80-84 years","80-84",193
,"Gallbladder","21080","Massachusetts","25","85+ years","85+",232
,"Gallbladder","21080","Michigan","26","40-44 years","40-44",18
,"Gallbladder","21080","Michigan","26","45-49 years","45-49",42
,"Gallbladder","21080","Michigan","26","50-54 years","50-54",66
,"Gallbladder","21080","Michigan","26","55-59 years","55-59",113
,"Gallbladder","21080","Michigan","26","60-64 years ","60-64",137
,"Gallbladder","21080","Michigan","26","65-69 years","65-69",173
,"Gallbladder","21080","Michigan","26","70-74 years","70-74",240
,"Gallbladder","21080","Michigan","26","75-79 years","75-79",253
,"Gallbladder","21080","Michigan","26","80-84 years","80-84",201
,"Gallbladder","21080","Michigan","26","85+ years","85+",279
,"Gallbladder","21080","Minnesota","27","45-49 years","45-49",17
,"Gallbladder","21080","Minnesota","27","50-54 years","50-54",29
,"Gallbladder","21080","Minnesota","27","55-59 years","55-59",52
,"Gallbladder","21080","Minnesota","27","60-64 years ","60-64",91
,"Gallbladder","21080","Minnesota","27","65-69 years","65-69",110
,"Gallbladder","21080","Minnesota","27","70-74 years","70-74",142
,"Gallbladder","21080","Minnesota","27","75-79 years","75-79",164
,"Gallbladder","21080","Minnesota","27","80-84 years","80-84",154
,"Gallbladder","21080","Minnesota","27","85+ years","85+",169
,"Gallbladder","21080","Mississippi","28","50-54 years","50-54",21
,"Gallbladder","21080","Mississippi","28","55-59 years","55-59",23
,"Gallbladder","21080","Mississippi","28","60-64 years ","60-64",53
,"Gallbladder","21080","Mississippi","28","65-69 years","65-69",52
,"Gallbladder","21080","Mississippi","28","70-74 years","70-74",50
,"Gallbladder","21080","Mississippi","28","75-79 years","75-79",60
,"Gallbladder","21080","Mississippi","28","80-84 years","80-84",46
,"Gallbladder","21080","Mississippi","28","85+ years","85+",70
,"Gallbladder","21080","Missouri","29","45-49 years","45-49",28
,"Gallbladder","21080","Missouri","29","50-54 years","50-54",41
,"Gallbladder","21080","Missouri","29","55-59 years","55-59",61
,"Gallbladder","21080","Missouri","29","60-64 years ","60-64",77
,"Gallbladder","21080","Missouri","29","65-69 years","65-69",99
,"Gallbladder","21080","Missouri","29","70-74 years","70-74",157
,"Gallbladder","21080","Missouri","29","75-79 years","75-79",171
,"Gallbladder","21080","Missouri","29","80-84 years","80-84",154
,"Gallbladder","21080","Missouri","29","85+ years","85+",169
,"Gallbladder","21080","Montana","30","65-69 years","65-69",17
,"Gallbladder","21080","Montana","30","70-74 years","70-74",26
,"Gallbladder","21080","Montana","30","75-79 years","75-79",20
,"Gallbladder","21080","Montana","30","85+ years","85+",22
,"Gallbladder","21080","Nebraska","31","55-59 years","55-59",19
,"Gallbladder","21080","Nebraska","31","60-64 years ","60-64",28
,"Gallbladder","21080","Nebraska","31","65-69 years","65-69",28
,"Gallbladder","21080","Nebraska","31","70-74 years","70-74",50
,"Gallbladder","21080","Nebraska","31","75-79 years","75-79",57
,"Gallbladder","21080","Nebraska","31","80-84 years","80-84",56
,"Gallbladder","21080","Nebraska","31","85+ years","85+",74
,"Gallbladder","21080","Nevada","32","55-59 years","55-59",18
,"Gallbladder","21080","Nevada","32","60-64 years ","60-64",31
,"Gallbladder","21080","Nevada","32","65-69 years","65-69",40
,"Gallbladder","21080","Nevada","32","70-74 years","70-74",41
,"Gallbladder","21080","Nevada","32","75-79 years","75-79",48
,"Gallbladder","21080","Nevada","32","80-84 years","80-84",39
,"Gallbladder","21080","Nevada","32","85+ years","85+",35
,"Gallbladder","21080","New Hampshire","33","65-69 years","65-69",24
,"Gallbladder","21080","New Hampshire","33","70-74 years","70-74",32
,"Gallbladder","21080","New Hampshire","33","75-79 years","75-79",32
,"Gallbladder","21080","New Hampshire","33","80-84 years","80-84",37
,"Gallbladder","21080","New Hampshire","33","85+ years","85+",35
,"Gallbladder","21080","New Jersey","34","40-44 years","40-44",16
,"Gallbladder","21080","New Jersey","34","45-49 years","45-49",33
,"Gallbladder","21080","New Jersey","34","50-54 years","50-54",69
,"Gallbladder","21080","New Jersey","34","55-59 years","55-59",101
,"Gallbladder","21080","New Jersey","34","60-64 years ","60-64",139
,"Gallbladder","21080","New Jersey","34","65-69 years","65-69",222
,"Gallbladder","21080","New Jersey","34","70-74 years","70-74",237
,"Gallbladder","21080","New Jersey","34","75-79 years","75-79",254
,"Gallbladder","21080","New Jersey","34","80-84 years","80-84",254
,"Gallbladder","21080","New Jersey","34","85+ years","85+",286
,"Gallbladder","21080","New Mexico","35","50-54 years","50-54",23
,"Gallbladder","21080","New Mexico","35","55-59 years","55-59",27
,"Gallbladder","21080","New Mexico","35","60-64 years ","60-64",45
,"Gallbladder","21080","New Mexico","35","65-69 years","65-69",48
,"Gallbladder","21080","New Mexico","35","70-74 years","70-74",64
,"Gallbladder","21080","New Mexico","35","75-79 years","75-79",54
,"Gallbladder","21080","New Mexico","35","80-84 years","80-84",58
,"Gallbladder","21080","New Mexico","35","85+ years","85+",54
,"Gallbladder","21080","New York","36","35-39 years","35-39",16
,"Gallbladder","21080","New York","36","40-44 years","40-44",51
,"Gallbladder","21080","New York","36","45-49 years","45-49",73
,"Gallbladder","21080","New York","36","50-54 years","50-54",167
,"Gallbladder","21080","New York","36","55-59 years","55-59",267
,"Gallbladder","21080","New York","36","60-64 years ","60-64",386
,"Gallbladder","21080","New York","36","65-69 years","65-69",545
,"Gallbladder","21080","New York","36","70-74 years","70-74",581
,"Gallbladder","21080","New York","36","75-79 years","75-79",621
,"Gallbladder","21080","New York","36","80-84 years","80-84",606
,"Gallbladder","21080","New York","36","85+ years","85+",747
,"Gallbladder","21080","North Carolina","37","40-44 years","40-44",19
,"Gallbladder","21080","North Carolina","37","45-49 years","45-49",27
,"Gallbladder","21080","North Carolina","37","50-54 years","50-54",59
,"Gallbladder","21080","North Carolina","37","55-59 years","55-59",116
,"Gallbladder","21080","North Carolina","37","60-64 years ","60-64",152
,"Gallbladder","21080","North Carolina","37","65-69 years","65-69",188
,"Gallbladder","21080","North Carolina","37","70-74 years","70-74",195
,"Gallbladder","21080","North Carolina","37","75-79 years","75-79",224
,"Gallbladder","21080","North Carolina","37","80-84 years","80-84",169
,"Gallbladder","21080","North Carolina","37","85+ years","85+",208
,"Gallbladder","21080","North Dakota","38","70-74 years","70-74",23
,"Gallbladder","21080","North Dakota","38","75-79 years","75-79",18
,"Gallbladder","21080","North Dakota","38","85+ years","85+",22
,"Gallbladder","21080","Ohio","39","45-49 years","45-49",45
,"Gallbladder","21080","Ohio","39","50-54 years","50-54",78
,"Gallbladder","21080","Ohio","39","55-59 years","55-59",109
,"Gallbladder","21080","Ohio","39","60-64 years ","60-64",172
,"Gallbladder","21080","Ohio","39","65-69 years","65-69",220
,"Gallbladder","21080","Ohio","39","70-74 years","70-74",311
,"Gallbladder","21080","Ohio","39","75-79 years","75-79",327
,"Gallbladder","21080","Ohio","39","80-84 years","80-84",311
,"Gallbladder","21080","Ohio","39","85+ years","85+",372
,"Gallbladder","21080","Oklahoma","40","50-54 years","50-54",34
,"Gallbladder","21080","Oklahoma","40","55-59 years","55-59",30
,"Gallbladder","21080","Oklahoma","40","60-64 years ","60-64",55
,"Gallbladder","21080","Oklahoma","40","65-69 years","65-69",72
,"Gallbladder","21080","Oklahoma","40","70-74 years","70-74",86
,"Gallbladder","21080","Oklahoma","40","75-79 years","75-79",68
,"Gallbladder","21080","Oklahoma","40","80-84 years","80-84",84
,"Gallbladder","21080","Oklahoma","40","85+ years","85+",77
,"Gallbladder","21080","Oregon","41","50-54 years","50-54",23
,"Gallbladder","21080","Oregon","41","55-59 years","55-59",37
,"Gallbladder","21080","Oregon","41","60-64 years ","60-64",68
,"Gallbladder","21080","Oregon","41","65-69 years","65-69",76
,"Gallbladder","21080","Oregon","41","70-74 years","70-74",80
,"Gallbladder","21080","Oregon","41","75-79 years","75-79",100
,"Gallbladder","21080","Oregon","41","80-84 years","80-84",86
,"Gallbladder","21080","Oregon","41","85+ years","85+",98
,"Gallbladder","21080","Pennsylvania","42","40-44 years","40-44",16
,"Gallbladder","21080","Pennsylvania","42","45-49 years","45-49",29
,"Gallbladder","21080","Pennsylvania","42","50-54 years","50-54",73
,"Gallbladder","21080","Pennsylvania","42","55-59 years","55-59",119
,"Gallbladder","21080","Pennsylvania","42","60-64 years ","60-64",182
,"Gallbladder","21080","Pennsylvania","42","65-69 years","65-69",292
,"Gallbladder","21080","Pennsylvania","42","70-74 years","70-74",366
,"Gallbladder","21080","Pennsylvania","42","75-79 years","75-79",394
,"Gallbladder","21080","Pennsylvania","42","80-84 years","80-84",377
,"Gallbladder","21080","Pennsylvania","42","85+ years","85+",498
,"Gallbladder","21080","Rhode Island","44","65-69 years","65-69",27
,"Gallbladder","21080","Rhode Island","44","75-79 years","75-79",30
,"Gallbladder","21080","Rhode Island","44","80-84 years","80-84",29
,"Gallbladder","21080","Rhode Island","44","85+ years","85+",38
,"Gallbladder","21080","South Carolina","45","45-49 years","45-49",16
,"Gallbladder","21080","South Carolina","45","50-54 years","50-54",29
,"Gallbladder","21080","South Carolina","45","55-59 years","55-59",56
,"Gallbladder","21080","South Carolina","45","60-64 years ","60-64",68
,"Gallbladder","21080","South Carolina","45","65-69 years","65-69",81
,"Gallbladder","21080","South Carolina","45","70-74 years","70-74",107
,"Gallbladder","21080","South Carolina","45","75-79 years","75-79",92
,"Gallbladder","21080","South Carolina","45","80-84 years","80-84",82
,"Gallbladder","21080","South Carolina","45","85+ years","85+",81
,"Gallbladder","21080","South Dakota","46","65-69 years","65-69",16
,"Gallbladder","21080","South Dakota","46","75-79 years","75-79",28
,"Gallbladder","21080","South Dakota","46","80-84 years","80-84",30
,"Gallbladder","21080","South Dakota","46","85+ years","85+",34
,"Gallbladder","21080","Tennessee","47","50-54 years","50-54",35
,"Gallbladder","21080","Tennessee","47","55-59 years","55-59",65
,"Gallbladder","21080","Tennessee","47","60-64 years ","60-64",97
,"Gallbladder","21080","Tennessee","47","65-69 years","65-69",100
,"Gallbladder","21080","Tennessee","47","70-74 years","70-74",114
,"Gallbladder","21080","Tennessee","47","75-79 years","75-79",115
,"Gallbladder","21080","Tennessee","47","80-84 years","80-84",79
,"Gallbladder","21080","Tennessee","47","85+ years","85+",110
,"Gallbladder","21080","Texas","48","40-44 years","40-44",49
,"Gallbladder","21080","Texas","48","45-49 years","45-49",119
,"Gallbladder","21080","Texas","48","50-54 years","50-54",203
,"Gallbladder","21080","Texas","48","55-59 years","55-59",299
,"Gallbladder","21080","Texas","48","60-64 years ","60-64",370
,"Gallbladder","21080","Texas","48","65-69 years","65-69",452
,"Gallbladder","21080","Texas","48","70-74 years","70-74",531
,"Gallbladder","21080","Texas","48","75-79 years","75-79",480
,"Gallbladder","21080","Texas","48","80-84 years","80-84",370
,"Gallbladder","21080","Texas","48","85+ years","85+",443
,"Gallbladder","21080","Utah","49","60-64 years ","60-64",19
,"Gallbladder","21080","Utah","49","65-69 years","65-69",29
,"Gallbladder","21080","Utah","49","70-74 years","70-74",31
,"Gallbladder","21080","Utah","49","75-79 years","75-79",38
,"Gallbladder","21080","Utah","49","80-84 years","80-84",23
,"Gallbladder","21080","Utah","49","85+ years","85+",41
,"Gallbladder","21080","Virginia","51","45-49 years","45-49",31
,"Gallbladder","21080","Virginia","51","50-54 years","50-54",49
,"Gallbladder","21080","Virginia","51","55-59 years","55-59",75
,"Gallbladder","21080","Virginia","51","60-64 years ","60-64",120
,"Gallbladder","21080","Virginia","51","65-69 years","65-69",135
,"Gallbladder","21080","Virginia","51","70-74 years","70-74",183
,"Gallbladder","21080","Virginia","51","75-79 years","75-79",146
,"Gallbladder","21080","Virginia","51","80-84 years","80-84",164
,"Gallbladder","21080","Virginia","51","85+ years","85+",155
,"Gallbladder","21080","Washington","53","45-49 years","45-49",21
,"Gallbladder","21080","Washington","53","50-54 years","50-54",38
,"Gallbladder","21080","Washington","53","55-59 years","55-59",61
,"Gallbladder","21080","Washington","53","60-64 years ","60-64",111
,"Gallbladder","21080","Washington","53","65-69 years","65-69",103
,"Gallbladder","21080","Washington","53","70-74 years","70-74",127
,"Gallbladder","21080","Washington","53","75-79 years","75-79",146
,"Gallbladder","21080","Washington","53","80-84 years","80-84",142
,"Gallbladder","21080","Washington","53","85+ years","85+",161
,"Gallbladder","21080","West Virginia","54","55-59 years","55-59",18
,"Gallbladder","21080","West Virginia","54","60-64 years ","60-64",29
,"Gallbladder","21080","West Virginia","54","65-69 years","65-69",41
,"Gallbladder","21080","West Virginia","54","70-74 years","70-74",37
,"Gallbladder","21080","West Virginia","54","75-79 years","75-79",53
,"Gallbladder","21080","West Virginia","54","80-84 years","80-84",50
,"Gallbladder","21080","West Virginia","54","85+ years","85+",54
,"Gallbladder","21080","Wisconsin","55","45-49 years","45-49",16
,"Gallbladder","21080","Wisconsin","55","50-54 years","50-54",30
,"Gallbladder","21080","Wisconsin","55","55-59 years","55-59",58
,"Gallbladder","21080","Wisconsin","55","60-64 years ","60-64",83
,"Gallbladder","21080","Wisconsin","55","65-69 years","65-69",102
,"Gallbladder","21080","Wisconsin","55","70-74 years","70-74",129
,"Gallbladder","21080","Wisconsin","55","75-79 years","75-79",168
,"Gallbladder","21080","Wisconsin","55","80-84 years","80-84",149
,"Gallbladder","21080","Wisconsin","55","85+ years","85+",217
,"Kidney and Renal Pelvis","29020","Alabama","01","35-39 years","35-39",30
,"Kidney and Renal Pelvis","29020","Alabama","01","40-44 years","40-44",62
,"Kidney and Renal Pelvis","29020","Alabama","01","45-49 years","45-49",160
,"Kidney and Renal Pelvis","29020","Alabama","01","50-54 years","50-54",269
,"Kidney and Renal Pelvis","29020","Alabama","01","55-59 years","55-59",466
,"Kidney and Renal Pelvis","29020","Alabama","01","60-64 years ","60-64",552
,"Kidney and Renal Pelvis","29020","Alabama","01","65-69 years","65-69",649
,"Kidney and Renal Pelvis","29020","Alabama","01","70-74 years","70-74",676
,"Kidney and Renal Pelvis","29020","Alabama","01","75-79 years","75-79",681
,"Kidney and Renal Pelvis","29020","Alabama","01","80-84 years","80-84",576
,"Kidney and Renal Pelvis","29020","Alabama","01","85+ years","85+",617
,"Kidney and Renal Pelvis","29020","Alaska","02","45-49 years","45-49",21
,"Kidney and Renal Pelvis","29020","Alaska","02","50-54 years","50-54",45
,"Kidney and Renal Pelvis","29020","Alaska","02","55-59 years","55-59",51
,"Kidney and Renal Pelvis","29020","Alaska","02","60-64 years ","60-64",46
,"Kidney and Renal Pelvis","29020","Alaska","02","65-69 years","65-69",68
,"Kidney and Renal Pelvis","29020","Alaska","02","70-74 years","70-74",82
,"Kidney and Renal Pelvis","29020","Alaska","02","75-79 years","75-79",69
,"Kidney and Renal Pelvis","29020","Alaska","02","80-84 years","80-84",50
,"Kidney and Renal Pelvis","29020","Alaska","02","85+ years","85+",34
,"Kidney and Renal Pelvis","29020","Arizona","04","30-34 years","30-34",19
,"Kidney and Renal Pelvis","29020","Arizona","04","35-39 years","35-39",35
,"Kidney and Renal Pelvis","29020","Arizona","04","40-44 years","40-44",72
,"Kidney and Renal Pelvis","29020","Arizona","04","45-49 years","45-49",185
,"Kidney and Renal Pelvis","29020","Arizona","04","50-54 years","50-54",311
,"Kidney and Renal Pelvis","29020","Arizona","04","55-59 years","55-59",534
,"Kidney and Renal Pelvis","29020","Arizona","04","60-64 years ","60-64",700
,"Kidney and Renal Pelvis","29020","Arizona","04","65-69 years","65-69",820
,"Kidney and Renal Pelvis","29020","Arizona","04","70-74 years","70-74",839
,"Kidney and Renal Pelvis","29020","Arizona","04","75-79 years","75-79",923
,"Kidney and Renal Pelvis","29020","Arizona","04","80-84 years","80-84",816
,"Kidney and Renal Pelvis","29020","Arizona","04","85+ years","85+",864
,"Kidney and Renal Pelvis","29020","Arkansas","05","35-39 years","35-39",23
,"Kidney and Renal Pelvis","29020","Arkansas","05","40-44 years","40-44",44
,"Kidney and Renal Pelvis","29020","Arkansas","05","45-49 years","45-49",110
,"Kidney and Renal Pelvis","29020","Arkansas","05","50-54 years","50-54",214
,"Kidney and Renal Pelvis","29020","Arkansas","05","55-59 years","55-59",339
,"Kidney and Renal Pelvis","29020","Arkansas","05","60-64 years ","60-64",395
,"Kidney and Renal Pelvis","29020","Arkansas","05","65-69 years","65-69",495
,"Kidney and Renal Pelvis","29020","Arkansas","05","70-74 years","70-74",512
,"Kidney and Renal Pelvis","29020","Arkansas","05","75-79 years","75-79",470
,"Kidney and Renal Pelvis","29020","Arkansas","05","80-84 years","80-84",391
,"Kidney and Renal Pelvis","29020","Arkansas","05","85+ years","85+",459
,"Kidney and Renal Pelvis","29020","California","06","1-4 years","1-4",41
,"Kidney and Renal Pelvis","29020","California","06","5-9 years","5-9",59
,"Kidney and Renal Pelvis","29020","California","06","10-14 years","10-14",16
,"Kidney and Renal Pelvis","29020","California","06","15-19 years","15-19",24
,"Kidney and Renal Pelvis","29020","California","06","20-24 years","20-24",34
,"Kidney and Renal Pelvis","29020","California","06","25-29 years","25-29",64
,"Kidney and Renal Pelvis","29020","California","06","30-34 years","30-34",81
,"Kidney and Renal Pelvis","29020","California","06","35-39 years","35-39",214
,"Kidney and Renal Pelvis","29020","California","06","40-44 years","40-44",470
,"Kidney and Renal Pelvis","29020","California","06","45-49 years","45-49",957
,"Kidney and Renal Pelvis","29020","California","06","50-54 years","50-54",1645
,"Kidney and Renal Pelvis","29020","California","06","55-59 years","55-59",2609
,"Kidney and Renal Pelvis","29020","California","06","60-64 years ","60-64",3392
,"Kidney and Renal Pelvis","29020","California","06","65-69 years","65-69",3721
,"Kidney and Renal Pelvis","29020","California","06","70-74 years","70-74",4008
,"Kidney and Renal Pelvis","29020","California","06","75-79 years","75-79",3942
,"Kidney and Renal Pelvis","29020","California","06","80-84 years","80-84",3727
,"Kidney and Renal Pelvis","29020","California","06","85+ years","85+",4575
,"Kidney and Renal Pelvis","29020","Colorado","08","35-39 years","35-39",22
,"Kidney and Renal Pelvis","29020","Colorado","08","40-44 years","40-44",41
,"Kidney and Renal Pelvis","29020","Colorado","08","45-49 years","45-49",122
,"Kidney and Renal Pelvis","29020","Colorado","08","50-54 years","50-54",231
,"Kidney and Renal Pelvis","29020","Colorado","08","55-59 years","55-59",342
,"Kidney and Renal Pelvis","29020","Colorado","08","60-64 years ","60-64",469
,"Kidney and Renal Pelvis","29020","Colorado","08","65-69 years","65-69",484
,"Kidney and Renal Pelvis","29020","Colorado","08","70-74 years","70-74",515
,"Kidney and Renal Pelvis","29020","Colorado","08","75-79 years","75-79",518
,"Kidney and Renal Pelvis","29020","Colorado","08","80-84 years","80-84",472
,"Kidney and Renal Pelvis","29020","Colorado","08","85+ years","85+",615
,"Kidney and Renal Pelvis","29020","Connecticut","09","35-39 years","35-39",21
,"Kidney and Renal Pelvis","29020","Connecticut","09","40-44 years","40-44",48
,"Kidney and Renal Pelvis","29020","Connecticut","09","45-49 years","45-49",81
,"Kidney and Renal Pelvis","29020","Connecticut","09","50-54 years","50-54",175
,"Kidney and Renal Pelvis","29020","Connecticut","09","55-59 years","55-59",241
,"Kidney and Renal Pelvis","29020","Connecticut","09","60-64 years ","60-64",305
,"Kidney and Renal Pelvis","29020","Connecticut","09","65-69 years","65-69",353
,"Kidney and Renal Pelvis","29020","Connecticut","09","70-74 years","70-74",431
,"Kidney and Renal Pelvis","29020","Connecticut","09","75-79 years","75-79",447
,"Kidney and Renal Pelvis","29020","Connecticut","09","80-84 years","80-84",407
,"Kidney and Renal Pelvis","29020","Connecticut","09","85+ years","85+",575
,"Kidney and Renal Pelvis","29020","Delaware","10","45-49 years","45-49",24
,"Kidney and Renal Pelvis","29020","Delaware","10","50-54 years","50-54",41
,"Kidney and Renal Pelvis","29020","Delaware","10","55-59 years","55-59",76
,"Kidney and Renal Pelvis","29020","Delaware","10","60-64 years ","60-64",107
,"Kidney and Renal Pelvis","29020","Delaware","10","65-69 years","65-69",125
,"Kidney and Renal Pelvis","29020","Delaware","10","70-74 years","70-74",134
,"Kidney and Renal Pelvis","29020","Delaware","10","75-79 years","75-79",136
,"Kidney and Renal Pelvis","29020","Delaware","10","80-84 years","80-84",117
,"Kidney and Renal Pelvis","29020","Delaware","10","85+ years","85+",153
,"Kidney and Renal Pelvis","29020","District of Columbia","11","45-49 years","45-49",17
,"Kidney and Renal Pelvis","29020","District of Columbia","11","50-54 years","50-54",19
,"Kidney and Renal Pelvis","29020","District of Columbia","11","55-59 years","55-59",45
,"Kidney and Renal Pelvis","29020","District of Columbia","11","60-64 years ","60-64",52
,"Kidney and Renal Pelvis","29020","District of Columbia","11","65-69 years","65-69",45
,"Kidney and Renal Pelvis","29020","District of Columbia","11","70-74 years","70-74",50
,"Kidney and Renal Pelvis","29020","District of Columbia","11","75-79 years","75-79",48
,"Kidney and Renal Pelvis","29020","District of Columbia","11","80-84 years","80-84",43
,"Kidney and Renal Pelvis","29020","District of Columbia","11","85+ years","85+",62
,"Kidney and Renal Pelvis","29020","Florida","12","1-4 years","1-4",21
,"Kidney and Renal Pelvis","29020","Florida","12","5-9 years","5-9",27
,"Kidney and Renal Pelvis","29020","Florida","12","20-24 years","20-24",22
,"Kidney and Renal Pelvis","29020","Florida","12","25-29 years","25-29",33
,"Kidney and Renal Pelvis","29020","Florida","12","30-34 years","30-34",47
,"Kidney and Renal Pelvis","29020","Florida","12","35-39 years","35-39",97
,"Kidney and Renal Pelvis","29020","Florida","12","40-44 years","40-44",220
,"Kidney and Renal Pelvis","29020","Florida","12","45-49 years","45-49",524
,"Kidney and Renal Pelvis","29020","Florida","12","50-54 years","50-54",888
,"Kidney and Renal Pelvis","29020","Florida","12","55-59 years","55-59",1488
,"Kidney and Renal Pelvis","29020","Florida","12","60-64 years ","60-64",2074
,"Kidney and Renal Pelvis","29020","Florida","12","65-69 years","65-69",2534
,"Kidney and Renal Pelvis","29020","Florida","12","70-74 years","70-74",2955
,"Kidney and Renal Pelvis","29020","Florida","12","75-79 years","75-79",2984
,"Kidney and Renal Pelvis","29020","Florida","12","80-84 years","80-84",2861
,"Kidney and Renal Pelvis","29020","Florida","12","85+ years","85+",3459
,"Kidney and Renal Pelvis","29020","Georgia","13","25-29 years","25-29",17
,"Kidney and Renal Pelvis","29020","Georgia","13","30-34 years","30-34",35
,"Kidney and Renal Pelvis","29020","Georgia","13","35-39 years","35-39",66
,"Kidney and Renal Pelvis","29020","Georgia","13","40-44 years","40-44",149
,"Kidney and Renal Pelvis","29020","Georgia","13","45-49 years","45-49",281
,"Kidney and Renal Pelvis","29020","Georgia","13","50-54 years","50-54",499
,"Kidney and Renal Pelvis","29020","Georgia","13","55-59 years","55-59",770
,"Kidney and Renal Pelvis","29020","Georgia","13","60-64 years ","60-64",928
,"Kidney and Renal Pelvis","29020","Georgia","13","65-69 years","65-69",1026
,"Kidney and Renal Pelvis","29020","Georgia","13","70-74 years","70-74",1073
,"Kidney and Renal Pelvis","29020","Georgia","13","75-79 years","75-79",986
,"Kidney and Renal Pelvis","29020","Georgia","13","80-84 years","80-84",837
,"Kidney and Renal Pelvis","29020","Georgia","13","85+ years","85+",956
,"Kidney and Renal Pelvis","29020","Hawaii","15","45-49 years","45-49",29
,"Kidney and Renal Pelvis","29020","Hawaii","15","50-54 years","50-54",46
,"Kidney and Renal Pelvis","29020","Hawaii","15","55-59 years","55-59",92
,"Kidney and Renal Pelvis","29020","Hawaii","15","60-64 years ","60-64",126
,"Kidney and Renal Pelvis","29020","Hawaii","15","65-69 years","65-69",131
,"Kidney and Renal Pelvis","29020","Hawaii","15","70-74 years","70-74",122
,"Kidney and Renal Pelvis","29020","Hawaii","15","75-79 years","75-79",155
,"Kidney and Renal Pelvis","29020","Hawaii","15","80-84 years","80-84",100
,"Kidney and Renal Pelvis","29020","Hawaii","15","85+ years","85+",170
,"Kidney and Renal Pelvis","29020","Idaho","16","45-49 years","45-49",38
,"Kidney and Renal Pelvis","29020","Idaho","16","50-54 years","50-54",81
,"Kidney and Renal Pelvis","29020","Idaho","16","55-59 years","55-59",137
,"Kidney and Renal Pelvis","29020","Idaho","16","60-64 years ","60-64",167
,"Kidney and Renal Pelvis","29020","Idaho","16","65-69 years","65-69",204
,"Kidney and Renal Pelvis","29020","Idaho","16","70-74 years","70-74",211
,"Kidney and Renal Pelvis","29020","Idaho","16","75-79 years","75-79",212
,"Kidney and Renal Pelvis","29020","Idaho","16","80-84 years","80-84",187
,"Kidney and Renal Pelvis","29020","Idaho","16","85+ years","85+",222
,"Kidney and Renal Pelvis","29020","Illinois","17","5-9 years","5-9",18
,"Kidney and Renal Pelvis","29020","Illinois","17","20-24 years","20-24",23
,"Kidney and Renal Pelvis","29020","Illinois","17","25-29 years","25-29",34
,"Kidney and Renal Pelvis","29020","Illinois","17","30-34 years","30-34",46
,"Kidney and Renal Pelvis","29020","Illinois","17","35-39 years","35-39",78
,"Kidney and Renal Pelvis","29020","Illinois","17","40-44 years","40-44",157
,"Kidney and Renal Pelvis","29020","Illinois","17","45-49 years","45-49",410
,"Kidney and Renal Pelvis","29020","Illinois","17","50-54 years","50-54",774
,"Kidney and Renal Pelvis","29020","Illinois","17","55-59 years","55-59",1131
,"Kidney and Renal Pelvis","29020","Illinois","17","60-64 years ","60-64",1493
,"Kidney and Renal Pelvis","29020","Illinois","17","65-69 years","65-69",1590
,"Kidney and Renal Pelvis","29020","Illinois","17","70-74 years","70-74",1766
,"Kidney and Renal Pelvis","29020","Illinois","17","75-79 years","75-79",1769
,"Kidney and Renal Pelvis","29020","Illinois","17","80-84 years","80-84",1636
,"Kidney and Renal Pelvis","29020","Illinois","17","85+ years","85+",1942
,"Kidney and Renal Pelvis","29020","Indiana","18","30-34 years","30-34",16
,"Kidney and Renal Pelvis","29020","Indiana","18","35-39 years","35-39",35
,"Kidney and Renal Pelvis","29020","Indiana","18","40-44 years","40-44",109
,"Kidney and Renal Pelvis","29020","Indiana","18","45-49 years","45-49",220
,"Kidney and Renal Pelvis","29020","Indiana","18","50-54 years","50-54",439
,"Kidney and Renal Pelvis","29020","Indiana","18","55-59 years","55-59",663
,"Kidney and Renal Pelvis","29020","Indiana","18","60-64 years ","60-64",806
,"Kidney and Renal Pelvis","29020","Indiana","18","65-69 years","65-69",978
,"Kidney and Renal Pelvis","29020","Indiana","18","70-74 years","70-74",1071
,"Kidney and Renal Pelvis","29020","Indiana","18","75-79 years","75-79",1025
,"Kidney and Renal Pelvis","29020","Indiana","18","80-84 years","80-84",886
,"Kidney and Renal Pelvis","29020","Indiana","18","85+ years","85+",1071
,"Kidney and Renal Pelvis","29020","Iowa","19","35-39 years","35-39",21
,"Kidney and Renal Pelvis","29020","Iowa","19","40-44 years","40-44",36
,"Kidney and Renal Pelvis","29020","Iowa","19","45-49 years","45-49",88
,"Kidney and Renal Pelvis","29020","Iowa","19","50-54 years","50-54",194
,"Kidney and Renal Pelvis","29020","Iowa","19","55-59 years","55-59",294
,"Kidney and Renal Pelvis","29020","Iowa","19","60-64 years ","60-64",451
,"Kidney and Renal Pelvis","29020","Iowa","19","65-69 years","65-69",516
,"Kidney and Renal Pelvis","29020","Iowa","19","70-74 years","70-74",540
,"Kidney and Renal Pelvis","29020","Iowa","19","75-79 years","75-79",567
,"Kidney and Renal Pelvis","29020","Iowa","19","80-84 years","80-84",536
,"Kidney and Renal Pelvis","29020","Iowa","19","85+ years","85+",684
,"Kidney and Renal Pelvis","29020","Kansas","20","35-39 years","35-39",21
,"Kidney and Renal Pelvis","29020","Kansas","20","40-44 years","40-44",41
,"Kidney and Renal Pelvis","29020","Kansas","20","45-49 years","45-49",84
,"Kidney and Renal Pelvis","29020","Kansas","20","50-54 years","50-54",178
,"Kidney and Renal Pelvis","29020","Kansas","20","55-59 years","55-59",268
,"Kidney and Renal Pelvis","29020","Kansas","20","60-64 years ","60-64",348
,"Kidney and Renal Pelvis","29020","Kansas","20","65-69 years","65-69",422
,"Kidney and Renal Pelvis","29020","Kansas","20","70-74 years","70-74",420
,"Kidney and Renal Pelvis","29020","Kansas","20","75-79 years","75-79",459
,"Kidney and Renal Pelvis","29020","Kansas","20","80-84 years","80-84",416
,"Kidney and Renal Pelvis","29020","Kansas","20","85+ years","85+",503
,"Kidney and Renal Pelvis","29020","Kentucky","21","35-39 years","35-39",30
,"Kidney and Renal Pelvis","29020","Kentucky","21","40-44 years","40-44",78
,"Kidney and Renal Pelvis","29020","Kentucky","21","45-49 years","45-49",173
,"Kidney and Renal Pelvis","29020","Kentucky","21","50-54 years","50-54",294
,"Kidney and Renal Pelvis","29020","Kentucky","21","55-59 years","55-59",503
,"Kidney and Renal Pelvis","29020","Kentucky","21","60-64 years ","60-64",624
,"Kidney and Renal Pelvis","29020","Kentucky","21","65-69 years","65-69",720
,"Kidney and Renal Pelvis","29020","Kentucky","21","70-74 years","70-74",676
,"Kidney and Renal Pelvis","29020","Kentucky","21","75-79 years","75-79",692
,"Kidney and Renal Pelvis","29020","Kentucky","21","80-84 years","80-84",616
,"Kidney and Renal Pelvis","29020","Kentucky","21","85+ years","85+",675
,"Kidney and Renal Pelvis","29020","Louisiana","22","30-34 years","30-34",21
,"Kidney and Renal Pelvis","29020","Louisiana","22","35-39 years","35-39",48
,"Kidney and Renal Pelvis","29020","Louisiana","22","40-44 years","40-44",84
,"Kidney and Renal Pelvis","29020","Louisiana","22","45-49 years","45-49",198
,"Kidney and Renal Pelvis","29020","Louisiana","22","50-54 years","50-54",324
,"Kidney and Renal Pelvis","29020","Louisiana","22","55-59 years","55-59",558
,"Kidney and Renal Pelvis","29020","Louisiana","22","60-64 years ","60-64",676
,"Kidney and Renal Pelvis","29020","Louisiana","22","65-69 years","65-69",789
,"Kidney and Renal Pelvis","29020","Louisiana","22","70-74 years","70-74",731
,"Kidney and Renal Pelvis","29020","Louisiana","22","75-79 years","75-79",708
,"Kidney and Renal Pelvis","29020","Louisiana","22","80-84 years","80-84",579
,"Kidney and Renal Pelvis","29020","Louisiana","22","85+ years","85+",685
,"Kidney and Renal Pelvis","29020","Maine","23","40-44 years","40-44",16
,"Kidney and Renal Pelvis","29020","Maine","23","45-49 years","45-49",39
,"Kidney and Renal Pelvis","29020","Maine","23","50-54 years","50-54",100
,"Kidney and Renal Pelvis","29020","Maine","23","55-59 years","55-59",166
,"Kidney and Renal Pelvis","29020","Maine","23","60-64 years ","60-64",184
,"Kidney and Renal Pelvis","29020","Maine","23","65-69 years","65-69",196
,"Kidney and Renal Pelvis","29020","Maine","23","70-74 years","70-74",254
,"Kidney and Renal Pelvis","29020","Maine","23","75-79 years","75-79",250
,"Kidney and Renal Pelvis","29020","Maine","23","80-84 years","80-84",213
,"Kidney and Renal Pelvis","29020","Maine","23","85+ years","85+",259
,"Kidney and Renal Pelvis","29020","Maryland","24","30-34 years","30-34",20
,"Kidney and Renal Pelvis","29020","Maryland","24","35-39 years","35-39",28
,"Kidney and Renal Pelvis","29020","Maryland","24","40-44 years","40-44",61
,"Kidney and Renal Pelvis","29020","Maryland","24","45-49 years","45-49",159
,"Kidney and Renal Pelvis","29020","Maryland","24","50-54 years","50-54",305
,"Kidney and Renal Pelvis","29020","Maryland","24","55-59 years","55-59",419
,"Kidney and Renal Pelvis","29020","Maryland","24","60-64 years ","60-64",588
,"Kidney and Renal Pelvis","29020","Maryland","24","65-69 years","65-69",691
,"Kidney and Renal Pelvis","29020","Maryland","24","70-74 years","70-74",690
,"Kidney and Renal Pelvis","29020","Maryland","24","75-79 years","75-79",693
,"Kidney and Renal Pelvis","29020","Maryland","24","80-84 years","80-84",592
,"Kidney and Renal Pelvis","29020","Maryland","24","85+ years","85+",738
,"Kidney and Renal Pelvis","29020","Massachusetts","25","35-39 years","35-39",26
,"Kidney and Renal Pelvis","29020","Massachusetts","25","40-44 years","40-44",62
,"Kidney and Renal Pelvis","29020","Massachusetts","25","45-49 years","45-49",164
,"Kidney and Renal Pelvis","29020","Massachusetts","25","50-54 years","50-54",282
,"Kidney and Renal Pelvis","29020","Massachusetts","25","55-59 years","55-59",513
,"Kidney and Renal Pelvis","29020","Massachusetts","25","60-64 years ","60-64",651
,"Kidney and Renal Pelvis","29020","Massachusetts","25","65-69 years","65-69",692
,"Kidney and Renal Pelvis","29020","Massachusetts","25","70-74 years","70-74",806
,"Kidney and Renal Pelvis","29020","Massachusetts","25","75-79 years","75-79",824
,"Kidney and Renal Pelvis","29020","Massachusetts","25","80-84 years","80-84",844
,"Kidney and Renal Pelvis","29020","Massachusetts","25","85+ years","85+",1129
,"Kidney and Renal Pelvis","29020","Michigan","26","5-9 years","5-9",16
,"Kidney and Renal Pelvis","29020","Michigan","26","20-24 years","20-24",26
,"Kidney and Renal Pelvis","29020","Michigan","26","30-34 years","30-34",16
,"Kidney and Renal Pelvis","29020","Michigan","26","35-39 years","35-39",50
,"Kidney and Renal Pelvis","29020","Michigan","26","40-44 years","40-44",148
,"Kidney and Renal Pelvis","29020","Michigan","26","45-49 years","45-49",333
,"Kidney and Renal Pelvis","29020","Michigan","26","50-54 years","50-54",591
,"Kidney and Renal Pelvis","29020","Michigan","26","55-59 years","55-59",921
,"Kidney and Renal Pelvis","29020","Michigan","26","60-64 years ","60-64",1241
,"Kidney and Renal Pelvis","29020","Michigan","26","65-69 years","65-69",1368
,"Kidney and Renal Pelvis","29020","Michigan","26","70-74 years","70-74",1448
,"Kidney and Renal Pelvis","29020","Michigan","26","75-79 years","75-79",1528
,"Kidney and Renal Pelvis","29020","Michigan","26","80-84 years","80-84",1303
,"Kidney and Renal Pelvis","29020","Michigan","26","85+ years","85+",1543
,"Kidney and Renal Pelvis","29020","Minnesota","27","35-39 years","35-39",26
,"Kidney and Renal Pelvis","29020","Minnesota","27","40-44 years","40-44",72
,"Kidney and Renal Pelvis","29020","Minnesota","27","45-49 years","45-49",144
,"Kidney and Renal Pelvis","29020","Minnesota","27","50-54 years","50-54",269
,"Kidney and Renal Pelvis","29020","Minnesota","27","55-59 years","55-59",451
,"Kidney and Renal Pelvis","29020","Minnesota","27","60-64 years ","60-64",578
,"Kidney and Renal Pelvis","29020","Minnesota","27","65-69 years","65-69",730
,"Kidney and Renal Pelvis","29020","Minnesota","27","70-74 years","70-74",765
,"Kidney and Renal Pelvis","29020","Minnesota","27","75-79 years","75-79",768
,"Kidney and Renal Pelvis","29020","Minnesota","27","80-84 years","80-84",739
,"Kidney and Renal Pelvis","29020","Minnesota","27","85+ years","85+",996
,"Kidney and Renal Pelvis","29020","Mississippi","28","35-39 years","35-39",36
,"Kidney and Renal Pelvis","29020","Mississippi","28","40-44 years","40-44",49
,"Kidney and Renal Pelvis","29020","Mississippi","28","45-49 years","45-49",138
,"Kidney and Renal Pelvis","29020","Mississippi","28","50-54 years","50-54",206
,"Kidney and Renal Pelvis","29020","Mississippi","28","55-59 years","55-59",306
,"Kidney and Renal Pelvis","29020","Mississippi","28","60-64 years ","60-64",413
,"Kidney and Renal Pelvis","29020","Mississippi","28","65-69 years","65-69",458
,"Kidney and Renal Pelvis","29020","Mississippi","28","70-74 years","70-74",452
,"Kidney and Renal Pelvis","29020","Mississippi","28","75-79 years","75-79",414
,"Kidney and Renal Pelvis","29020","Mississippi","28","80-84 years","80-84",366
,"Kidney and Renal Pelvis","29020","Mississippi","28","85+ years","85+",414
,"Kidney and Renal Pelvis","29020","Missouri","29","35-39 years","35-39",28
,"Kidney and Renal Pelvis","29020","Missouri","29","40-44 years","40-44",86
,"Kidney and Renal Pelvis","29020","Missouri","29","45-49 years","45-49",213
,"Kidney and Renal Pelvis","29020","Missouri","29","50-54 years","50-54",428
,"Kidney and Renal Pelvis","29020","Missouri","29","55-59 years","55-59",636
,"Kidney and Renal Pelvis","29020","Missouri","29","60-64 years ","60-64",797
,"Kidney and Renal Pelvis","29020","Missouri","29","65-69 years","65-69",969
,"Kidney and Renal Pelvis","29020","Missouri","29","70-74 years","70-74",1028
,"Kidney and Renal Pelvis","29020","Missouri","29","75-79 years","75-79",952
,"Kidney and Renal Pelvis","29020","Missouri","29","80-84 years","80-84",904
,"Kidney and Renal Pelvis","29020","Missouri","29","85+ years","85+",1006
,"Kidney and Renal Pelvis","29020","Montana","30","40-44 years","40-44",18
,"Kidney and Renal Pelvis","29020","Montana","30","45-49 years","45-49",25
,"Kidney and Renal Pelvis","29020","Montana","30","50-54 years","50-54",51
,"Kidney and Renal Pelvis","29020","Montana","30","55-59 years","55-59",81
,"Kidney and Renal Pelvis","29020","Montana","30","60-64 years ","60-64",131
,"Kidney and Renal Pelvis","29020","Montana","30","65-69 years","65-69",142
,"Kidney and Renal Pelvis","29020","Montana","30","70-74 years","70-74",178
,"Kidney and Renal Pelvis","29020","Montana","30","75-79 years","75-79",150
,"Kidney and Renal Pelvis","29020","Montana","30","80-84 years","80-84",145
,"Kidney and Renal Pelvis","29020","Montana","30","85+ years","85+",148
,"Kidney and Renal Pelvis","29020","Nebraska","31","40-44 years","40-44",20
,"Kidney and Renal Pelvis","29020","Nebraska","31","45-49 years","45-49",52
,"Kidney and Renal Pelvis","29020","Nebraska","31","50-54 years","50-54",107
,"Kidney and Renal Pelvis","29020","Nebraska","31","55-59 years","55-59",186
,"Kidney and Renal Pelvis","29020","Nebraska","31","60-64 years ","60-64",226
,"Kidney and Renal Pelvis","29020","Nebraska","31","65-69 years","65-69",276
,"Kidney and Renal Pelvis","29020","Nebraska","31","70-74 years","70-74",273
,"Kidney and Renal Pelvis","29020","Nebraska","31","75-79 years","75-79",287
,"Kidney and Renal Pelvis","29020","Nebraska","31","80-84 years","80-84",282
,"Kidney and Renal Pelvis","29020","Nebraska","31","85+ years","85+",337
,"Kidney and Renal Pelvis","29020","Nevada","32","40-44 years","40-44",37
,"Kidney and Renal Pelvis","29020","Nevada","32","45-49 years","45-49",69
,"Kidney and Renal Pelvis","29020","Nevada","32","50-54 years","50-54",122
,"Kidney and Renal Pelvis","29020","Nevada","32","55-59 years","55-59",230
,"Kidney and Renal Pelvis","29020","Nevada","32","60-64 years ","60-64",305
,"Kidney and Renal Pelvis","29020","Nevada","32","65-69 years","65-69",311
,"Kidney and Renal Pelvis","29020","Nevada","32","70-74 years","70-74",345
,"Kidney and Renal Pelvis","29020","Nevada","32","75-79 years","75-79",296
,"Kidney and Renal Pelvis","29020","Nevada","32","80-84 years","80-84",285
,"Kidney and Renal Pelvis","29020","Nevada","32","85+ years","85+",297
,"Kidney and Renal Pelvis","29020","New Hampshire","33","40-44 years","40-44",17
,"Kidney and Renal Pelvis","29020","New Hampshire","33","45-49 years","45-49",35
,"Kidney and Renal Pelvis","29020","New Hampshire","33","50-54 years","50-54",69
,"Kidney and Renal Pelvis","29020","New Hampshire","33","55-59 years","55-59",108
,"Kidney and Renal Pelvis","29020","New Hampshire","33","60-64 years ","60-64",148
,"Kidney and Renal Pelvis","29020","New Hampshire","33","65-69 years","65-69",163
,"Kidney and Renal Pelvis","29020","New Hampshire","33","70-74 years","70-74",176
,"Kidney and Renal Pelvis","29020","New Hampshire","33","75-79 years","75-79",196
,"Kidney and Renal Pelvis","29020","New Hampshire","33","80-84 years","80-84",177
,"Kidney and Renal Pelvis","29020","New Hampshire","33","85+ years","85+",202
,"Kidney and Renal Pelvis","29020","New Jersey","34","25-29 years","25-29",22
,"Kidney and Renal Pelvis","29020","New Jersey","34","30-34 years","30-34",23
,"Kidney and Renal Pelvis","29020","New Jersey","34","35-39 years","35-39",44
,"Kidney and Renal Pelvis","29020","New Jersey","34","40-44 years","40-44",113
,"Kidney and Renal Pelvis","29020","New Jersey","34","45-49 years","45-49",221
,"Kidney and Renal Pelvis","29020","New Jersey","34","50-54 years","50-54",421
,"Kidney and Renal Pelvis","29020","New Jersey","34","55-59 years","55-59",609
,"Kidney and Renal Pelvis","29020","New Jersey","34","60-64 years ","60-64",808
,"Kidney and Renal Pelvis","29020","New Jersey","34","65-69 years","65-69",940
,"Kidney and Renal Pelvis","29020","New Jersey","34","70-74 years","70-74",1026
,"Kidney and Renal Pelvis","29020","New Jersey","34","75-79 years","75-79",1122
,"Kidney and Renal Pelvis","29020","New Jersey","34","80-84 years","80-84",1040
,"Kidney and Renal Pelvis","29020","New Jersey","34","85+ years","85+",1329
,"Kidney and Renal Pelvis","29020","New Mexico","35","40-44 years","40-44",30
,"Kidney and Renal Pelvis","29020","New Mexico","35","45-49 years","45-49",90
,"Kidney and Renal Pelvis","29020","New Mexico","35","50-54 years","50-54",127
,"Kidney and Renal Pelvis","29020","New Mexico","35","55-59 years","55-59",160
,"Kidney and Renal Pelvis","29020","New Mexico","35","60-64 years ","60-64",273
,"Kidney and Renal Pelvis","29020","New Mexico","35","65-69 years","65-69",290
,"Kidney and Renal Pelvis","29020","New Mexico","35","70-74 years","70-74",290
,"Kidney and Renal Pelvis","29020","New Mexico","35","75-79 years","75-79",294
,"Kidney and Renal Pelvis","29020","New Mexico","35","80-84 years","80-84",271
,"Kidney and Renal Pelvis","29020","New Mexico","35","85+ years","85+",307
,"Kidney and Renal Pelvis","29020","New York","36","1-4 years","1-4",17
,"Kidney and Renal Pelvis","29020","New York","36","5-9 years","5-9",21
,"Kidney and Renal Pelvis","29020","New York","36","20-24 years","20-24",29
,"Kidney and Renal Pelvis","29020","New York","36","25-29 years","25-29",37
,"Kidney and Renal Pelvis","29020","New York","36","30-34 years","30-34",45
,"Kidney and Renal Pelvis","29020","New York","36","35-39 years","35-39",90
,"Kidney and Renal Pelvis","29020","New York","36","40-44 years","40-44",231
,"Kidney and Renal Pelvis","29020","New York","36","45-49 years","45-49",449
,"Kidney and Renal Pelvis","29020","New York","36","50-54 years","50-54",868
,"Kidney and Renal Pelvis","29020","New York","36","55-59 years","55-59",1239
,"Kidney and Renal Pelvis","29020","New York","36","60-64 years ","60-64",1727
,"Kidney and Renal Pelvis","29020","New York","36","65-69 years","65-69",1980
,"Kidney and Renal Pelvis","29020","New York","36","70-74 years","70-74",2208
,"Kidney and Renal Pelvis","29020","New York","36","75-79 years","75-79",2239
,"Kidney and Renal Pelvis","29020","New York","36","80-84 years","80-84",2144
,"Kidney and Renal Pelvis","29020","New York","36","85+ years","85+",2735
,"Kidney and Renal Pelvis","29020","North Carolina","37","30-34 years","30-34",25
,"Kidney and Renal Pelvis","29020","North Carolina","37","35-39 years","35-39",58
,"Kidney and Renal Pelvis","29020","North Carolina","37","40-44 years","40-44",151
,"Kidney and Renal Pelvis","29020","North Carolina","37","45-49 years","45-49",320
,"Kidney and Renal Pelvis","29020","North Carolina","37","50-54 years","50-54",537
,"Kidney and Renal Pelvis","29020","North Carolina","37","55-59 years","55-59",852
,"Kidney and Renal Pelvis","29020","North Carolina","37","60-64 years ","60-64",1076
,"Kidney and Renal Pelvis","29020","North Carolina","37","65-69 years","65-69",1258
,"Kidney and Renal Pelvis","29020","North Carolina","37","70-74 years","70-74",1384
,"Kidney and Renal Pelvis","29020","North Carolina","37","75-79 years","75-79",1283
,"Kidney and Renal Pelvis","29020","North Carolina","37","80-84 years","80-84",1072
,"Kidney and Renal Pelvis","29020","North Carolina","37","85+ years","85+",1300
,"Kidney and Renal Pelvis","29020","North Dakota","38","45-49 years","45-49",20
,"Kidney and Renal Pelvis","29020","North Dakota","38","50-54 years","50-54",35
,"Kidney and Renal Pelvis","29020","North Dakota","38","55-59 years","55-59",62
,"Kidney and Renal Pelvis","29020","North Dakota","38","60-64 years ","60-64",83
,"Kidney and Renal Pelvis","29020","North Dakota","38","65-69 years","65-69",115
,"Kidney and Renal Pelvis","29020","North Dakota","38","70-74 years","70-74",128
,"Kidney and Renal Pelvis","29020","North Dakota","38","75-79 years","75-79",103
,"Kidney and Renal Pelvis","29020","North Dakota","38","80-84 years","80-84",99
,"Kidney and Renal Pelvis","29020","North Dakota","38","85+ years","85+",160
,"Kidney and Renal Pelvis","29020","Ohio","39","5-9 years","5-9",16
,"Kidney and Renal Pelvis","29020","Ohio","39","25-29 years","25-29",18
,"Kidney and Renal Pelvis","29020","Ohio","39","30-34 years","30-34",32
,"Kidney and Renal Pelvis","29020","Ohio","39","35-39 years","35-39",64
,"Kidney and Renal Pelvis","29020","Ohio","39","40-44 years","40-44",172
,"Kidney and Renal Pelvis","29020","Ohio","39","45-49 years","45-49",449
,"Kidney and Renal Pelvis","29020","Ohio","39","50-54 years","50-54",744
,"Kidney and Renal Pelvis","29020","Ohio","39","55-59 years","55-59",1064
,"Kidney and Renal Pelvis","29020","Ohio","39","60-64 years ","60-64",1481
,"Kidney and Renal Pelvis","29020","Ohio","39","65-69 years","65-69",1743
,"Kidney and Renal Pelvis","29020","Ohio","39","70-74 years","70-74",1861
,"Kidney and Renal Pelvis","29020","Ohio","39","75-79 years","75-79",1868
,"Kidney and Renal Pelvis","29020","Ohio","39","80-84 years","80-84",1687
,"Kidney and Renal Pelvis","29020","Ohio","39","85+ years","85+",1926
,"Kidney and Renal Pelvis","29020","Oklahoma","40","35-39 years","35-39",33
,"Kidney and Renal Pelvis","29020","Oklahoma","40","40-44 years","40-44",59
,"Kidney and Renal Pelvis","29020","Oklahoma","40","45-49 years","45-49",147
,"Kidney and Renal Pelvis","29020","Oklahoma","40","50-54 years","50-54",319
,"Kidney and Renal Pelvis","29020","Oklahoma","40","55-59 years","55-59",461
,"Kidney and Renal Pelvis","29020","Oklahoma","40","60-64 years ","60-64",629
,"Kidney and Renal Pelvis","29020","Oklahoma","40","65-69 years","65-69",710
,"Kidney and Renal Pelvis","29020","Oklahoma","40","70-74 years","70-74",736
,"Kidney and Renal Pelvis","29020","Oklahoma","40","75-79 years","75-79",595
,"Kidney and Renal Pelvis","29020","Oklahoma","40","80-84 years","80-84",566
,"Kidney and Renal Pelvis","29020","Oklahoma","40","85+ years","85+",562
,"Kidney and Renal Pelvis","29020","Oregon","41","35-39 years","35-39",18
,"Kidney and Renal Pelvis","29020","Oregon","41","40-44 years","40-44",34
,"Kidney and Renal Pelvis","29020","Oregon","41","45-49 years","45-49",111
,"Kidney and Renal Pelvis","29020","Oregon","41","50-54 years","50-54",207
,"Kidney and Renal Pelvis","29020","Oregon","41","55-59 years","55-59",311
,"Kidney and Renal Pelvis","29020","Oregon","41","60-64 years ","60-64",453
,"Kidney and Renal Pelvis","29020","Oregon","41","65-69 years","65-69",544
,"Kidney and Renal Pelvis","29020","Oregon","41","70-74 years","70-74",555
,"Kidney and Renal Pelvis","29020","Oregon","41","75-79 years","75-79",572
,"Kidney and Renal Pelvis","29020","Oregon","41","80-84 years","80-84",502
,"Kidney and Renal Pelvis","29020","Oregon","41","85+ years","85+",654
,"Kidney and Renal Pelvis","29020","Pennsylvania","42","25-29 years","25-29",17
,"Kidney and Renal Pelvis","29020","Pennsylvania","42","30-34 years","30-34",44
,"Kidney and Renal Pelvis","29020","Pennsylvania","42","35-39 years","35-39",63
,"Kidney and Renal Pelvis","29020","Pennsylvania","42","40-44 years","40-44",169
,"Kidney and Renal Pelvis","29020","Pennsylvania","42","45-49 years","45-49",371
,"Kidney and Renal Pelvis","29020","Pennsylvania","42","50-54 years","50-54",719
,"Kidney and Renal Pelvis","29020","Pennsylvania","42","55-59 years","55-59",1085
,"Kidney and Renal Pelvis","29020","Pennsylvania","42","60-64 years ","60-64",1501
,"Kidney and Renal Pelvis","29020","Pennsylvania","42","65-69 years","65-69",1706
,"Kidney and Renal Pelvis","29020","Pennsylvania","42","70-74 years","70-74",2010
,"Kidney and Renal Pelvis","29020","Pennsylvania","42","75-79 years","75-79",2130
,"Kidney and Renal Pelvis","29020","Pennsylvania","42","80-84 years","80-84",1939
,"Kidney and Renal Pelvis","29020","Pennsylvania","42","85+ years","85+",2439
,"Kidney and Renal Pelvis","29020","Rhode Island","44","40-44 years","40-44",17
,"Kidney and Renal Pelvis","29020","Rhode Island","44","45-49 years","45-49",30
,"Kidney and Renal Pelvis","29020","Rhode Island","44","50-54 years","50-54",59
,"Kidney and Renal Pelvis","29020","Rhode Island","44","55-59 years","55-59",87
,"Kidney and Renal Pelvis","29020","Rhode Island","44","60-64 years ","60-64",112
,"Kidney and Renal Pelvis","29020","Rhode Island","44","65-69 years","65-69",127
,"Kidney and Renal Pelvis","29020","Rhode Island","44","70-74 years","70-74",132
,"Kidney and Renal Pelvis","29020","Rhode Island","44","75-79 years","75-79",168
,"Kidney and Renal Pelvis","29020","Rhode Island","44","80-84 years","80-84",175
,"Kidney and Renal Pelvis","29020","Rhode Island","44","85+ years","85+",241
,"Kidney and Renal Pelvis","29020","South Carolina","45","30-34 years","30-34",18
,"Kidney and Renal Pelvis","29020","South Carolina","45","35-39 years","35-39",35
,"Kidney and Renal Pelvis","29020","South Carolina","45","40-44 years","40-44",66
,"Kidney and Renal Pelvis","29020","South Carolina","45","45-49 years","45-49",155
,"Kidney and Renal Pelvis","29020","South Carolina","45","50-54 years","50-54",262
,"Kidney and Renal Pelvis","29020","South Carolina","45","55-59 years","55-59",431
,"Kidney and Renal Pelvis","29020","South Carolina","45","60-64 years ","60-64",603
,"Kidney and Renal Pelvis","29020","South Carolina","45","65-69 years","65-69",637
,"Kidney and Renal Pelvis","29020","South Carolina","45","70-74 years","70-74",726
,"Kidney and Renal Pelvis","29020","South Carolina","45","75-79 years","75-79",686
,"Kidney and Renal Pelvis","29020","South Carolina","45","80-84 years","80-84",517
,"Kidney and Renal Pelvis","29020","South Carolina","45","85+ years","85+",626
,"Kidney and Renal Pelvis","29020","South Dakota","46","45-49 years","45-49",26
,"Kidney and Renal Pelvis","29020","South Dakota","46","50-54 years","50-54",50
,"Kidney and Renal Pelvis","29020","South Dakota","46","55-59 years","55-59",86
,"Kidney and Renal Pelvis","29020","South Dakota","46","60-64 years ","60-64",107
,"Kidney and Renal Pelvis","29020","South Dakota","46","65-69 years","65-69",122
,"Kidney and Renal Pelvis","29020","South Dakota","46","70-74 years","70-74",145
,"Kidney and Renal Pelvis","29020","South Dakota","46","75-79 years","75-79",138
,"Kidney and Renal Pelvis","29020","South Dakota","46","80-84 years","80-84",118
,"Kidney and Renal Pelvis","29020","South Dakota","46","85+ years","85+",194
,"Kidney and Renal Pelvis","29020","Tennessee","47","35-39 years","35-39",53
,"Kidney and Renal Pelvis","29020","Tennessee","47","40-44 years","40-44",90
,"Kidney and Renal Pelvis","29020","Tennessee","47","45-49 years","45-49",231
,"Kidney and Renal Pelvis","29020","Tennessee","47","50-54 years","50-54",424
,"Kidney and Renal Pelvis","29020","Tennessee","47","55-59 years","55-59",660
,"Kidney and Renal Pelvis","29020","Tennessee","47","60-64 years ","60-64",835
,"Kidney and Renal Pelvis","29020","Tennessee","47","65-69 years","65-69",952
,"Kidney and Renal Pelvis","29020","Tennessee","47","70-74 years","70-74",990
,"Kidney and Renal Pelvis","29020","Tennessee","47","75-79 years","75-79",936
,"Kidney and Renal Pelvis","29020","Tennessee","47","80-84 years","80-84",778
,"Kidney and Renal Pelvis","29020","Tennessee","47","85+ years","85+",894
,"Kidney and Renal Pelvis","29020","Texas","48","1-4 years","1-4",31
,"Kidney and Renal Pelvis","29020","Texas","48","5-9 years","5-9",37
,"Kidney and Renal Pelvis","29020","Texas","48","10-14 years","10-14",16
,"Kidney and Renal Pelvis","29020","Texas","48","15-19 years","15-19",17
,"Kidney and Renal Pelvis","29020","Texas","48","20-24 years","20-24",41
,"Kidney and Renal Pelvis","29020","Texas","48","25-29 years","25-29",44
,"Kidney and Renal Pelvis","29020","Texas","48","30-34 years","30-34",83
,"Kidney and Renal Pelvis","29020","Texas","48","35-39 years","35-39",154
,"Kidney and Renal Pelvis","29020","Texas","48","40-44 years","40-44",423
,"Kidney and Renal Pelvis","29020","Texas","48","45-49 years","45-49",915
,"Kidney and Renal Pelvis","29020","Texas","48","50-54 years","50-54",1545
,"Kidney and Renal Pelvis","29020","Texas","48","55-59 years","55-59",2323
,"Kidney and Renal Pelvis","29020","Texas","48","60-64 years ","60-64",2848
,"Kidney and Renal Pelvis","29020","Texas","48","65-69 years","65-69",3167
,"Kidney and Renal Pelvis","29020","Texas","48","70-74 years","70-74",3214
,"Kidney and Renal Pelvis","29020","Texas","48","75-79 years","75-79",3155
,"Kidney and Renal Pelvis","29020","Texas","48","80-84 years","80-84",2674
,"Kidney and Renal Pelvis","29020","Texas","48","85+ years","85+",2916
,"Kidney and Renal Pelvis","29020","Utah","49","40-44 years","40-44",23
,"Kidney and Renal Pelvis","29020","Utah","49","45-49 years","45-49",43
,"Kidney and Renal Pelvis","29020","Utah","49","50-54 years","50-54",71
,"Kidney and Renal Pelvis","29020","Utah","49","55-59 years","55-59",157
,"Kidney and Renal Pelvis","29020","Utah","49","60-64 years ","60-64",199
,"Kidney and Renal Pelvis","29020","Utah","49","65-69 years","65-69",214
,"Kidney and Renal Pelvis","29020","Utah","49","70-74 years","70-74",235
,"Kidney and Renal Pelvis","29020","Utah","49","75-79 years","75-79",234
,"Kidney and Renal Pelvis","29020","Utah","49","80-84 years","80-84",221
,"Kidney and Renal Pelvis","29020","Utah","49","85+ years","85+",232
,"Kidney and Renal Pelvis","29020","Vermont","50","45-49 years","45-49",16
,"Kidney and Renal Pelvis","29020","Vermont","50","50-54 years","50-54",39
,"Kidney and Renal Pelvis","29020","Vermont","50","55-59 years","55-59",57
,"Kidney and Renal Pelvis","29020","Vermont","50","60-64 years ","60-64",81
,"Kidney and Renal Pelvis","29020","Vermont","50","65-69 years","65-69",87
,"Kidney and Renal Pelvis","29020","Vermont","50","70-74 years","70-74",79
,"Kidney and Renal Pelvis","29020","Vermont","50","75-79 years","75-79",106
,"Kidney and Renal Pelvis","29020","Vermont","50","80-84 years","80-84",78
,"Kidney and Renal Pelvis","29020","Vermont","50","85+ years","85+",86
,"Kidney and Renal Pelvis","29020","Virginia","51","30-34 years","30-34",29
,"Kidney and Renal Pelvis","29020","Virginia","51","35-39 years","35-39",38
,"Kidney and Renal Pelvis","29020","Virginia","51","40-44 years","40-44",103
,"Kidney and Renal Pelvis","29020","Virginia","51","45-49 years","45-49",189
,"Kidney and Renal Pelvis","29020","Virginia","51","50-54 years","50-54",442
,"Kidney and Renal Pelvis","29020","Virginia","51","55-59 years","55-59",676
,"Kidney and Renal Pelvis","29020","Virginia","51","60-64 years ","60-64",839
,"Kidney and Renal Pelvis","29020","Virginia","51","65-69 years","65-69",948
,"Kidney and Renal Pelvis","29020","Virginia","51","70-74 years","70-74",1007
,"Kidney and Renal Pelvis","29020","Virginia","51","75-79 years","75-79",1032
,"Kidney and Renal Pelvis","29020","Virginia","51","80-84 years","80-84",843
,"Kidney and Renal Pelvis","29020","Virginia","51","85+ years","85+",994
,"Kidney and Renal Pelvis","29020","Washington","53","35-39 years","35-39",31
,"Kidney and Renal Pelvis","29020","Washington","53","40-44 years","40-44",79
,"Kidney and Renal Pelvis","29020","Washington","53","45-49 years","45-49",190
,"Kidney and Renal Pelvis","29020","Washington","53","50-54 years","50-54",369
,"Kidney and Renal Pelvis","29020","Washington","53","55-59 years","55-59",520
,"Kidney and Renal Pelvis","29020","Washington","53","60-64 years ","60-64",741
,"Kidney and Renal Pelvis","29020","Washington","53","65-69 years","65-69",845
,"Kidney and Renal Pelvis","29020","Washington","53","70-74 years","70-74",890
,"Kidney and Renal Pelvis","29020","Washington","53","75-79 years","75-79",846
,"Kidney and Renal Pelvis","29020","Washington","53","80-84 years","80-84",789
,"Kidney and Renal Pelvis","29020","Washington","53","85+ years","85+",995
,"Kidney and Renal Pelvis","29020","West Virginia","54","40-44 years","40-44",31
,"Kidney and Renal Pelvis","29020","West Virginia","54","45-49 years","45-49",86
,"Kidney and Renal Pelvis","29020","West Virginia","54","50-54 years","50-54",142
,"Kidney and Renal Pelvis","29020","West Virginia","54","55-59 years","55-59",207
,"Kidney and Renal Pelvis","29020","West Virginia","54","60-64 years ","60-64",299
,"Kidney and Renal Pelvis","29020","West Virginia","54","65-69 years","65-69",342
,"Kidney and Renal Pelvis","29020","West Virginia","54","70-74 years","70-74",336
,"Kidney and Renal Pelvis","29020","West Virginia","54","75-79 years","75-79",340
,"Kidney and Renal Pelvis","29020","West Virginia","54","80-84 years","80-84",314
,"Kidney and Renal Pelvis","29020","West Virginia","54","85+ years","85+",298
,"Kidney and Renal Pelvis","29020","Wisconsin","55","35-39 years","35-39",26
,"Kidney and Renal Pelvis","29020","Wisconsin","55","40-44 years","40-44",79
,"Kidney and Renal Pelvis","29020","Wisconsin","55","45-49 years","45-49",156
,"Kidney and Renal Pelvis","29020","Wisconsin","55","50-54 years","50-54",361
,"Kidney and Renal Pelvis","29020","Wisconsin","55","55-59 years","55-59",555
,"Kidney and Renal Pelvis","29020","Wisconsin","55","60-64 years ","60-64",671
,"Kidney and Renal Pelvis","29020","Wisconsin","55","65-69 years","65-69",822
,"Kidney and Renal Pelvis","29020","Wisconsin","55","70-74 years","70-74",961
,"Kidney and Renal Pelvis","29020","Wisconsin","55","75-79 years","75-79",912
,"Kidney and Renal Pelvis","29020","Wisconsin","55","80-84 years","80-84",804
,"Kidney and Renal Pelvis","29020","Wisconsin","55","85+ years","85+",1014
,"Kidney and Renal Pelvis","29020","Wyoming","56","50-54 years","50-54",34
,"Kidney and Renal Pelvis","29020","Wyoming","56","55-59 years","55-59",50
,"Kidney and Renal Pelvis","29020","Wyoming","56","60-64 years ","60-64",82
,"Kidney and Renal Pelvis","29020","Wyoming","56","65-69 years","65-69",72
,"Kidney and Renal Pelvis","29020","Wyoming","56","70-74 years","70-74",69
,"Kidney and Renal Pelvis","29020","Wyoming","56","75-79 years","75-79",69
,"Kidney and Renal Pelvis","29020","Wyoming","56","80-84 years","80-84",69
,"Kidney and Renal Pelvis","29020","Wyoming","56","85+ years","85+",58
,"Larynx","22020","Alabama","01","40-44 years","40-44",20
,"Larynx","22020","Alabama","01","45-49 years","45-49",47
,"Larynx","22020","Alabama","01","50-54 years","50-54",121
,"Larynx","22020","Alabama","01","55-59 years","55-59",228
,"Larynx","22020","Alabama","01","60-64 years ","60-64",276
,"Larynx","22020","Alabama","01","65-69 years","65-69",285
,"Larynx","22020","Alabama","01","70-74 years","70-74",239
,"Larynx","22020","Alabama","01","75-79 years","75-79",214
,"Larynx","22020","Alabama","01","80-84 years","80-84",146
,"Larynx","22020","Alabama","01","85+ years","85+",95
,"Larynx","22020","Alaska","02","70-74 years","70-74",16
,"Larynx","22020","Arizona","04","45-49 years","45-49",38
,"Larynx","22020","Arizona","04","50-54 years","50-54",76
,"Larynx","22020","Arizona","04","55-59 years","55-59",154
,"Larynx","22020","Arizona","04","60-64 years ","60-64",185
,"Larynx","22020","Arizona","04","65-69 years","65-69",214
,"Larynx","22020","Arizona","04","70-74 years","70-74",222
,"Larynx","22020","Arizona","04","75-79 years","75-79",182
,"Larynx","22020","Arizona","04","80-84 years","80-84",161
,"Larynx","22020","Arizona","04","85+ years","85+",124
,"Larynx","22020","Arkansas","05","45-49 years","45-49",25
,"Larynx","22020","Arkansas","05","50-54 years","50-54",69
,"Larynx","22020","Arkansas","05","55-59 years","55-59",94
,"Larynx","22020","Arkansas","05","60-64 years ","60-64",139
,"Larynx","22020","Arkansas","05","65-69 years","65-69",173
,"Larynx","22020","Arkansas","05","70-74 years","70-74",125
,"Larynx","22020","Arkansas","05","75-79 years","75-79",114
,"Larynx","22020","Arkansas","05","80-84 years","80-84",67
,"Larynx","22020","Arkansas","05","85+ years","85+",65
,"Larynx","22020","California","06","40-44 years","40-44",59
,"Larynx","22020","California","06","45-49 years","45-49",166
,"Larynx","22020","California","06","50-54 years","50-54",356
,"Larynx","22020","California","06","55-59 years","55-59",659
,"Larynx","22020","California","06","60-64 years ","60-64",866
,"Larynx","22020","California","06","65-69 years","65-69",992
,"Larynx","22020","California","06","70-74 years","70-74",992
,"Larynx","22020","California","06","75-79 years","75-79",925
,"Larynx","22020","California","06","80-84 years","80-84",811
,"Larynx","22020","California","06","85+ years","85+",848
,"Larynx","22020","Colorado","08","45-49 years","45-49",29
,"Larynx","22020","Colorado","08","50-54 years","50-54",39
,"Larynx","22020","Colorado","08","55-59 years","55-59",76
,"Larynx","22020","Colorado","08","60-64 years ","60-64",119
,"Larynx","22020","Colorado","08","65-69 years","65-69",116
,"Larynx","22020","Colorado","08","70-74 years","70-74",132
,"Larynx","22020","Colorado","08","75-79 years","75-79",106
,"Larynx","22020","Colorado","08","80-84 years","80-84",84
,"Larynx","22020","Colorado","08","85+ years","85+",76
,"Larynx","22020","Connecticut","09","45-49 years","45-49",29
,"Larynx","22020","Connecticut","09","50-54 years","50-54",73
,"Larynx","22020","Connecticut","09","55-59 years","55-59",95
,"Larynx","22020","Connecticut","09","60-64 years ","60-64",104
,"Larynx","22020","Connecticut","09","65-69 years","65-69",132
,"Larynx","22020","Connecticut","09","70-74 years","70-74",138
,"Larynx","22020","Connecticut","09","75-79 years","75-79",102
,"Larynx","22020","Connecticut","09","80-84 years","80-84",120
,"Larynx","22020","Connecticut","09","85+ years","85+",119
,"Larynx","22020","Delaware","10","50-54 years","50-54",17
,"Larynx","22020","Delaware","10","55-59 years","55-59",44
,"Larynx","22020","Delaware","10","60-64 years ","60-64",49
,"Larynx","22020","Delaware","10","65-69 years","65-69",59
,"Larynx","22020","Delaware","10","70-74 years","70-74",54
,"Larynx","22020","Delaware","10","75-79 years","75-79",44
,"Larynx","22020","Delaware","10","80-84 years","80-84",27
,"Larynx","22020","Delaware","10","85+ years","85+",25
,"Larynx","22020","District of Columbia","11","45-49 years","45-49",17
,"Larynx","22020","District of Columbia","11","50-54 years","50-54",27
,"Larynx","22020","District of Columbia","11","55-59 years","55-59",36
,"Larynx","22020","District of Columbia","11","60-64 years ","60-64",37
,"Larynx","22020","District of Columbia","11","65-69 years","65-69",35
,"Larynx","22020","District of Columbia","11","70-74 years","70-74",33
,"Larynx","22020","District of Columbia","11","75-79 years","75-79",41
,"Larynx","22020","District of Columbia","11","80-84 years","80-84",17
,"Larynx","22020","District of Columbia","11","85+ years","85+",27
,"Larynx","22020","Florida","12","40-44 years","40-44",83
,"Larynx","22020","Florida","12","45-49 years","45-49",240
,"Larynx","22020","Florida","12","50-54 years","50-54",496
,"Larynx","22020","Florida","12","55-59 years","55-59",886
,"Larynx","22020","Florida","12","60-64 years ","60-64",1026
,"Larynx","22020","Florida","12","65-69 years","65-69",1147
,"Larynx","22020","Florida","12","70-74 years","70-74",1095
,"Larynx","22020","Florida","12","75-79 years","75-79",918
,"Larynx","22020","Florida","12","80-84 years","80-84",765
,"Larynx","22020","Florida","12","85+ years","85+",715
,"Larynx","22020","Georgia","13","40-44 years","40-44",30
,"Larynx","22020","Georgia","13","45-49 years","45-49",87
,"Larynx","22020","Georgia","13","50-54 years","50-54",173
,"Larynx","22020","Georgia","13","55-59 years","55-59",329
,"Larynx","22020","Georgia","13","60-64 years ","60-64",418
,"Larynx","22020","Georgia","13","65-69 years","65-69",423
,"Larynx","22020","Georgia","13","70-74 years","70-74",347
,"Larynx","22020","Georgia","13","75-79 years","75-79",274
,"Larynx","22020","Georgia","13","80-84 years","80-84",196
,"Larynx","22020","Georgia","13","85+ years","85+",170
,"Larynx","22020","Hawaii","15","55-59 years","55-59",23
,"Larynx","22020","Hawaii","15","60-64 years ","60-64",42
,"Larynx","22020","Hawaii","15","65-69 years","65-69",47
,"Larynx","22020","Hawaii","15","70-74 years","70-74",45
,"Larynx","22020","Hawaii","15","75-79 years","75-79",28
,"Larynx","22020","Hawaii","15","80-84 years","80-84",26
,"Larynx","22020","Hawaii","15","85+ years","85+",34
,"Larynx","22020","Idaho","16","50-54 years","50-54",18
,"Larynx","22020","Idaho","16","55-59 years","55-59",35
,"Larynx","22020","Idaho","16","60-64 years ","60-64",42
,"Larynx","22020","Idaho","16","65-69 years","65-69",55
,"Larynx","22020","Idaho","16","70-74 years","70-74",28
,"Larynx","22020","Idaho","16","75-79 years","75-79",34
,"Larynx","22020","Idaho","16","80-84 years","80-84",44
,"Larynx","22020","Idaho","16","85+ years","85+",33
,"Larynx","22020","Illinois","17","40-44 years","40-44",46
,"Larynx","22020","Illinois","17","45-49 years","45-49",125
,"Larynx","22020","Illinois","17","50-54 years","50-54",252
,"Larynx","22020","Illinois","17","55-59 years","55-59",466
,"Larynx","22020","Illinois","17","60-64 years ","60-64",547
,"Larynx","22020","Illinois","17","65-69 years","65-69",587
,"Larynx","22020","Illinois","17","70-74 years","70-74",529
,"Larynx","22020","Illinois","17","75-79 years","75-79",485
,"Larynx","22020","Illinois","17","80-84 years","80-84",392
,"Larynx","22020","Illinois","17","85+ years","85+",337
,"Larynx","22020","Indiana","18","40-44 years","40-44",26
,"Larynx","22020","Indiana","18","45-49 years","45-49",53
,"Larynx","22020","Indiana","18","50-54 years","50-54",134
,"Larynx","22020","Indiana","18","55-59 years","55-59",227
,"Larynx","22020","Indiana","18","60-64 years ","60-64",300
,"Larynx","22020","Indiana","18","65-69 years","65-69",311
,"Larynx","22020","Indiana","18","70-74 years","70-74",271
,"Larynx","22020","Indiana","18","75-79 years","75-79",248
,"Larynx","22020","Indiana","18","80-84 years","80-84",198
,"Larynx","22020","Indiana","18","85+ years","85+",135
,"Larynx","22020","Iowa","19","45-49 years","45-49",16
,"Larynx","22020","Iowa","19","50-54 years","50-54",51
,"Larynx","22020","Iowa","19","55-59 years","55-59",90
,"Larynx","22020","Iowa","19","60-64 years ","60-64",133
,"Larynx","22020","Iowa","19","65-69 years","65-69",140
,"Larynx","22020","Iowa","19","70-74 years","70-74",143
,"Larynx","22020","Iowa","19","75-79 years","75-79",144
,"Larynx","22020","Iowa","19","80-84 years","80-84",74
,"Larynx","22020","Iowa","19","85+ years","85+",98
,"Larynx","22020","Kansas","20","50-54 years","50-54",36
,"Larynx","22020","Kansas","20","55-59 years","55-59",73
,"Larynx","22020","Kansas","20","60-64 years ","60-64",106
,"Larynx","22020","Kansas","20","65-69 years","65-69",97
,"Larynx","22020","Kansas","20","70-74 years","70-74",112
,"Larynx","22020","Kansas","20","75-79 years","75-79",85
,"Larynx","22020","Kansas","20","80-84 years","80-84",68
,"Larynx","22020","Kansas","20","85+ years","85+",64
,"Larynx","22020","Kentucky","21","40-44 years","40-44",25
,"Larynx","22020","Kentucky","21","45-49 years","45-49",57
,"Larynx","22020","Kentucky","21","50-54 years","50-54",141
,"Larynx","22020","Kentucky","21","55-59 years","55-59",225
,"Larynx","22020","Kentucky","21","60-64 years ","60-64",270
,"Larynx","22020","Kentucky","21","65-69 years","65-69",304
,"Larynx","22020","Kentucky","21","70-74 years","70-74",283
,"Larynx","22020","Kentucky","21","75-79 years","75-79",206
,"Larynx","22020","Kentucky","21","80-84 years","80-84",123
,"Larynx","22020","Kentucky","21","85+ years","85+",100
,"Larynx","22020","Louisiana","22","40-44 years","40-44",26
,"Larynx","22020","Louisiana","22","45-49 years","45-49",64
,"Larynx","22020","Louisiana","22","50-54 years","50-54",147
,"Larynx","22020","Louisiana","22","55-59 years","55-59",250
,"Larynx","22020","Louisiana","22","60-64 years ","60-64",267
,"Larynx","22020","Louisiana","22","65-69 years","65-69",266
,"Larynx","22020","Louisiana","22","70-74 years","70-74",246
,"Larynx","22020","Louisiana","22","75-79 years","75-79",188
,"Larynx","22020","Louisiana","22","80-84 years","80-84",129
,"Larynx","22020","Louisiana","22","85+ years","85+",125
,"Larynx","22020","Maine","23","45-49 years","45-49",16
,"Larynx","22020","Maine","23","50-54 years","50-54",31
,"Larynx","22020","Maine","23","55-59 years","55-59",66
,"Larynx","22020","Maine","23","60-64 years ","60-64",80
,"Larynx","22020","Maine","23","65-69 years","65-69",65
,"Larynx","22020","Maine","23","70-74 years","70-74",82
,"Larynx","22020","Maine","23","75-79 years","75-79",66
,"Larynx","22020","Maine","23","80-84 years","80-84",45
,"Larynx","22020","Maine","23","85+ years","85+",43
,"Larynx","22020","Maryland","24","45-49 years","45-49",46
,"Larynx","22020","Maryland","24","50-54 years","50-54",130
,"Larynx","22020","Maryland","24","55-59 years","55-59",201
,"Larynx","22020","Maryland","24","60-64 years ","60-64",265
,"Larynx","22020","Maryland","24","65-69 years","65-69",266
,"Larynx","22020","Maryland","24","70-74 years","70-74",246
,"Larynx","22020","Maryland","24","75-79 years","75-79",267
,"Larynx","22020","Maryland","24","80-84 years","80-84",177
,"Larynx","22020","Maryland","24","85+ years","85+",159
,"Larynx","22020","Massachusetts","25","45-49 years","45-49",47
,"Larynx","22020","Massachusetts","25","50-54 years","50-54",102
,"Larynx","22020","Massachusetts","25","55-59 years","55-59",180
,"Larynx","22020","Massachusetts","25","60-64 years ","60-64",219
,"Larynx","22020","Massachusetts","25","65-69 years","65-69",271
,"Larynx","22020","Massachusetts","25","70-74 years","70-74",293
,"Larynx","22020","Massachusetts","25","75-79 years","75-79",278
,"Larynx","22020","Massachusetts","25","80-84 years","80-84",220
,"Larynx","22020","Massachusetts","25","85+ years","85+",219
,"Larynx","22020","Michigan","26","40-44 years","40-44",42
,"Larynx","22020","Michigan","26","45-49 years","45-49",126
,"Larynx","22020","Michigan","26","50-54 years","50-54",263
,"Larynx","22020","Michigan","26","55-59 years","55-59",414
,"Larynx","22020","Michigan","26","60-64 years ","60-64",518
,"Larynx","22020","Michigan","26","65-69 years","65-69",533
,"Larynx","22020","Michigan","26","70-74 years","70-74",484
,"Larynx","22020","Michigan","26","75-79 years","75-79",406
,"Larynx","22020","Michigan","26","80-84 years","80-84",330
,"Larynx","22020","Michigan","26","85+ years","85+",285
,"Larynx","22020","Minnesota","27","45-49 years","45-49",24
,"Larynx","22020","Minnesota","27","50-54 years","50-54",60
,"Larynx","22020","Minnesota","27","55-59 years","55-59",118
,"Larynx","22020","Minnesota","27","60-64 years ","60-64",152
,"Larynx","22020","Minnesota","27","65-69 years","65-69",150
,"Larynx","22020","Minnesota","27","70-74 years","70-74",164
,"Larynx","22020","Minnesota","27","75-79 years","75-79",173
,"Larynx","22020","Minnesota","27","80-84 years","80-84",125
,"Larynx","22020","Minnesota","27","85+ years","85+",127
,"Larynx","22020","Mississippi","28","40-44 years","40-44",21
,"Larynx","22020","Mississippi","28","45-49 years","45-49",49
,"Larynx","22020","Mississippi","28","50-54 years","50-54",66
,"Larynx","22020","Mississippi","28","55-59 years","55-59",125
,"Larynx","22020","Mississippi","28","60-64 years ","60-64",160
,"Larynx","22020","Mississippi","28","65-69 years","65-69",163
,"Larynx","22020","Mississippi","28","70-74 years","70-74",115
,"Larynx","22020","Mississippi","28","75-79 years","75-79",102
,"Larynx","22020","Mississippi","28","80-84 years","80-84",65
,"Larynx","22020","Mississippi","28","85+ years","85+",76
,"Larynx","22020","Missouri","29","40-44 years","40-44",18
,"Larynx","22020","Missouri","29","45-49 years","45-49",57
,"Larynx","22020","Missouri","29","50-54 years","50-54",119
,"Larynx","22020","Missouri","29","55-59 years","55-59",229
,"Larynx","22020","Missouri","29","60-64 years ","60-64",293
,"Larynx","22020","Missouri","29","65-69 years","65-69",340
,"Larynx","22020","Missouri","29","70-74 years","70-74",299
,"Larynx","22020","Missouri","29","75-79 years","75-79",231
,"Larynx","22020","Missouri","29","80-84 years","80-84",168
,"Larynx","22020","Missouri","29","85+ years","85+",164
,"Larynx","22020","Montana","30","55-59 years","55-59",25
,"Larynx","22020","Montana","30","60-64 years ","60-64",42
,"Larynx","22020","Montana","30","65-69 years","65-69",33
,"Larynx","22020","Montana","30","70-74 years","70-74",43
,"Larynx","22020","Montana","30","75-79 years","75-79",37
,"Larynx","22020","Montana","30","80-84 years","80-84",27
,"Larynx","22020","Montana","30","85+ years","85+",21
,"Larynx","22020","Nebraska","31","50-54 years","50-54",26
,"Larynx","22020","Nebraska","31","55-59 years","55-59",49
,"Larynx","22020","Nebraska","31","60-64 years ","60-64",56
,"Larynx","22020","Nebraska","31","65-69 years","65-69",67
,"Larynx","22020","Nebraska","31","70-74 years","70-74",83
,"Larynx","22020","Nebraska","31","75-79 years","75-79",58
,"Larynx","22020","Nebraska","31","80-84 years","80-84",50
,"Larynx","22020","Nebraska","31","85+ years","85+",37
,"Larynx","22020","Nevada","32","50-54 years","50-54",32
,"Larynx","22020","Nevada","32","55-59 years","55-59",71
,"Larynx","22020","Nevada","32","60-64 years ","60-64",102
,"Larynx","22020","Nevada","32","65-69 years","65-69",97
,"Larynx","22020","Nevada","32","70-74 years","70-74",104
,"Larynx","22020","Nevada","32","75-79 years","75-79",86
,"Larynx","22020","Nevada","32","80-84 years","80-84",60
,"Larynx","22020","Nevada","32","85+ years","85+",54
,"Larynx","22020","New Hampshire","33","50-54 years","50-54",25
,"Larynx","22020","New Hampshire","33","55-59 years","55-59",27
,"Larynx","22020","New Hampshire","33","60-64 years ","60-64",42
,"Larynx","22020","New Hampshire","33","65-69 years","65-69",48
,"Larynx","22020","New Hampshire","33","70-74 years","70-74",58
,"Larynx","22020","New Hampshire","33","75-79 years","75-79",62
,"Larynx","22020","New Hampshire","33","80-84 years","80-84",36
,"Larynx","22020","New Hampshire","33","85+ years","85+",38
,"Larynx","22020","New Jersey","34","40-44 years","40-44",33
,"Larynx","22020","New Jersey","34","45-49 years","45-49",79
,"Larynx","22020","New Jersey","34","50-54 years","50-54",158
,"Larynx","22020","New Jersey","34","55-59 years","55-59",290
,"Larynx","22020","New Jersey","34","60-64 years ","60-64",305
,"Larynx","22020","New Jersey","34","65-69 years","65-69",390
,"Larynx","22020","New Jersey","34","70-74 years","70-74",401
,"Larynx","22020","New Jersey","34","75-79 years","75-79",326
,"Larynx","22020","New Jersey","34","80-84 years","80-84",286
,"Larynx","22020","New Jersey","34","85+ years","85+",277
,"Larynx","22020","New Mexico","35","50-54 years","50-54",29
,"Larynx","22020","New Mexico","35","55-59 years","55-59",44
,"Larynx","22020","New Mexico","35","60-64 years ","60-64",55
,"Larynx","22020","New Mexico","35","65-69 years","65-69",89
,"Larynx","22020","New Mexico","35","70-74 years","70-74",73
,"Larynx","22020","New Mexico","35","75-79 years","75-79",84
,"Larynx","22020","New Mexico","35","80-84 years","80-84",56
,"Larynx","22020","New Mexico","35","85+ years","85+",45
,"Larynx","22020","New York","36","35-39 years","35-39",18
,"Larynx","22020","New York","36","40-44 years","40-44",68
,"Larynx","22020","New York","36","45-49 years","45-49",160
,"Larynx","22020","New York","36","50-54 years","50-54",367
,"Larynx","22020","New York","36","55-59 years","55-59",639
,"Larynx","22020","New York","36","60-64 years ","60-64",822
,"Larynx","22020","New York","36","65-69 years","65-69",849
,"Larynx","22020","New York","36","70-74 years","70-74",789
,"Larynx","22020","New York","36","75-79 years","75-79",729
,"Larynx","22020","New York","36","80-84 years","80-84",582
,"Larynx","22020","New York","36","85+ years","85+",617
,"Larynx","22020","North Carolina","37","40-44 years","40-44",27
,"Larynx","22020","North Carolina","37","45-49 years","45-49",93
,"Larynx","22020","North Carolina","37","50-54 years","50-54",237
,"Larynx","22020","North Carolina","37","55-59 years","55-59",325
,"Larynx","22020","North Carolina","37","60-64 years ","60-64",474
,"Larynx","22020","North Carolina","37","65-69 years","65-69",457
,"Larynx","22020","North Carolina","37","70-74 years","70-74",473
,"Larynx","22020","North Carolina","37","75-79 years","75-79",368
,"Larynx","22020","North Carolina","37","80-84 years","80-84",275
,"Larynx","22020","North Carolina","37","85+ years","85+",221
,"Larynx","22020","North Dakota","38","60-64 years ","60-64",34
,"Larynx","22020","North Dakota","38","65-69 years","65-69",25
,"Larynx","22020","North Dakota","38","70-74 years","70-74",29
,"Larynx","22020","North Dakota","38","75-79 years","75-79",22
,"Larynx","22020","North Dakota","38","80-84 years","80-84",24
,"Larynx","22020","North Dakota","38","85+ years","85+",28
,"Larynx","22020","Ohio","39","40-44 years","40-44",47
,"Larynx","22020","Ohio","39","45-49 years","45-49",139
,"Larynx","22020","Ohio","39","50-54 years","50-54",347
,"Larynx","22020","Ohio","39","55-59 years","55-59",511
,"Larynx","22020","Ohio","39","60-64 years ","60-64",621
,"Larynx","22020","Ohio","39","65-69 years","65-69",656
,"Larynx","22020","Ohio","39","70-74 years","70-74",628
,"Larynx","22020","Ohio","39","75-79 years","75-79",503
,"Larynx","22020","Ohio","39","80-84 years","80-84",352
,"Larynx","22020","Ohio","39","85+ years","85+",328
,"Larynx","22020","Oklahoma","40","45-49 years","45-49",30
,"Larynx","22020","Oklahoma","40","50-54 years","50-54",81
,"Larynx","22020","Oklahoma","40","55-59 years","55-59",117
,"Larynx","22020","Oklahoma","40","60-64 years ","60-64",176
,"Larynx","22020","Oklahoma","40","65-69 years","65-69",170
,"Larynx","22020","Oklahoma","40","70-74 years","70-74",193
,"Larynx","22020","Oklahoma","40","75-79 years","75-79",140
,"Larynx","22020","Oklahoma","40","80-84 years","80-84",83
,"Larynx","22020","Oklahoma","40","85+ years","85+",84
,"Larynx","22020","Oregon","41","50-54 years","50-54",28
,"Larynx","22020","Oregon","41","55-59 years","55-59",76
,"Larynx","22020","Oregon","41","60-64 years ","60-64",116
,"Larynx","22020","Oregon","41","65-69 years","65-69",135
,"Larynx","22020","Oregon","41","70-74 years","70-74",142
,"Larynx","22020","Oregon","41","75-79 years","75-79",125
,"Larynx","22020","Oregon","41","80-84 years","80-84",99
,"Larynx","22020","Oregon","41","85+ years","85+",71
,"Larynx","22020","Pennsylvania","42","40-44 years","40-44",28
,"Larynx","22020","Pennsylvania","42","45-49 years","45-49",117
,"Larynx","22020","Pennsylvania","42","50-54 years","50-54",270
,"Larynx","22020","Pennsylvania","42","55-59 years","55-59",431
,"Larynx","22020","Pennsylvania","42","60-64 years ","60-64",622
,"Larynx","22020","Pennsylvania","42","65-69 years","65-69",657
,"Larynx","22020","Pennsylvania","42","70-74 years","70-74",652
,"Larynx","22020","Pennsylvania","42","75-79 years","75-79",623
,"Larynx","22020","Pennsylvania","42","80-84 years","80-84",511
,"Larynx","22020","Pennsylvania","42","85+ years","85+",497
,"Larynx","22020","Rhode Island","44","50-54 years","50-54",18
,"Larynx","22020","Rhode Island","44","55-59 years","55-59",36
,"Larynx","22020","Rhode Island","44","60-64 years ","60-64",37
,"Larynx","22020","Rhode Island","44","65-69 years","65-69",52
,"Larynx","22020","Rhode Island","44","70-74 years","70-74",53
,"Larynx","22020","Rhode Island","44","75-79 years","75-79",47
,"Larynx","22020","Rhode Island","44","80-84 years","80-84",41
,"Larynx","22020","Rhode Island","44","85+ years","85+",34
,"Larynx","22020","South Carolina","45","40-44 years","40-44",19
,"Larynx","22020","South Carolina","45","45-49 years","45-49",54
,"Larynx","22020","South Carolina","45","50-54 years","50-54",135
,"Larynx","22020","South Carolina","45","55-59 years","55-59",240
,"Larynx","22020","South Carolina","45","60-64 years ","60-64",273
,"Larynx","22020","South Carolina","45","65-69 years","65-69",270
,"Larynx","22020","South Carolina","45","70-74 years","70-74",217
,"Larynx","22020","South Carolina","45","75-79 years","75-79",208
,"Larynx","22020","South Carolina","45","80-84 years","80-84",140
,"Larynx","22020","South Carolina","45","85+ years","85+",100
,"Larynx","22020","South Dakota","46","55-59 years","55-59",16
,"Larynx","22020","South Dakota","46","60-64 years ","60-64",17
,"Larynx","22020","South Dakota","46","65-69 years","65-69",25
,"Larynx","22020","South Dakota","46","70-74 years","70-74",44
,"Larynx","22020","South Dakota","46","75-79 years","75-79",22
,"Larynx","22020","South Dakota","46","80-84 years","80-84",17
,"Larynx","22020","South Dakota","46","85+ years","85+",22
,"Larynx","22020","Tennessee","47","40-44 years","40-44",31
,"Larynx","22020","Tennessee","47","45-49 years","45-49",97
,"Larynx","22020","Tennessee","47","50-54 years","50-54",203
,"Larynx","22020","Tennessee","47","55-59 years","55-59",296
,"Larynx","22020","Tennessee","47","60-64 years ","60-64",408
,"Larynx","22020","Tennessee","47","65-69 years","65-69",405
,"Larynx","22020","Tennessee","47","70-74 years","70-74",325
,"Larynx","22020","Tennessee","47","75-79 years","75-79",266
,"Larynx","22020","Tennessee","47","80-84 years","80-84",188
,"Larynx","22020","Tennessee","47","85+ years","85+",129
,"Larynx","22020","Texas","48","40-44 years","40-44",58
,"Larynx","22020","Texas","48","45-49 years","45-49",219
,"Larynx","22020","Texas","48","50-54 years","50-54",402
,"Larynx","22020","Texas","48","55-59 years","55-59",666
,"Larynx","22020","Texas","48","60-64 years ","60-64",882
,"Larynx","22020","Texas","48","65-69 years","65-69",917
,"Larynx","22020","Texas","48","70-74 years","70-74",897
,"Larynx","22020","Texas","48","75-79 years","75-79",766
,"Larynx","22020","Texas","48","80-84 years","80-84",509
,"Larynx","22020","Texas","48","85+ years","85+",506
,"Larynx","22020","Utah","49","55-59 years","55-59",19
,"Larynx","22020","Utah","49","60-64 years ","60-64",25
,"Larynx","22020","Utah","49","65-69 years","65-69",39
,"Larynx","22020","Utah","49","70-74 years","70-74",33
,"Larynx","22020","Utah","49","75-79 years","75-79",34
,"Larynx","22020","Utah","49","80-84 years","80-84",18
,"Larynx","22020","Utah","49","85+ years","85+",24
,"Larynx","22020","Vermont","50","50-54 years","50-54",18
,"Larynx","22020","Vermont","50","55-59 years","55-59",17
,"Larynx","22020","Vermont","50","60-64 years ","60-64",36
,"Larynx","22020","Vermont","50","65-69 years","65-69",21
,"Larynx","22020","Vermont","50","70-74 years","70-74",28
,"Larynx","22020","Vermont","50","75-79 years","75-79",23
,"Larynx","22020","Vermont","50","80-84 years","80-84",19
,"Larynx","22020","Virginia","51","40-44 years","40-44",23
,"Larynx","22020","Virginia","51","45-49 years","45-49",63
,"Larynx","22020","Virginia","51","50-54 years","50-54",132
,"Larynx","22020","Virginia","51","55-59 years","55-59",245
,"Larynx","22020","Virginia","51","60-64 years ","60-64",311
,"Larynx","22020","Virginia","51","65-69 years","65-69",355
,"Larynx","22020","Virginia","51","70-74 years","70-74",320
,"Larynx","22020","Virginia","51","75-79 years","75-79",260
,"Larynx","22020","Virginia","51","80-84 years","80-84",200
,"Larynx","22020","Virginia","51","85+ years","85+",198
,"Larynx","22020","Washington","53","45-49 years","45-49",36
,"Larynx","22020","Washington","53","50-54 years","50-54",85
,"Larynx","22020","Washington","53","55-59 years","55-59",131
,"Larynx","22020","Washington","53","60-64 years ","60-64",187
,"Larynx","22020","Washington","53","65-69 years","65-69",216
,"Larynx","22020","Washington","53","70-74 years","70-74",217
,"Larynx","22020","Washington","53","75-79 years","75-79",216
,"Larynx","22020","Washington","53","80-84 years","80-84",169
,"Larynx","22020","Washington","53","85+ years","85+",164
,"Larynx","22020","West Virginia","54","45-49 years","45-49",36
,"Larynx","22020","West Virginia","54","50-54 years","50-54",72
,"Larynx","22020","West Virginia","54","55-59 years","55-59",128
,"Larynx","22020","West Virginia","54","60-64 years ","60-64",155
,"Larynx","22020","West Virginia","54","65-69 years","65-69",167
,"Larynx","22020","West Virginia","54","70-74 years","70-74",140
,"Larynx","22020","West Virginia","54","75-79 years","75-79",120
,"Larynx","22020","West Virginia","54","80-84 years","80-84",76
,"Larynx","22020","West Virginia","54","85+ years","85+",57
,"Larynx","22020","Wisconsin","55","45-49 years","45-49",29
,"Larynx","22020","Wisconsin","55","50-54 years","50-54",92
,"Larynx","22020","Wisconsin","55","55-59 years","55-59",146
,"Larynx","22020","Wisconsin","55","60-64 years ","60-64",212
,"Larynx","22020","Wisconsin","55","65-69 years","65-69",232
,"Larynx","22020","Wisconsin","55","70-74 years","70-74",245
,"Larynx","22020","Wisconsin","55","75-79 years","75-79",204
,"Larynx","22020","Wisconsin","55","80-84 years","80-84",144
,"Larynx","22020","Wisconsin","55","85+ years","85+",161
,"Larynx","22020","Wyoming","56","60-64 years ","60-64",20
,"Larynx","22020","Wyoming","56","65-69 years","65-69",23
,"Larynx","22020","Wyoming","56","70-74 years","70-74",26
,"Larynx","22020","Wyoming","56","75-79 years","75-79",17
,"Leukemias","35011-35043","Alabama","01","1-4 years","1-4",21
,"Leukemias","35011-35043","Alabama","01","5-9 years","5-9",31
,"Leukemias","35011-35043","Alabama","01","10-14 years","10-14",55
,"Leukemias","35011-35043","Alabama","01","15-19 years","15-19",62
,"Leukemias","35011-35043","Alabama","01","20-24 years","20-24",78
,"Leukemias","35011-35043","Alabama","01","25-29 years","25-29",87
,"Leukemias","35011-35043","Alabama","01","30-34 years","30-34",95
,"Leukemias","35011-35043","Alabama","01","35-39 years","35-39",93
,"Leukemias","35011-35043","Alabama","01","40-44 years","40-44",132
,"Leukemias","35011-35043","Alabama","01","45-49 years","45-49",231
,"Leukemias","35011-35043","Alabama","01","50-54 years","50-54",302
,"Leukemias","35011-35043","Alabama","01","55-59 years","55-59",467
,"Leukemias","35011-35043","Alabama","01","60-64 years ","60-64",668
,"Leukemias","35011-35043","Alabama","01","65-69 years","65-69",896
,"Leukemias","35011-35043","Alabama","01","70-74 years","70-74",1189
,"Leukemias","35011-35043","Alabama","01","75-79 years","75-79",1295
,"Leukemias","35011-35043","Alabama","01","80-84 years","80-84",1251
,"Leukemias","35011-35043","Alabama","01","85+ years","85+",1507
,"Leukemias","35011-35043","Alaska","02","45-49 years","45-49",22
,"Leukemias","35011-35043","Alaska","02","50-54 years","50-54",38
,"Leukemias","35011-35043","Alaska","02","55-59 years","55-59",48
,"Leukemias","35011-35043","Alaska","02","60-64 years ","60-64",61
,"Leukemias","35011-35043","Alaska","02","65-69 years","65-69",66
,"Leukemias","35011-35043","Alaska","02","70-74 years","70-74",102
,"Leukemias","35011-35043","Alaska","02","75-79 years","75-79",103
,"Leukemias","35011-35043","Alaska","02","80-84 years","80-84",87
,"Leukemias","35011-35043","Alaska","02","85+ years","85+",97
,"Leukemias","35011-35043","Arizona","04","1-4 years","1-4",65
,"Leukemias","35011-35043","Arizona","04","5-9 years","5-9",59
,"Leukemias","35011-35043","Arizona","04","10-14 years","10-14",90
,"Leukemias","35011-35043","Arizona","04","15-19 years","15-19",101
,"Leukemias","35011-35043","Arizona","04","20-24 years","20-24",116
,"Leukemias","35011-35043","Arizona","04","25-29 years","25-29",98
,"Leukemias","35011-35043","Arizona","04","30-34 years","30-34",117
,"Leukemias","35011-35043","Arizona","04","35-39 years","35-39",127
,"Leukemias","35011-35043","Arizona","04","40-44 years","40-44",166
,"Leukemias","35011-35043","Arizona","04","45-49 years","45-49",232
,"Leukemias","35011-35043","Arizona","04","50-54 years","50-54",299
,"Leukemias","35011-35043","Arizona","04","55-59 years","55-59",452
,"Leukemias","35011-35043","Arizona","04","60-64 years ","60-64",692
,"Leukemias","35011-35043","Arizona","04","65-69 years","65-69",1030
,"Leukemias","35011-35043","Arizona","04","70-74 years","70-74",1402
,"Leukemias","35011-35043","Arizona","04","75-79 years","75-79",1613
,"Leukemias","35011-35043","Arizona","04","80-84 years","80-84",1592
,"Leukemias","35011-35043","Arizona","04","85+ years","85+",1905
,"Leukemias","35011-35043","Arkansas","05","1-4 years","1-4",24
,"Leukemias","35011-35043","Arkansas","05","5-9 years","5-9",19
,"Leukemias","35011-35043","Arkansas","05","10-14 years","10-14",29
,"Leukemias","35011-35043","Arkansas","05","15-19 years","15-19",36
,"Leukemias","35011-35043","Arkansas","05","20-24 years","20-24",44
,"Leukemias","35011-35043","Arkansas","05","25-29 years","25-29",54
,"Leukemias","35011-35043","Arkansas","05","30-34 years","30-34",51
,"Leukemias","35011-35043","Arkansas","05","35-39 years","35-39",61
,"Leukemias","35011-35043","Arkansas","05","40-44 years","40-44",84
,"Leukemias","35011-35043","Arkansas","05","45-49 years","45-49",116
,"Leukemias","35011-35043","Arkansas","05","50-54 years","50-54",195
,"Leukemias","35011-35043","Arkansas","05","55-59 years","55-59",312
,"Leukemias","35011-35043","Arkansas","05","60-64 years ","60-64",368
,"Leukemias","35011-35043","Arkansas","05","65-69 years","65-69",572
,"Leukemias","35011-35043","Arkansas","05","70-74 years","70-74",744
,"Leukemias","35011-35043","Arkansas","05","75-79 years","75-79",890
,"Leukemias","35011-35043","Arkansas","05","80-84 years","80-84",886
,"Leukemias","35011-35043","Arkansas","05","85+ years","85+",1057
,"Leukemias","35011-35043","California","06","< 1 year","1",86
,"Leukemias","35011-35043","California","06","1-4 years","1-4",386
,"Leukemias","35011-35043","California","06","5-9 years","5-9",428
,"Leukemias","35011-35043","California","06","10-14 years","10-14",547
,"Leukemias","35011-35043","California","06","15-19 years","15-19",729
,"Leukemias","35011-35043","California","06","20-24 years","20-24",764
,"Leukemias","35011-35043","California","06","25-29 years","25-29",659
,"Leukemias","35011-35043","California","06","30-34 years","30-34",754
,"Leukemias","35011-35043","California","06","35-39 years","35-39",889
,"Leukemias","35011-35043","California","06","40-44 years","40-44",1046
,"Leukemias","35011-35043","California","06","45-49 years","45-49",1482
,"Leukemias","35011-35043","California","06","50-54 years","50-54",1939
,"Leukemias","35011-35043","California","06","55-59 years","55-59",2799
,"Leukemias","35011-35043","California","06","60-64 years ","60-64",3628
,"Leukemias","35011-35043","California","06","65-69 years","65-69",4957
,"Leukemias","35011-35043","California","06","70-74 years","70-74",6251
,"Leukemias","35011-35043","California","06","75-79 years","75-79",7415
,"Leukemias","35011-35043","California","06","80-84 years","80-84",7803
,"Leukemias","35011-35043","California","06","85+ years","85+",10592
,"Leukemias","35011-35043","Colorado","08","1-4 years","1-4",32
,"Leukemias","35011-35043","Colorado","08","5-9 years","5-9",29
,"Leukemias","35011-35043","Colorado","08","10-14 years","10-14",47
,"Leukemias","35011-35043","Colorado","08","15-19 years","15-19",49
,"Leukemias","35011-35043","Colorado","08","20-24 years","20-24",66
,"Leukemias","35011-35043","Colorado","08","25-29 years","25-29",61
,"Leukemias","35011-35043","Colorado","08","30-34 years","30-34",67
,"Leukemias","35011-35043","Colorado","08","35-39 years","35-39",92
,"Leukemias","35011-35043","Colorado","08","40-44 years","40-44",145
,"Leukemias","35011-35043","Colorado","08","45-49 years","45-49",189
,"Leukemias","35011-35043","Colorado","08","50-54 years","50-54",214
,"Leukemias","35011-35043","Colorado","08","55-59 years","55-59",384
,"Leukemias","35011-35043","Colorado","08","60-64 years ","60-64",512
,"Leukemias","35011-35043","Colorado","08","65-69 years","65-69",707
,"Leukemias","35011-35043","Colorado","08","70-74 years","70-74",852
,"Leukemias","35011-35043","Colorado","08","75-79 years","75-79",993
,"Leukemias","35011-35043","Colorado","08","80-84 years","80-84",1078
,"Leukemias","35011-35043","Colorado","08","85+ years","85+",1370
,"Leukemias","35011-35043","Connecticut","09","1-4 years","1-4",16
,"Leukemias","35011-35043","Connecticut","09","5-9 years","5-9",25
,"Leukemias","35011-35043","Connecticut","09","10-14 years","10-14",33
,"Leukemias","35011-35043","Connecticut","09","15-19 years","15-19",51
,"Leukemias","35011-35043","Connecticut","09","20-24 years","20-24",41
,"Leukemias","35011-35043","Connecticut","09","25-29 years","25-29",63
,"Leukemias","35011-35043","Connecticut","09","30-34 years","30-34",46
,"Leukemias","35011-35043","Connecticut","09","35-39 years","35-39",75
,"Leukemias","35011-35043","Connecticut","09","40-44 years","40-44",77
,"Leukemias","35011-35043","Connecticut","09","45-49 years","45-49",126
,"Leukemias","35011-35043","Connecticut","09","50-54 years","50-54",163
,"Leukemias","35011-35043","Connecticut","09","55-59 years","55-59",303
,"Leukemias","35011-35043","Connecticut","09","60-64 years ","60-64",424
,"Leukemias","35011-35043","Connecticut","09","65-69 years","65-69",556
,"Leukemias","35011-35043","Connecticut","09","70-74 years","70-74",808
,"Leukemias","35011-35043","Connecticut","09","75-79 years","75-79",978
,"Leukemias","35011-35043","Connecticut","09","80-84 years","80-84",1034
,"Leukemias","35011-35043","Connecticut","09","85+ years","85+",1538
,"Leukemias","35011-35043","Delaware","10","35-39 years","35-39",18
,"Leukemias","35011-35043","Delaware","10","40-44 years","40-44",21
,"Leukemias","35011-35043","Delaware","10","45-49 years","45-49",39
,"Leukemias","35011-35043","Delaware","10","50-54 years","50-54",54
,"Leukemias","35011-35043","Delaware","10","55-59 years","55-59",83
,"Leukemias","35011-35043","Delaware","10","60-64 years ","60-64",123
,"Leukemias","35011-35043","Delaware","10","65-69 years","65-69",200
,"Leukemias","35011-35043","Delaware","10","70-74 years","70-74",241
,"Leukemias","35011-35043","Delaware","10","75-79 years","75-79",266
,"Leukemias","35011-35043","Delaware","10","80-84 years","80-84",257
,"Leukemias","35011-35043","Delaware","10","85+ years","85+",302
,"Leukemias","35011-35043","District of Columbia","11","40-44 years","40-44",16
,"Leukemias","35011-35043","District of Columbia","11","50-54 years","50-54",33
,"Leukemias","35011-35043","District of Columbia","11","55-59 years","55-59",42
,"Leukemias","35011-35043","District of Columbia","11","60-64 years ","60-64",67
,"Leukemias","35011-35043","District of Columbia","11","65-69 years","65-69",77
,"Leukemias","35011-35043","District of Columbia","11","70-74 years","70-74",92
,"Leukemias","35011-35043","District of Columbia","11","75-79 years","75-79",102
,"Leukemias","35011-35043","District of Columbia","11","80-84 years","80-84",118
,"Leukemias","35011-35043","District of Columbia","11","85+ years","85+",171
,"Leukemias","35011-35043","Florida","12","< 1 year","1",23
,"Leukemias","35011-35043","Florida","12","1-4 years","1-4",141
,"Leukemias","35011-35043","Florida","12","5-9 years","5-9",125
,"Leukemias","35011-35043","Florida","12","10-14 years","10-14",152
,"Leukemias","35011-35043","Florida","12","15-19 years","15-19",242
,"Leukemias","35011-35043","Florida","12","20-24 years","20-24",277
,"Leukemias","35011-35043","Florida","12","25-29 years","25-29",273
,"Leukemias","35011-35043","Florida","12","30-34 years","30-34",314
,"Leukemias","35011-35043","Florida","12","35-39 years","35-39",441
,"Leukemias","35011-35043","Florida","12","40-44 years","40-44",538
,"Leukemias","35011-35043","Florida","12","45-49 years","45-49",810
,"Leukemias","35011-35043","Florida","12","50-54 years","50-54",1190
,"Leukemias","35011-35043","Florida","12","55-59 years","55-59",1752
,"Leukemias","35011-35043","Florida","12","60-64 years ","60-64",2630
,"Leukemias","35011-35043","Florida","12","65-69 years","65-69",3764
,"Leukemias","35011-35043","Florida","12","70-74 years","70-74",5102
,"Leukemias","35011-35043","Florida","12","75-79 years","75-79",6305
,"Leukemias","35011-35043","Florida","12","80-84 years","80-84",6351
,"Leukemias","35011-35043","Florida","12","85+ years","85+",8248
,"Leukemias","35011-35043","Georgia","13","< 1 year","1",16
,"Leukemias","35011-35043","Georgia","13","1-4 years","1-4",80
,"Leukemias","35011-35043","Georgia","13","5-9 years","5-9",82
,"Leukemias","35011-35043","Georgia","13","10-14 years","10-14",90
,"Leukemias","35011-35043","Georgia","13","15-19 years","15-19",133
,"Leukemias","35011-35043","Georgia","13","20-24 years","20-24",144
,"Leukemias","35011-35043","Georgia","13","25-29 years","25-29",152
,"Leukemias","35011-35043","Georgia","13","30-34 years","30-34",160
,"Leukemias","35011-35043","Georgia","13","35-39 years","35-39",224
,"Leukemias","35011-35043","Georgia","13","40-44 years","40-44",240
,"Leukemias","35011-35043","Georgia","13","45-49 years","45-49",324
,"Leukemias","35011-35043","Georgia","13","50-54 years","50-54",497
,"Leukemias","35011-35043","Georgia","13","55-59 years","55-59",765
,"Leukemias","35011-35043","Georgia","13","60-64 years ","60-64",1016
,"Leukemias","35011-35043","Georgia","13","65-69 years","65-69",1402
,"Leukemias","35011-35043","Georgia","13","70-74 years","70-74",1767
,"Leukemias","35011-35043","Georgia","13","75-79 years","75-79",1924
,"Leukemias","35011-35043","Georgia","13","80-84 years","80-84",1787
,"Leukemias","35011-35043","Georgia","13","85+ years","85+",2090
,"Leukemias","35011-35043","Hawaii","15","15-19 years","15-19",19
,"Leukemias","35011-35043","Hawaii","15","20-24 years","20-24",17
,"Leukemias","35011-35043","Hawaii","15","25-29 years","25-29",18
,"Leukemias","35011-35043","Hawaii","15","30-34 years","30-34",26
,"Leukemias","35011-35043","Hawaii","15","35-39 years","35-39",34
,"Leukemias","35011-35043","Hawaii","15","40-44 years","40-44",43
,"Leukemias","35011-35043","Hawaii","15","45-49 years","45-49",60
,"Leukemias","35011-35043","Hawaii","15","50-54 years","50-54",75
,"Leukemias","35011-35043","Hawaii","15","55-59 years","55-59",94
,"Leukemias","35011-35043","Hawaii","15","60-64 years ","60-64",145
,"Leukemias","35011-35043","Hawaii","15","65-69 years","65-69",172
,"Leukemias","35011-35043","Hawaii","15","70-74 years","70-74",233
,"Leukemias","35011-35043","Hawaii","15","75-79 years","75-79",264
,"Leukemias","35011-35043","Hawaii","15","80-84 years","80-84",261
,"Leukemias","35011-35043","Hawaii","15","85+ years","85+",337
,"Leukemias","35011-35043","Idaho","16","1-4 years","1-4",17
,"Leukemias","35011-35043","Idaho","16","10-14 years","10-14",17
,"Leukemias","35011-35043","Idaho","16","15-19 years","15-19",16
,"Leukemias","35011-35043","Idaho","16","20-24 years","20-24",21
,"Leukemias","35011-35043","Idaho","16","25-29 years","25-29",21
,"Leukemias","35011-35043","Idaho","16","30-34 years","30-34",18
,"Leukemias","35011-35043","Idaho","16","35-39 years","35-39",31
,"Leukemias","35011-35043","Idaho","16","40-44 years","40-44",37
,"Leukemias","35011-35043","Idaho","16","45-49 years","45-49",51
,"Leukemias","35011-35043","Idaho","16","50-54 years","50-54",81
,"Leukemias","35011-35043","Idaho","16","55-59 years","55-59",109
,"Leukemias","35011-35043","Idaho","16","60-64 years ","60-64",175
,"Leukemias","35011-35043","Idaho","16","65-69 years","65-69",252
,"Leukemias","35011-35043","Idaho","16","70-74 years","70-74",372
,"Leukemias","35011-35043","Idaho","16","75-79 years","75-79",399
,"Leukemias","35011-35043","Idaho","16","80-84 years","80-84",421
,"Leukemias","35011-35043","Idaho","16","85+ years","85+",543
,"Leukemias","35011-35043","Illinois","17","< 1 year","1",21
,"Leukemias","35011-35043","Illinois","17","1-4 years","1-4",97
,"Leukemias","35011-35043","Illinois","17","5-9 years","5-9",95
,"Leukemias","35011-35043","Illinois","17","10-14 years","10-14",139
,"Leukemias","35011-35043","Illinois","17","15-19 years","15-19",169
,"Leukemias","35011-35043","Illinois","17","20-24 years","20-24",194
,"Leukemias","35011-35043","Illinois","17","25-29 years","25-29",187
,"Leukemias","35011-35043","Illinois","17","30-34 years","30-34",196
,"Leukemias","35011-35043","Illinois","17","35-39 years","35-39",262
,"Leukemias","35011-35043","Illinois","17","40-44 years","40-44",323
,"Leukemias","35011-35043","Illinois","17","45-49 years","45-49",445
,"Leukemias","35011-35043","Illinois","17","50-54 years","50-54",691
,"Leukemias","35011-35043","Illinois","17","55-59 years","55-59",1018
,"Leukemias","35011-35043","Illinois","17","60-64 years ","60-64",1525
,"Leukemias","35011-35043","Illinois","17","65-69 years","65-69",2082
,"Leukemias","35011-35043","Illinois","17","70-74 years","70-74",2916
,"Leukemias","35011-35043","Illinois","17","75-79 years","75-79",3418
,"Leukemias","35011-35043","Illinois","17","80-84 years","80-84",3572
,"Leukemias","35011-35043","Illinois","17","85+ years","85+",4830
,"Leukemias","35011-35043","Indiana","18","1-4 years","1-4",49
,"Leukemias","35011-35043","Indiana","18","5-9 years","5-9",54
,"Leukemias","35011-35043","Indiana","18","10-14 years","10-14",65
,"Leukemias","35011-35043","Indiana","18","15-19 years","15-19",74
,"Leukemias","35011-35043","Indiana","18","20-24 years","20-24",97
,"Leukemias","35011-35043","Indiana","18","25-29 years","25-29",107
,"Leukemias","35011-35043","Indiana","18","30-34 years","30-34",114
,"Leukemias","35011-35043","Indiana","18","35-39 years","35-39",125
,"Leukemias","35011-35043","Indiana","18","40-44 years","40-44",171
,"Leukemias","35011-35043","Indiana","18","45-49 years","45-49",286
,"Leukemias","35011-35043","Indiana","18","50-54 years","50-54",421
,"Leukemias","35011-35043","Indiana","18","55-59 years","55-59",597
,"Leukemias","35011-35043","Indiana","18","60-64 years ","60-64",854
,"Leukemias","35011-35043","Indiana","18","65-69 years","65-69",1181
,"Leukemias","35011-35043","Indiana","18","70-74 years","70-74",1503
,"Leukemias","35011-35043","Indiana","18","75-79 years","75-79",1818
,"Leukemias","35011-35043","Indiana","18","80-84 years","80-84",1900
,"Leukemias","35011-35043","Indiana","18","85+ years","85+",2350
,"Leukemias","35011-35043","Iowa","19","1-4 years","1-4",21
,"Leukemias","35011-35043","Iowa","19","5-9 years","5-9",21
,"Leukemias","35011-35043","Iowa","19","10-14 years","10-14",32
,"Leukemias","35011-35043","Iowa","19","15-19 years","15-19",37
,"Leukemias","35011-35043","Iowa","19","20-24 years","20-24",33
,"Leukemias","35011-35043","Iowa","19","25-29 years","25-29",34
,"Leukemias","35011-35043","Iowa","19","30-34 years","30-34",43
,"Leukemias","35011-35043","Iowa","19","35-39 years","35-39",44
,"Leukemias","35011-35043","Iowa","19","40-44 years","40-44",68
,"Leukemias","35011-35043","Iowa","19","45-49 years","45-49",106
,"Leukemias","35011-35043","Iowa","19","50-54 years","50-54",171
,"Leukemias","35011-35043","Iowa","19","55-59 years","55-59",259
,"Leukemias","35011-35043","Iowa","19","60-64 years ","60-64",362
,"Leukemias","35011-35043","Iowa","19","65-69 years","65-69",594
,"Leukemias","35011-35043","Iowa","19","70-74 years","70-74",805
,"Leukemias","35011-35043","Iowa","19","75-79 years","75-79",958
,"Leukemias","35011-35043","Iowa","19","80-84 years","80-84",1143
,"Leukemias","35011-35043","Iowa","19","85+ years","85+",1551
,"Leukemias","35011-35043","Kansas","20","1-4 years","1-4",35
,"Leukemias","35011-35043","Kansas","20","5-9 years","5-9",22
,"Leukemias","35011-35043","Kansas","20","10-14 years","10-14",26
,"Leukemias","35011-35043","Kansas","20","15-19 years","15-19",29
,"Leukemias","35011-35043","Kansas","20","20-24 years","20-24",39
,"Leukemias","35011-35043","Kansas","20","25-29 years","25-29",38
,"Leukemias","35011-35043","Kansas","20","30-34 years","30-34",31
,"Leukemias","35011-35043","Kansas","20","35-39 years","35-39",48
,"Leukemias","35011-35043","Kansas","20","40-44 years","40-44",77
,"Leukemias","35011-35043","Kansas","20","45-49 years","45-49",130
,"Leukemias","35011-35043","Kansas","20","50-54 years","50-54",148
,"Leukemias","35011-35043","Kansas","20","55-59 years","55-59",260
,"Leukemias","35011-35043","Kansas","20","60-64 years ","60-64",336
,"Leukemias","35011-35043","Kansas","20","65-69 years","65-69",537
,"Leukemias","35011-35043","Kansas","20","70-74 years","70-74",667
,"Leukemias","35011-35043","Kansas","20","75-79 years","75-79",841
,"Leukemias","35011-35043","Kansas","20","80-84 years","80-84",908
,"Leukemias","35011-35043","Kansas","20","85+ years","85+",1289
,"Leukemias","35011-35043","Kentucky","21","1-4 years","1-4",33
,"Leukemias","35011-35043","Kentucky","21","5-9 years","5-9",34
,"Leukemias","35011-35043","Kentucky","21","10-14 years","10-14",47
,"Leukemias","35011-35043","Kentucky","21","15-19 years","15-19",43
,"Leukemias","35011-35043","Kentucky","21","20-24 years","20-24",56
,"Leukemias","35011-35043","Kentucky","21","25-29 years","25-29",55
,"Leukemias","35011-35043","Kentucky","21","30-34 years","30-34",92
,"Leukemias","35011-35043","Kentucky","21","35-39 years","35-39",104
,"Leukemias","35011-35043","Kentucky","21","40-44 years","40-44",131
,"Leukemias","35011-35043","Kentucky","21","45-49 years","45-49",214
,"Leukemias","35011-35043","Kentucky","21","50-54 years","50-54",259
,"Leukemias","35011-35043","Kentucky","21","55-59 years","55-59",413
,"Leukemias","35011-35043","Kentucky","21","60-64 years ","60-64",692
,"Leukemias","35011-35043","Kentucky","21","65-69 years","65-69",860
,"Leukemias","35011-35043","Kentucky","21","70-74 years","70-74",1087
,"Leukemias","35011-35043","Kentucky","21","75-79 years","75-79",1234
,"Leukemias","35011-35043","Kentucky","21","80-84 years","80-84",1199
,"Leukemias","35011-35043","Kentucky","21","85+ years","85+",1371
,"Leukemias","35011-35043","Louisiana","22","1-4 years","1-4",35
,"Leukemias","35011-35043","Louisiana","22","5-9 years","5-9",25
,"Leukemias","35011-35043","Louisiana","22","10-14 years","10-14",41
,"Leukemias","35011-35043","Louisiana","22","15-19 years","15-19",64
,"Leukemias","35011-35043","Louisiana","22","20-24 years","20-24",77
,"Leukemias","35011-35043","Louisiana","22","25-29 years","25-29",64
,"Leukemias","35011-35043","Louisiana","22","30-34 years","30-34",70
,"Leukemias","35011-35043","Louisiana","22","35-39 years","35-39",91
,"Leukemias","35011-35043","Louisiana","22","40-44 years","40-44",129
,"Leukemias","35011-35043","Louisiana","22","45-49 years","45-49",185
,"Leukemias","35011-35043","Louisiana","22","50-54 years","50-54",309
,"Leukemias","35011-35043","Louisiana","22","55-59 years","55-59",426
,"Leukemias","35011-35043","Louisiana","22","60-64 years ","60-64",599
,"Leukemias","35011-35043","Louisiana","22","65-69 years","65-69",778
,"Leukemias","35011-35043","Louisiana","22","70-74 years","70-74",1041
,"Leukemias","35011-35043","Louisiana","22","75-79 years","75-79",1138
,"Leukemias","35011-35043","Louisiana","22","80-84 years","80-84",1107
,"Leukemias","35011-35043","Louisiana","22","85+ years","85+",1338
,"Leukemias","35011-35043","Maine","23","15-19 years","15-19",17
,"Leukemias","35011-35043","Maine","23","20-24 years","20-24",19
,"Leukemias","35011-35043","Maine","23","35-39 years","35-39",17
,"Leukemias","35011-35043","Maine","23","40-44 years","40-44",39
,"Leukemias","35011-35043","Maine","23","45-49 years","45-49",54
,"Leukemias","35011-35043","Maine","23","50-54 years","50-54",71
,"Leukemias","35011-35043","Maine","23","55-59 years","55-59",109
,"Leukemias","35011-35043","Maine","23","60-64 years ","60-64",212
,"Leukemias","35011-35043","Maine","23","65-69 years","65-69",287
,"Leukemias","35011-35043","Maine","23","70-74 years","70-74",365
,"Leukemias","35011-35043","Maine","23","75-79 years","75-79",420
,"Leukemias","35011-35043","Maine","23","80-84 years","80-84",451
,"Leukemias","35011-35043","Maine","23","85+ years","85+",544
,"Leukemias","35011-35043","Maryland","24","1-4 years","1-4",49
,"Leukemias","35011-35043","Maryland","24","5-9 years","5-9",40
,"Leukemias","35011-35043","Maryland","24","10-14 years","10-14",55
,"Leukemias","35011-35043","Maryland","24","15-19 years","15-19",75
,"Leukemias","35011-35043","Maryland","24","20-24 years","20-24",88
,"Leukemias","35011-35043","Maryland","24","25-29 years","25-29",82
,"Leukemias","35011-35043","Maryland","24","30-34 years","30-34",113
,"Leukemias","35011-35043","Maryland","24","35-39 years","35-39",134
,"Leukemias","35011-35043","Maryland","24","40-44 years","40-44",159
,"Leukemias","35011-35043","Maryland","24","45-49 years","45-49",240
,"Leukemias","35011-35043","Maryland","24","50-54 years","50-54",351
,"Leukemias","35011-35043","Maryland","24","55-59 years","55-59",502
,"Leukemias","35011-35043","Maryland","24","60-64 years ","60-64",655
,"Leukemias","35011-35043","Maryland","24","65-69 years","65-69",867
,"Leukemias","35011-35043","Maryland","24","70-74 years","70-74",1156
,"Leukemias","35011-35043","Maryland","24","75-79 years","75-79",1318
,"Leukemias","35011-35043","Maryland","24","80-84 years","80-84",1330
,"Leukemias","35011-35043","Maryland","24","85+ years","85+",1756
,"Leukemias","35011-35043","Massachusetts","25","1-4 years","1-4",41
,"Leukemias","35011-35043","Massachusetts","25","5-9 years","5-9",35
,"Leukemias","35011-35043","Massachusetts","25","10-14 years","10-14",45
,"Leukemias","35011-35043","Massachusetts","25","15-19 years","15-19",62
,"Leukemias","35011-35043","Massachusetts","25","20-24 years","20-24",74
,"Leukemias","35011-35043","Massachusetts","25","25-29 years","25-29",97
,"Leukemias","35011-35043","Massachusetts","25","30-34 years","30-34",67
,"Leukemias","35011-35043","Massachusetts","25","35-39 years","35-39",145
,"Leukemias","35011-35043","Massachusetts","25","40-44 years","40-44",165
,"Leukemias","35011-35043","Massachusetts","25","45-49 years","45-49",233
,"Leukemias","35011-35043","Massachusetts","25","50-54 years","50-54",363
,"Leukemias","35011-35043","Massachusetts","25","55-59 years","55-59",496
,"Leukemias","35011-35043","Massachusetts","25","60-64 years ","60-64",807
,"Leukemias","35011-35043","Massachusetts","25","65-69 years","65-69",1019
,"Leukemias","35011-35043","Massachusetts","25","70-74 years","70-74",1466
,"Leukemias","35011-35043","Massachusetts","25","75-79 years","75-79",1755
,"Leukemias","35011-35043","Massachusetts","25","80-84 years","80-84",1874
,"Leukemias","35011-35043","Massachusetts","25","85+ years","85+",2647
,"Leukemias","35011-35043","Michigan","26","< 1 year","1",16
,"Leukemias","35011-35043","Michigan","26","1-4 years","1-4",74
,"Leukemias","35011-35043","Michigan","26","5-9 years","5-9",95
,"Leukemias","35011-35043","Michigan","26","10-14 years","10-14",86
,"Leukemias","35011-35043","Michigan","26","15-19 years","15-19",98
,"Leukemias","35011-35043","Michigan","26","20-24 years","20-24",133
,"Leukemias","35011-35043","Michigan","26","25-29 years","25-29",129
,"Leukemias","35011-35043","Michigan","26","30-34 years","30-34",167
,"Leukemias","35011-35043","Michigan","26","35-39 years","35-39",191
,"Leukemias","35011-35043","Michigan","26","40-44 years","40-44",241
,"Leukemias","35011-35043","Michigan","26","45-49 years","45-49",387
,"Leukemias","35011-35043","Michigan","26","50-54 years","50-54",661
,"Leukemias","35011-35043","Michigan","26","55-59 years","55-59",951
,"Leukemias","35011-35043","Michigan","26","60-64 years ","60-64",1321
,"Leukemias","35011-35043","Michigan","26","65-69 years","65-69",1921
,"Leukemias","35011-35043","Michigan","26","70-74 years","70-74",2436
,"Leukemias","35011-35043","Michigan","26","75-79 years","75-79",2996
,"Leukemias","35011-35043","Michigan","26","80-84 years","80-84",2939
,"Leukemias","35011-35043","Michigan","26","85+ years","85+",3781
,"Leukemias","35011-35043","Minnesota","27","1-4 years","1-4",50
,"Leukemias","35011-35043","Minnesota","27","5-9 years","5-9",44
,"Leukemias","35011-35043","Minnesota","27","10-14 years","10-14",40
,"Leukemias","35011-35043","Minnesota","27","15-19 years","15-19",58
,"Leukemias","35011-35043","Minnesota","27","20-24 years","20-24",62
,"Leukemias","35011-35043","Minnesota","27","25-29 years","25-29",66
,"Leukemias","35011-35043","Minnesota","27","30-34 years","30-34",69
,"Leukemias","35011-35043","Minnesota","27","35-39 years","35-39",99
,"Leukemias","35011-35043","Minnesota","27","40-44 years","40-44",115
,"Leukemias","35011-35043","Minnesota","27","45-49 years","45-49",186
,"Leukemias","35011-35043","Minnesota","27","50-54 years","50-54",297
,"Leukemias","35011-35043","Minnesota","27","55-59 years","55-59",472
,"Leukemias","35011-35043","Minnesota","27","60-64 years ","60-64",676
,"Leukemias","35011-35043","Minnesota","27","65-69 years","65-69",926
,"Leukemias","35011-35043","Minnesota","27","70-74 years","70-74",1229
,"Leukemias","35011-35043","Minnesota","27","75-79 years","75-79",1531
,"Leukemias","35011-35043","Minnesota","27","80-84 years","80-84",1614
,"Leukemias","35011-35043","Minnesota","27","85+ years","85+",2346
,"Leukemias","35011-35043","Mississippi","28","1-4 years","1-4",23
,"Leukemias","35011-35043","Mississippi","28","5-9 years","5-9",32
,"Leukemias","35011-35043","Mississippi","28","10-14 years","10-14",32
,"Leukemias","35011-35043","Mississippi","28","15-19 years","15-19",32
,"Leukemias","35011-35043","Mississippi","28","20-24 years","20-24",48
,"Leukemias","35011-35043","Mississippi","28","25-29 years","25-29",48
,"Leukemias","35011-35043","Mississippi","28","30-34 years","30-34",69
,"Leukemias","35011-35043","Mississippi","28","35-39 years","35-39",71
,"Leukemias","35011-35043","Mississippi","28","40-44 years","40-44",103
,"Leukemias","35011-35043","Mississippi","28","45-49 years","45-49",124
,"Leukemias","35011-35043","Mississippi","28","50-54 years","50-54",199
,"Leukemias","35011-35043","Mississippi","28","55-59 years","55-59",298
,"Leukemias","35011-35043","Mississippi","28","60-64 years ","60-64",412
,"Leukemias","35011-35043","Mississippi","28","65-69 years","65-69",599
,"Leukemias","35011-35043","Mississippi","28","70-74 years","70-74",714
,"Leukemias","35011-35043","Mississippi","28","75-79 years","75-79",761
,"Leukemias","35011-35043","Mississippi","28","80-84 years","80-84",740
,"Leukemias","35011-35043","Mississippi","28","85+ years","85+",896
,"Leukemias","35011-35043","Missouri","29","1-4 years","1-4",65
,"Leukemias","35011-35043","Missouri","29","5-9 years","5-9",53
,"Leukemias","35011-35043","Missouri","29","10-14 years","10-14",56
,"Leukemias","35011-35043","Missouri","29","15-19 years","15-19",68
,"Leukemias","35011-35043","Missouri","29","20-24 years","20-24",87
,"Leukemias","35011-35043","Missouri","29","25-29 years","25-29",93
,"Leukemias","35011-35043","Missouri","29","30-34 years","30-34",84
,"Leukemias","35011-35043","Missouri","29","35-39 years","35-39",106
,"Leukemias","35011-35043","Missouri","29","40-44 years","40-44",144
,"Leukemias","35011-35043","Missouri","29","45-49 years","45-49",259
,"Leukemias","35011-35043","Missouri","29","50-54 years","50-54",386
,"Leukemias","35011-35043","Missouri","29","55-59 years","55-59",554
,"Leukemias","35011-35043","Missouri","29","60-64 years ","60-64",869
,"Leukemias","35011-35043","Missouri","29","65-69 years","65-69",1177
,"Leukemias","35011-35043","Missouri","29","70-74 years","70-74",1503
,"Leukemias","35011-35043","Missouri","29","75-79 years","75-79",1800
,"Leukemias","35011-35043","Missouri","29","80-84 years","80-84",1773
,"Leukemias","35011-35043","Missouri","29","85+ years","85+",2326
,"Leukemias","35011-35043","Montana","30","20-24 years","20-24",18
,"Leukemias","35011-35043","Montana","30","40-44 years","40-44",20
,"Leukemias","35011-35043","Montana","30","45-49 years","45-49",28
,"Leukemias","35011-35043","Montana","30","50-54 years","50-54",47
,"Leukemias","35011-35043","Montana","30","55-59 years","55-59",87
,"Leukemias","35011-35043","Montana","30","60-64 years ","60-64",136
,"Leukemias","35011-35043","Montana","30","65-69 years","65-69",188
,"Leukemias","35011-35043","Montana","30","70-74 years","70-74",252
,"Leukemias","35011-35043","Montana","30","75-79 years","75-79",276
,"Leukemias","35011-35043","Montana","30","80-84 years","80-84",317
,"Leukemias","35011-35043","Montana","30","85+ years","85+",419
,"Leukemias","35011-35043","Nebraska","31","15-19 years","15-19",22
,"Leukemias","35011-35043","Nebraska","31","20-24 years","20-24",32
,"Leukemias","35011-35043","Nebraska","31","25-29 years","25-29",20
,"Leukemias","35011-35043","Nebraska","31","30-34 years","30-34",19
,"Leukemias","35011-35043","Nebraska","31","35-39 years","35-39",23
,"Leukemias","35011-35043","Nebraska","31","40-44 years","40-44",47
,"Leukemias","35011-35043","Nebraska","31","45-49 years","45-49",61
,"Leukemias","35011-35043","Nebraska","31","50-54 years","50-54",101
,"Leukemias","35011-35043","Nebraska","31","55-59 years","55-59",143
,"Leukemias","35011-35043","Nebraska","31","60-64 years ","60-64",225
,"Leukemias","35011-35043","Nebraska","31","65-69 years","65-69",298
,"Leukemias","35011-35043","Nebraska","31","70-74 years","70-74",462
,"Leukemias","35011-35043","Nebraska","31","75-79 years","75-79",523
,"Leukemias","35011-35043","Nebraska","31","80-84 years","80-84",564
,"Leukemias","35011-35043","Nebraska","31","85+ years","85+",802
,"Leukemias","35011-35043","Nevada","32","1-4 years","1-4",18
,"Leukemias","35011-35043","Nevada","32","5-9 years","5-9",23
,"Leukemias","35011-35043","Nevada","32","10-14 years","10-14",26
,"Leukemias","35011-35043","Nevada","32","15-19 years","15-19",35
,"Leukemias","35011-35043","Nevada","32","20-24 years","20-24",43
,"Leukemias","35011-35043","Nevada","32","25-29 years","25-29",46
,"Leukemias","35011-35043","Nevada","32","30-34 years","30-34",49
,"Leukemias","35011-35043","Nevada","32","35-39 years","35-39",54
,"Leukemias","35011-35043","Nevada","32","40-44 years","40-44",75
,"Leukemias","35011-35043","Nevada","32","45-49 years","45-49",96
,"Leukemias","35011-35043","Nevada","32","50-54 years","50-54",142
,"Leukemias","35011-35043","Nevada","32","55-59 years","55-59",212
,"Leukemias","35011-35043","Nevada","32","60-64 years ","60-64",302
,"Leukemias","35011-35043","Nevada","32","65-69 years","65-69",404
,"Leukemias","35011-35043","Nevada","32","70-74 years","70-74",563
,"Leukemias","35011-35043","Nevada","32","75-79 years","75-79",623
,"Leukemias","35011-35043","Nevada","32","80-84 years","80-84",555
,"Leukemias","35011-35043","Nevada","32","85+ years","85+",568
,"Leukemias","35011-35043","New Hampshire","33","30-34 years","30-34",17
,"Leukemias","35011-35043","New Hampshire","33","35-39 years","35-39",19
,"Leukemias","35011-35043","New Hampshire","33","40-44 years","40-44",43
,"Leukemias","35011-35043","New Hampshire","33","45-49 years","45-49",43
,"Leukemias","35011-35043","New Hampshire","33","50-54 years","50-54",91
,"Leukemias","35011-35043","New Hampshire","33","55-59 years","55-59",115
,"Leukemias","35011-35043","New Hampshire","33","60-64 years ","60-64",168
,"Leukemias","35011-35043","New Hampshire","33","65-69 years","65-69",236
,"Leukemias","35011-35043","New Hampshire","33","70-74 years","70-74",280
,"Leukemias","35011-35043","New Hampshire","33","75-79 years","75-79",338
,"Leukemias","35011-35043","New Hampshire","33","80-84 years","80-84",337
,"Leukemias","35011-35043","New Hampshire","33","85+ years","85+",498
,"Leukemias","35011-35043","New Jersey","34","1-4 years","1-4",68
,"Leukemias","35011-35043","New Jersey","34","5-9 years","5-9",57
,"Leukemias","35011-35043","New Jersey","34","10-14 years","10-14",93
,"Leukemias","35011-35043","New Jersey","34","15-19 years","15-19",113
,"Leukemias","35011-35043","New Jersey","34","20-24 years","20-24",124
,"Leukemias","35011-35043","New Jersey","34","25-29 years","25-29",109
,"Leukemias","35011-35043","New Jersey","34","30-34 years","30-34",133
,"Leukemias","35011-35043","New Jersey","34","35-39 years","35-39",154
,"Leukemias","35011-35043","New Jersey","34","40-44 years","40-44",236
,"Leukemias","35011-35043","New Jersey","34","45-49 years","45-49",362
,"Leukemias","35011-35043","New Jersey","34","50-54 years","50-54",459
,"Leukemias","35011-35043","New Jersey","34","55-59 years","55-59",691
,"Leukemias","35011-35043","New Jersey","34","60-64 years ","60-64",1096
,"Leukemias","35011-35043","New Jersey","34","65-69 years","65-69",1381
,"Leukemias","35011-35043","New Jersey","34","70-74 years","70-74",1866
,"Leukemias","35011-35043","New Jersey","34","75-79 years","75-79",2268
,"Leukemias","35011-35043","New Jersey","34","80-84 years","80-84",2467
,"Leukemias","35011-35043","New Jersey","34","85+ years","85+",3222
,"Leukemias","35011-35043","New Mexico","35","1-4 years","1-4",16
,"Leukemias","35011-35043","New Mexico","35","5-9 years","5-9",21
,"Leukemias","35011-35043","New Mexico","35","10-14 years","10-14",25
,"Leukemias","35011-35043","New Mexico","35","15-19 years","15-19",34
,"Leukemias","35011-35043","New Mexico","35","20-24 years","20-24",36
,"Leukemias","35011-35043","New Mexico","35","25-29 years","25-29",32
,"Leukemias","35011-35043","New Mexico","35","30-34 years","30-34",36
,"Leukemias","35011-35043","New Mexico","35","35-39 years","35-39",39
,"Leukemias","35011-35043","New Mexico","35","40-44 years","40-44",39
,"Leukemias","35011-35043","New Mexico","35","45-49 years","45-49",64
,"Leukemias","35011-35043","New Mexico","35","50-54 years","50-54",102
,"Leukemias","35011-35043","New Mexico","35","55-59 years","55-59",179
,"Leukemias","35011-35043","New Mexico","35","60-64 years ","60-64",216
,"Leukemias","35011-35043","New Mexico","35","65-69 years","65-69",282
,"Leukemias","35011-35043","New Mexico","35","70-74 years","70-74",374
,"Leukemias","35011-35043","New Mexico","35","75-79 years","75-79",435
,"Leukemias","35011-35043","New Mexico","35","80-84 years","80-84",385
,"Leukemias","35011-35043","New Mexico","35","85+ years","85+",560
,"Leukemias","35011-35043","New York","36","< 1 year","1",29
,"Leukemias","35011-35043","New York","36","1-4 years","1-4",163
,"Leukemias","35011-35043","New York","36","5-9 years","5-9",144
,"Leukemias","35011-35043","New York","36","10-14 years","10-14",194
,"Leukemias","35011-35043","New York","36","15-19 years","15-19",217
,"Leukemias","35011-35043","New York","36","20-24 years","20-24",297
,"Leukemias","35011-35043","New York","36","25-29 years","25-29",321
,"Leukemias","35011-35043","New York","36","30-34 years","30-34",338
,"Leukemias","35011-35043","New York","36","35-39 years","35-39",434
,"Leukemias","35011-35043","New York","36","40-44 years","40-44",594
,"Leukemias","35011-35043","New York","36","45-49 years","45-49",805
,"Leukemias","35011-35043","New York","36","50-54 years","50-54",1160
,"Leukemias","35011-35043","New York","36","55-59 years","55-59",1651
,"Leukemias","35011-35043","New York","36","60-64 years ","60-64",2424
,"Leukemias","35011-35043","New York","36","65-69 years","65-69",3094
,"Leukemias","35011-35043","New York","36","70-74 years","70-74",4053
,"Leukemias","35011-35043","New York","36","75-79 years","75-79",4744
,"Leukemias","35011-35043","New York","36","80-84 years","80-84",4851
,"Leukemias","35011-35043","New York","36","85+ years","85+",6544
,"Leukemias","35011-35043","North Carolina","37","1-4 years","1-4",64
,"Leukemias","35011-35043","North Carolina","37","5-9 years","5-9",69
,"Leukemias","35011-35043","North Carolina","37","10-14 years","10-14",96
,"Leukemias","35011-35043","North Carolina","37","15-19 years","15-19",98
,"Leukemias","35011-35043","North Carolina","37","20-24 years","20-24",117
,"Leukemias","35011-35043","North Carolina","37","25-29 years","25-29",139
,"Leukemias","35011-35043","North Carolina","37","30-34 years","30-34",159
,"Leukemias","35011-35043","North Carolina","37","35-39 years","35-39",200
,"Leukemias","35011-35043","North Carolina","37","40-44 years","40-44",225
,"Leukemias","35011-35043","North Carolina","37","45-49 years","45-49",352
,"Leukemias","35011-35043","North Carolina","37","50-54 years","50-54",542
,"Leukemias","35011-35043","North Carolina","37","55-59 years","55-59",847
,"Leukemias","35011-35043","North Carolina","37","60-64 years ","60-64",1128
,"Leukemias","35011-35043","North Carolina","37","65-69 years","65-69",1637
,"Leukemias","35011-35043","North Carolina","37","70-74 years","70-74",2113
,"Leukemias","35011-35043","North Carolina","37","75-79 years","75-79",2353
,"Leukemias","35011-35043","North Carolina","37","80-84 years","80-84",2227
,"Leukemias","35011-35043","North Carolina","37","85+ years","85+",2787
,"Leukemias","35011-35043","North Dakota","38","40-44 years","40-44",19
,"Leukemias","35011-35043","North Dakota","38","45-49 years","45-49",24
,"Leukemias","35011-35043","North Dakota","38","50-54 years","50-54",34
,"Leukemias","35011-35043","North Dakota","38","55-59 years","55-59",57
,"Leukemias","35011-35043","North Dakota","38","60-64 years ","60-64",73
,"Leukemias","35011-35043","North Dakota","38","65-69 years","65-69",123
,"Leukemias","35011-35043","North Dakota","38","70-74 years","70-74",167
,"Leukemias","35011-35043","North Dakota","38","75-79 years","75-79",221
,"Leukemias","35011-35043","North Dakota","38","80-84 years","80-84",234
,"Leukemias","35011-35043","North Dakota","38","85+ years","85+",365
,"Leukemias","35011-35043","Ohio","39","< 1 year","1",22
,"Leukemias","35011-35043","Ohio","39","1-4 years","1-4",66
,"Leukemias","35011-35043","Ohio","39","5-9 years","5-9",71
,"Leukemias","35011-35043","Ohio","39","10-14 years","10-14",93
,"Leukemias","35011-35043","Ohio","39","15-19 years","15-19",131
,"Leukemias","35011-35043","Ohio","39","20-24 years","20-24",159
,"Leukemias","35011-35043","Ohio","39","25-29 years","25-29",165
,"Leukemias","35011-35043","Ohio","39","30-34 years","30-34",215
,"Leukemias","35011-35043","Ohio","39","35-39 years","35-39",233
,"Leukemias","35011-35043","Ohio","39","40-44 years","40-44",330
,"Leukemias","35011-35043","Ohio","39","45-49 years","45-49",493
,"Leukemias","35011-35043","Ohio","39","50-54 years","50-54",716
,"Leukemias","35011-35043","Ohio","39","55-59 years","55-59",1110
,"Leukemias","35011-35043","Ohio","39","60-64 years ","60-64",1655
,"Leukemias","35011-35043","Ohio","39","65-69 years","65-69",2189
,"Leukemias","35011-35043","Ohio","39","70-74 years","70-74",2917
,"Leukemias","35011-35043","Ohio","39","75-79 years","75-79",3423
,"Leukemias","35011-35043","Ohio","39","80-84 years","80-84",3540
,"Leukemias","35011-35043","Ohio","39","85+ years","85+",4475
,"Leukemias","35011-35043","Oklahoma","40","1-4 years","1-4",39
,"Leukemias","35011-35043","Oklahoma","40","5-9 years","5-9",31
,"Leukemias","35011-35043","Oklahoma","40","10-14 years","10-14",44
,"Leukemias","35011-35043","Oklahoma","40","15-19 years","15-19",60
,"Leukemias","35011-35043","Oklahoma","40","20-24 years","20-24",47
,"Leukemias","35011-35043","Oklahoma","40","25-29 years","25-29",64
,"Leukemias","35011-35043","Oklahoma","40","30-34 years","30-34",52
,"Leukemias","35011-35043","Oklahoma","40","35-39 years","35-39",103
,"Leukemias","35011-35043","Oklahoma","40","40-44 years","40-44",94
,"Leukemias","35011-35043","Oklahoma","40","45-49 years","45-49",155
,"Leukemias","35011-35043","Oklahoma","40","50-54 years","50-54",221
,"Leukemias","35011-35043","Oklahoma","40","55-59 years","55-59",377
,"Leukemias","35011-35043","Oklahoma","40","60-64 years ","60-64",578
,"Leukemias","35011-35043","Oklahoma","40","65-69 years","65-69",723
,"Leukemias","35011-35043","Oklahoma","40","70-74 years","70-74",945
,"Leukemias","35011-35043","Oklahoma","40","75-79 years","75-79",1138
,"Leukemias","35011-35043","Oklahoma","40","80-84 years","80-84",1059
,"Leukemias","35011-35043","Oklahoma","40","85+ years","85+",1394
,"Leukemias","35011-35043","Oregon","41","1-4 years","1-4",35
,"Leukemias","35011-35043","Oregon","41","5-9 years","5-9",27
,"Leukemias","35011-35043","Oregon","41","10-14 years","10-14",30
,"Leukemias","35011-35043","Oregon","41","15-19 years","15-19",45
,"Leukemias","35011-35043","Oregon","41","20-24 years","20-24",55
,"Leukemias","35011-35043","Oregon","41","25-29 years","25-29",53
,"Leukemias","35011-35043","Oregon","41","30-34 years","30-34",78
,"Leukemias","35011-35043","Oregon","41","35-39 years","35-39",69
,"Leukemias","35011-35043","Oregon","41","40-44 years","40-44",81
,"Leukemias","35011-35043","Oregon","41","45-49 years","45-49",133
,"Leukemias","35011-35043","Oregon","41","50-54 years","50-54",211
,"Leukemias","35011-35043","Oregon","41","55-59 years","55-59",317
,"Leukemias","35011-35043","Oregon","41","60-64 years ","60-64",508
,"Leukemias","35011-35043","Oregon","41","65-69 years","65-69",637
,"Leukemias","35011-35043","Oregon","41","70-74 years","70-74",904
,"Leukemias","35011-35043","Oregon","41","75-79 years","75-79",1061
,"Leukemias","35011-35043","Oregon","41","80-84 years","80-84",1077
,"Leukemias","35011-35043","Oregon","41","85+ years","85+",1532
,"Leukemias","35011-35043","Pennsylvania","42","1-4 years","1-4",90
,"Leukemias","35011-35043","Pennsylvania","42","5-9 years","5-9",101
,"Leukemias","35011-35043","Pennsylvania","42","10-14 years","10-14",114
,"Leukemias","35011-35043","Pennsylvania","42","15-19 years","15-19",132
,"Leukemias","35011-35043","Pennsylvania","42","20-24 years","20-24",184
,"Leukemias","35011-35043","Pennsylvania","42","25-29 years","25-29",181
,"Leukemias","35011-35043","Pennsylvania","42","30-34 years","30-34",195
,"Leukemias","35011-35043","Pennsylvania","42","35-39 years","35-39",214
,"Leukemias","35011-35043","Pennsylvania","42","40-44 years","40-44",339
,"Leukemias","35011-35043","Pennsylvania","42","45-49 years","45-49",528
,"Leukemias","35011-35043","Pennsylvania","42","50-54 years","50-54",794
,"Leukemias","35011-35043","Pennsylvania","42","55-59 years","55-59",1241
,"Leukemias","35011-35043","Pennsylvania","42","60-64 years ","60-64",1842
,"Leukemias","35011-35043","Pennsylvania","42","65-69 years","65-69",2486
,"Leukemias","35011-35043","Pennsylvania","42","70-74 years","70-74",3424
,"Leukemias","35011-35043","Pennsylvania","42","75-79 years","75-79",4164
,"Leukemias","35011-35043","Pennsylvania","42","80-84 years","80-84",4389
,"Leukemias","35011-35043","Pennsylvania","42","85+ years","85+",5732
,"Leukemias","35011-35043","Rhode Island","44","20-24 years","20-24",23
,"Leukemias","35011-35043","Rhode Island","44","25-29 years","25-29",17
,"Leukemias","35011-35043","Rhode Island","44","35-39 years","35-39",20
,"Leukemias","35011-35043","Rhode Island","44","40-44 years","40-44",34
,"Leukemias","35011-35043","Rhode Island","44","45-49 years","45-49",35
,"Leukemias","35011-35043","Rhode Island","44","50-54 years","50-54",61
,"Leukemias","35011-35043","Rhode Island","44","55-59 years","55-59",101
,"Leukemias","35011-35043","Rhode Island","44","60-64 years ","60-64",133
,"Leukemias","35011-35043","Rhode Island","44","65-69 years","65-69",173
,"Leukemias","35011-35043","Rhode Island","44","70-74 years","70-74",223
,"Leukemias","35011-35043","Rhode Island","44","75-79 years","75-79",307
,"Leukemias","35011-35043","Rhode Island","44","80-84 years","80-84",338
,"Leukemias","35011-35043","Rhode Island","44","85+ years","85+",469
,"Leukemias","35011-35043","South Carolina","45","1-4 years","1-4",47
,"Leukemias","35011-35043","South Carolina","45","5-9 years","5-9",43
,"Leukemias","35011-35043","South Carolina","45","10-14 years","10-14",53
,"Leukemias","35011-35043","South Carolina","45","15-19 years","15-19",61
,"Leukemias","35011-35043","South Carolina","45","20-24 years","20-24",71
,"Leukemias","35011-35043","South Carolina","45","25-29 years","25-29",56
,"Leukemias","35011-35043","South Carolina","45","30-34 years","30-34",78
,"Leukemias","35011-35043","South Carolina","45","35-39 years","35-39",79
,"Leukemias","35011-35043","South Carolina","45","40-44 years","40-44",139
,"Leukemias","35011-35043","South Carolina","45","45-49 years","45-49",168
,"Leukemias","35011-35043","South Carolina","45","50-54 years","50-54",243
,"Leukemias","35011-35043","South Carolina","45","55-59 years","55-59",415
,"Leukemias","35011-35043","South Carolina","45","60-64 years ","60-64",595
,"Leukemias","35011-35043","South Carolina","45","65-69 years","65-69",867
,"Leukemias","35011-35043","South Carolina","45","70-74 years","70-74",1120
,"Leukemias","35011-35043","South Carolina","45","75-79 years","75-79",1180
,"Leukemias","35011-35043","South Carolina","45","80-84 years","80-84",1114
,"Leukemias","35011-35043","South Carolina","45","85+ years","85+",1397
,"Leukemias","35011-35043","South Dakota","46","15-19 years","15-19",16
,"Leukemias","35011-35043","South Dakota","46","35-39 years","35-39",19
,"Leukemias","35011-35043","South Dakota","46","40-44 years","40-44",19
,"Leukemias","35011-35043","South Dakota","46","45-49 years","45-49",37
,"Leukemias","35011-35043","South Dakota","46","50-54 years","50-54",40
,"Leukemias","35011-35043","South Dakota","46","55-59 years","55-59",63
,"Leukemias","35011-35043","South Dakota","46","60-64 years ","60-64",99
,"Leukemias","35011-35043","South Dakota","46","65-69 years","65-69",156
,"Leukemias","35011-35043","South Dakota","46","70-74 years","70-74",201
,"Leukemias","35011-35043","South Dakota","46","75-79 years","75-79",263
,"Leukemias","35011-35043","South Dakota","46","80-84 years","80-84",273
,"Leukemias","35011-35043","South Dakota","46","85+ years","85+",407
,"Leukemias","35011-35043","Tennessee","47","1-4 years","1-4",45
,"Leukemias","35011-35043","Tennessee","47","5-9 years","5-9",40
,"Leukemias","35011-35043","Tennessee","47","10-14 years","10-14",52
,"Leukemias","35011-35043","Tennessee","47","15-19 years","15-19",64
,"Leukemias","35011-35043","Tennessee","47","20-24 years","20-24",78
,"Leukemias","35011-35043","Tennessee","47","25-29 years","25-29",82
,"Leukemias","35011-35043","Tennessee","47","30-34 years","30-34",126
,"Leukemias","35011-35043","Tennessee","47","35-39 years","35-39",150
,"Leukemias","35011-35043","Tennessee","47","40-44 years","40-44",204
,"Leukemias","35011-35043","Tennessee","47","45-49 years","45-49",254
,"Leukemias","35011-35043","Tennessee","47","50-54 years","50-54",398
,"Leukemias","35011-35043","Tennessee","47","55-59 years","55-59",629
,"Leukemias","35011-35043","Tennessee","47","60-64 years ","60-64",948
,"Leukemias","35011-35043","Tennessee","47","65-69 years","65-69",1259
,"Leukemias","35011-35043","Tennessee","47","70-74 years","70-74",1544
,"Leukemias","35011-35043","Tennessee","47","75-79 years","75-79",1710
,"Leukemias","35011-35043","Tennessee","47","80-84 years","80-84",1668
,"Leukemias","35011-35043","Tennessee","47","85+ years","85+",2018
,"Leukemias","35011-35043","Texas","48","< 1 year","1",57
,"Leukemias","35011-35043","Texas","48","1-4 years","1-4",266
,"Leukemias","35011-35043","Texas","48","5-9 years","5-9",245
,"Leukemias","35011-35043","Texas","48","10-14 years","10-14",327
,"Leukemias","35011-35043","Texas","48","15-19 years","15-19",450
,"Leukemias","35011-35043","Texas","48","20-24 years","20-24",514
,"Leukemias","35011-35043","Texas","48","25-29 years","25-29",451
,"Leukemias","35011-35043","Texas","48","30-34 years","30-34",458
,"Leukemias","35011-35043","Texas","48","35-39 years","35-39",548
,"Leukemias","35011-35043","Texas","48","40-44 years","40-44",664
,"Leukemias","35011-35043","Texas","48","45-49 years","45-49",937
,"Leukemias","35011-35043","Texas","48","50-54 years","50-54",1284
,"Leukemias","35011-35043","Texas","48","55-59 years","55-59",1898
,"Leukemias","35011-35043","Texas","48","60-64 years ","60-64",2546
,"Leukemias","35011-35043","Texas","48","65-69 years","65-69",3414
,"Leukemias","35011-35043","Texas","48","70-74 years","70-74",4361
,"Leukemias","35011-35043","Texas","48","75-79 years","75-79",4840
,"Leukemias","35011-35043","Texas","48","80-84 years","80-84",4769
,"Leukemias","35011-35043","Texas","48","85+ years","85+",5773
,"Leukemias","35011-35043","Utah","49","1-4 years","1-4",24
,"Leukemias","35011-35043","Utah","49","5-9 years","5-9",29
,"Leukemias","35011-35043","Utah","49","10-14 years","10-14",24
,"Leukemias","35011-35043","Utah","49","15-19 years","15-19",38
,"Leukemias","35011-35043","Utah","49","20-24 years","20-24",42
,"Leukemias","35011-35043","Utah","49","25-29 years","25-29",28
,"Leukemias","35011-35043","Utah","49","30-34 years","30-34",45
,"Leukemias","35011-35043","Utah","49","35-39 years","35-39",50
,"Leukemias","35011-35043","Utah","49","40-44 years","40-44",55
,"Leukemias","35011-35043","Utah","49","45-49 years","45-49",89
,"Leukemias","35011-35043","Utah","49","50-54 years","50-54",109
,"Leukemias","35011-35043","Utah","49","55-59 years","55-59",153
,"Leukemias","35011-35043","Utah","49","60-64 years ","60-64",231
,"Leukemias","35011-35043","Utah","49","65-69 years","65-69",295
,"Leukemias","35011-35043","Utah","49","70-74 years","70-74",418
,"Leukemias","35011-35043","Utah","49","75-79 years","75-79",526
,"Leukemias","35011-35043","Utah","49","80-84 years","80-84",519
,"Leukemias","35011-35043","Utah","49","85+ years","85+",607
,"Leukemias","35011-35043","Vermont","50","35-39 years","35-39",16
,"Leukemias","35011-35043","Vermont","50","45-49 years","45-49",32
,"Leukemias","35011-35043","Vermont","50","50-54 years","50-54",44
,"Leukemias","35011-35043","Vermont","50","55-59 years","55-59",48
,"Leukemias","35011-35043","Vermont","50","60-64 years ","60-64",87
,"Leukemias","35011-35043","Vermont","50","65-69 years","65-69",108
,"Leukemias","35011-35043","Vermont","50","70-74 years","70-74",159
,"Leukemias","35011-35043","Vermont","50","75-79 years","75-79",183
,"Leukemias","35011-35043","Vermont","50","80-84 years","80-84",181
,"Leukemias","35011-35043","Vermont","50","85+ years","85+",240
,"Leukemias","35011-35043","Virginia","51","1-4 years","1-4",74
,"Leukemias","35011-35043","Virginia","51","5-9 years","5-9",64
,"Leukemias","35011-35043","Virginia","51","10-14 years","10-14",65
,"Leukemias","35011-35043","Virginia","51","15-19 years","15-19",91
,"Leukemias","35011-35043","Virginia","51","20-24 years","20-24",115
,"Leukemias","35011-35043","Virginia","51","25-29 years","25-29",108
,"Leukemias","35011-35043","Virginia","51","30-34 years","30-34",125
,"Leukemias","35011-35043","Virginia","51","35-39 years","35-39",148
,"Leukemias","35011-35043","Virginia","51","40-44 years","40-44",236
,"Leukemias","35011-35043","Virginia","51","45-49 years","45-49",329
,"Leukemias","35011-35043","Virginia","51","50-54 years","50-54",449
,"Leukemias","35011-35043","Virginia","51","55-59 years","55-59",653
,"Leukemias","35011-35043","Virginia","51","60-64 years ","60-64",977
,"Leukemias","35011-35043","Virginia","51","65-69 years","65-69",1265
,"Leukemias","35011-35043","Virginia","51","70-74 years","70-74",1640
,"Leukemias","35011-35043","Virginia","51","75-79 years","75-79",1856
,"Leukemias","35011-35043","Virginia","51","80-84 years","80-84",1754
,"Leukemias","35011-35043","Virginia","51","85+ years","85+",2227
,"Leukemias","35011-35043","Washington","53","1-4 years","1-4",46
,"Leukemias","35011-35043","Washington","53","5-9 years","5-9",58
,"Leukemias","35011-35043","Washington","53","10-14 years","10-14",60
,"Leukemias","35011-35043","Washington","53","15-19 years","15-19",78
,"Leukemias","35011-35043","Washington","53","20-24 years","20-24",103
,"Leukemias","35011-35043","Washington","53","25-29 years","25-29",92
,"Leukemias","35011-35043","Washington","53","30-34 years","30-34",117
,"Leukemias","35011-35043","Washington","53","35-39 years","35-39",130
,"Leukemias","35011-35043","Washington","53","40-44 years","40-44",151
,"Leukemias","35011-35043","Washington","53","45-49 years","45-49",234
,"Leukemias","35011-35043","Washington","53","50-54 years","50-54",373
,"Leukemias","35011-35043","Washington","53","55-59 years","55-59",521
,"Leukemias","35011-35043","Washington","53","60-64 years ","60-64",752
,"Leukemias","35011-35043","Washington","53","65-69 years","65-69",1128
,"Leukemias","35011-35043","Washington","53","70-74 years","70-74",1419
,"Leukemias","35011-35043","Washington","53","75-79 years","75-79",1644
,"Leukemias","35011-35043","Washington","53","80-84 years","80-84",1693
,"Leukemias","35011-35043","Washington","53","85+ years","85+",2342
,"Leukemias","35011-35043","West Virginia","54","15-19 years","15-19",17
,"Leukemias","35011-35043","West Virginia","54","20-24 years","20-24",17
,"Leukemias","35011-35043","West Virginia","54","25-29 years","25-29",41
,"Leukemias","35011-35043","West Virginia","54","30-34 years","30-34",29
,"Leukemias","35011-35043","West Virginia","54","35-39 years","35-39",44
,"Leukemias","35011-35043","West Virginia","54","40-44 years","40-44",65
,"Leukemias","35011-35043","West Virginia","54","45-49 years","45-49",99
,"Leukemias","35011-35043","West Virginia","54","50-54 years","50-54",142
,"Leukemias","35011-35043","West Virginia","54","55-59 years","55-59",210
,"Leukemias","35011-35043","West Virginia","54","60-64 years ","60-64",319
,"Leukemias","35011-35043","West Virginia","54","65-69 years","65-69",432
,"Leukemias","35011-35043","West Virginia","54","70-74 years","70-74",539
,"Leukemias","35011-35043","West Virginia","54","75-79 years","75-79",688
,"Leukemias","35011-35043","West Virginia","54","80-84 years","80-84",605
,"Leukemias","35011-35043","West Virginia","54","85+ years","85+",768
,"Leukemias","35011-35043","Wisconsin","55","1-4 years","1-4",51
,"Leukemias","35011-35043","Wisconsin","55","5-9 years","5-9",49
,"Leukemias","35011-35043","Wisconsin","55","10-14 years","10-14",60
,"Leukemias","35011-35043","Wisconsin","55","15-19 years","15-19",54
,"Leukemias","35011-35043","Wisconsin","55","20-24 years","20-24",66
,"Leukemias","35011-35043","Wisconsin","55","25-29 years","25-29",62
,"Leukemias","35011-35043","Wisconsin","55","30-34 years","30-34",84
,"Leukemias","35011-35043","Wisconsin","55","35-39 years","35-39",107
,"Leukemias","35011-35043","Wisconsin","55","40-44 years","40-44",136
,"Leukemias","35011-35043","Wisconsin","55","45-49 years","45-49",232
,"Leukemias","35011-35043","Wisconsin","55","50-54 years","50-54",336
,"Leukemias","35011-35043","Wisconsin","55","55-59 years","55-59",513
,"Leukemias","35011-35043","Wisconsin","55","60-64 years ","60-64",798
,"Leukemias","35011-35043","Wisconsin","55","65-69 years","65-69",1118
,"Leukemias","35011-35043","Wisconsin","55","70-74 years","70-74",1544
,"Leukemias","35011-35043","Wisconsin","55","75-79 years","75-79",1708
,"Leukemias","35011-35043","Wisconsin","55","80-84 years","80-84",1828
,"Leukemias","35011-35043","Wisconsin","55","85+ years","85+",2516
,"Leukemias","35011-35043","Wyoming","56","50-54 years","50-54",28
,"Leukemias","35011-35043","Wyoming","56","55-59 years","55-59",54
,"Leukemias","35011-35043","Wyoming","56","60-64 years ","60-64",90
,"Leukemias","35011-35043","Wyoming","56","65-69 years","65-69",120
,"Leukemias","35011-35043","Wyoming","56","70-74 years","70-74",118
,"Leukemias","35011-35043","Wyoming","56","75-79 years","75-79",145
,"Leukemias","35011-35043","Wyoming","56","80-84 years","80-84",142
,"Leukemias","35011-35043","Wyoming","56","85+ years","85+",198
,"Liver","21071","Alabama","01","30-34 years","30-34",17
,"Liver","21071","Alabama","01","35-39 years","35-39",39
,"Liver","21071","Alabama","01","40-44 years","40-44",63
,"Liver","21071","Alabama","01","45-49 years","45-49",201
,"Liver","21071","Alabama","01","50-54 years","50-54",502
,"Liver","21071","Alabama","01","55-59 years","55-59",861
,"Liver","21071","Alabama","01","60-64 years ","60-64",1004
,"Liver","21071","Alabama","01","65-69 years","65-69",970
,"Liver","21071","Alabama","01","70-74 years","70-74",860
,"Liver","21071","Alabama","01","75-79 years","75-79",798
,"Liver","21071","Alabama","01","80-84 years","80-84",652
,"Liver","21071","Alabama","01","85+ years","85+",610
,"Liver","21071","Alaska","02","45-49 years","45-49",36
,"Liver","21071","Alaska","02","50-54 years","50-54",55
,"Liver","21071","Alaska","02","55-59 years","55-59",107
,"Liver","21071","Alaska","02","60-64 years ","60-64",116
,"Liver","21071","Alaska","02","65-69 years","65-69",102
,"Liver","21071","Alaska","02","70-74 years","70-74",72
,"Liver","21071","Alaska","02","75-79 years","75-79",63
,"Liver","21071","Alaska","02","80-84 years","80-84",45
,"Liver","21071","Alaska","02","85+ years","85+",28
,"Liver","21071","Arizona","04","35-39 years","35-39",33
,"Liver","21071","Arizona","04","40-44 years","40-44",95
,"Liver","21071","Arizona","04","45-49 years","45-49",219
,"Liver","21071","Arizona","04","50-54 years","50-54",506
,"Liver","21071","Arizona","04","55-59 years","55-59",952
,"Liver","21071","Arizona","04","60-64 years ","60-64",1196
,"Liver","21071","Arizona","04","65-69 years","65-69",1224
,"Liver","21071","Arizona","04","70-74 years","70-74",1039
,"Liver","21071","Arizona","04","75-79 years","75-79",1005
,"Liver","21071","Arizona","04","80-84 years","80-84",765
,"Liver","21071","Arizona","04","85+ years","85+",727
,"Liver","21071","Arkansas","05","35-39 years","35-39",24
,"Liver","21071","Arkansas","05","40-44 years","40-44",37
,"Liver","21071","Arkansas","05","45-49 years","45-49",132
,"Liver","21071","Arkansas","05","50-54 years","50-54",307
,"Liver","21071","Arkansas","05","55-59 years","55-59",505
,"Liver","21071","Arkansas","05","60-64 years ","60-64",656
,"Liver","21071","Arkansas","05","65-69 years","65-69",598
,"Liver","21071","Arkansas","05","70-74 years","70-74",617
,"Liver","21071","Arkansas","05","75-79 years","75-79",567
,"Liver","21071","Arkansas","05","80-84 years","80-84",443
,"Liver","21071","Arkansas","05","85+ years","85+",439
,"Liver","21071","California","06","1-4 years","1-4",59
,"Liver","21071","California","06","5-9 years","5-9",21
,"Liver","21071","California","06","10-14 years","10-14",26
,"Liver","21071","California","06","15-19 years","15-19",36
,"Liver","21071","California","06","20-24 years","20-24",44
,"Liver","21071","California","06","25-29 years","25-29",79
,"Liver","21071","California","06","30-34 years","30-34",127
,"Liver","21071","California","06","35-39 years","35-39",242
,"Liver","21071","California","06","40-44 years","40-44",594
,"Liver","21071","California","06","45-49 years","45-49",1624
,"Liver","21071","California","06","50-54 years","50-54",3436
,"Liver","21071","California","06","55-59 years","55-59",5969
,"Liver","21071","California","06","60-64 years ","60-64",7015
,"Liver","21071","California","06","65-69 years","65-69",6924
,"Liver","21071","California","06","70-74 years","70-74",6446
,"Liver","21071","California","06","75-79 years","75-79",5805
,"Liver","21071","California","06","80-84 years","80-84",4716
,"Liver","21071","California","06","85+ years","85+",4828
,"Liver","21071","Colorado","08","40-44 years","40-44",42
,"Liver","21071","Colorado","08","45-49 years","45-49",134
,"Liver","21071","Colorado","08","50-54 years","50-54",346
,"Liver","21071","Colorado","08","55-59 years","55-59",560
,"Liver","21071","Colorado","08","60-64 years ","60-64",733
,"Liver","21071","Colorado","08","65-69 years","65-69",649
,"Liver","21071","Colorado","08","70-74 years","70-74",554
,"Liver","21071","Colorado","08","75-79 years","75-79",476
,"Liver","21071","Colorado","08","80-84 years","80-84",349
,"Liver","21071","Colorado","08","85+ years","85+",361
,"Liver","21071","Connecticut","09","40-44 years","40-44",34
,"Liver","21071","Connecticut","09","45-49 years","45-49",86
,"Liver","21071","Connecticut","09","50-54 years","50-54",217
,"Liver","21071","Connecticut","09","55-59 years","55-59",407
,"Liver","21071","Connecticut","09","60-64 years ","60-64",481
,"Liver","21071","Connecticut","09","65-69 years","65-69",421
,"Liver","21071","Connecticut","09","70-74 years","70-74",438
,"Liver","21071","Connecticut","09","75-79 years","75-79",451
,"Liver","21071","Connecticut","09","80-84 years","80-84",389
,"Liver","21071","Connecticut","09","85+ years","85+",388
,"Liver","21071","Delaware","10","45-49 years","45-49",27
,"Liver","21071","Delaware","10","50-54 years","50-54",110
,"Liver","21071","Delaware","10","55-59 years","55-59",135
,"Liver","21071","Delaware","10","60-64 years ","60-64",187
,"Liver","21071","Delaware","10","65-69 years","65-69",171
,"Liver","21071","Delaware","10","70-74 years","70-74",149
,"Liver","21071","Delaware","10","75-79 years","75-79",142
,"Liver","21071","Delaware","10","80-84 years","80-84",104
,"Liver","21071","Delaware","10","85+ years","85+",103
,"Liver","21071","District of Columbia","11","40-44 years","40-44",21
,"Liver","21071","District of Columbia","11","45-49 years","45-49",42
,"Liver","21071","District of Columbia","11","50-54 years","50-54",79
,"Liver","21071","District of Columbia","11","55-59 years","55-59",142
,"Liver","21071","District of Columbia","11","60-64 years ","60-64",161
,"Liver","21071","District of Columbia","11","65-69 years","65-69",158
,"Liver","21071","District of Columbia","11","70-74 years","70-74",119
,"Liver","21071","District of Columbia","11","75-79 years","75-79",72
,"Liver","21071","District of Columbia","11","80-84 years","80-84",63
,"Liver","21071","District of Columbia","11","85+ years","85+",67
,"Liver","21071","Florida","12","1-4 years","1-4",27
,"Liver","21071","Florida","12","15-19 years","15-19",22
,"Liver","21071","Florida","12","20-24 years","20-24",24
,"Liver","21071","Florida","12","25-29 years","25-29",29
,"Liver","21071","Florida","12","30-34 years","30-34",65
,"Liver","21071","Florida","12","35-39 years","35-39",93
,"Liver","21071","Florida","12","40-44 years","40-44",252
,"Liver","21071","Florida","12","45-49 years","45-49",699
,"Liver","21071","Florida","12","50-54 years","50-54",1753
,"Liver","21071","Florida","12","55-59 years","55-59",3088
,"Liver","21071","Florida","12","60-64 years ","60-64",3806
,"Liver","21071","Florida","12","65-69 years","65-69",3774
,"Liver","21071","Florida","12","70-74 years","70-74",3671
,"Liver","21071","Florida","12","75-79 years","75-79",3383
,"Liver","21071","Florida","12","80-84 years","80-84",2956
,"Liver","21071","Florida","12","85+ years","85+",2998
,"Liver","21071","Georgia","13","25-29 years","25-29",31
,"Liver","21071","Georgia","13","30-34 years","30-34",37
,"Liver","21071","Georgia","13","35-39 years","35-39",69
,"Liver","21071","Georgia","13","40-44 years","40-44",127
,"Liver","21071","Georgia","13","45-49 years","45-49",337
,"Liver","21071","Georgia","13","50-54 years","50-54",754
,"Liver","21071","Georgia","13","55-59 years","55-59",1377
,"Liver","21071","Georgia","13","60-64 years ","60-64",1566
,"Liver","21071","Georgia","13","65-69 years","65-69",1448
,"Liver","21071","Georgia","13","70-74 years","70-74",1248
,"Liver","21071","Georgia","13","75-79 years","75-79",1093
,"Liver","21071","Georgia","13","80-84 years","80-84",811
,"Liver","21071","Georgia","13","85+ years","85+",807
,"Liver","21071","Hawaii","15","35-39 years","35-39",21
,"Liver","21071","Hawaii","15","40-44 years","40-44",32
,"Liver","21071","Hawaii","15","45-49 years","45-49",80
,"Liver","21071","Hawaii","15","50-54 years","50-54",153
,"Liver","21071","Hawaii","15","55-59 years","55-59",246
,"Liver","21071","Hawaii","15","60-64 years ","60-64",281
,"Liver","21071","Hawaii","15","65-69 years","65-69",298
,"Liver","21071","Hawaii","15","70-74 years","70-74",300
,"Liver","21071","Hawaii","15","75-79 years","75-79",265
,"Liver","21071","Hawaii","15","80-84 years","80-84",228
,"Liver","21071","Hawaii","15","85+ years","85+",268
,"Liver","21071","Idaho","16","45-49 years","45-49",22
,"Liver","21071","Idaho","16","50-54 years","50-54",93
,"Liver","21071","Idaho","16","55-59 years","55-59",157
,"Liver","21071","Idaho","16","60-64 years ","60-64",215
,"Liver","21071","Idaho","16","65-69 years","65-69",217
,"Liver","21071","Idaho","16","70-74 years","70-74",179
,"Liver","21071","Idaho","16","75-79 years","75-79",178
,"Liver","21071","Idaho","16","80-84 years","80-84",114
,"Liver","21071","Idaho","16","85+ years","85+",107
,"Liver","21071","Illinois","17","25-29 years","25-29",16
,"Liver","21071","Illinois","17","30-34 years","30-34",26
,"Liver","21071","Illinois","17","35-39 years","35-39",53
,"Liver","21071","Illinois","17","40-44 years","40-44",132
,"Liver","21071","Illinois","17","45-49 years","45-49",420
,"Liver","21071","Illinois","17","50-54 years","50-54",877
,"Liver","21071","Illinois","17","55-59 years","55-59",1493
,"Liver","21071","Illinois","17","60-64 years ","60-64",1782
,"Liver","21071","Illinois","17","65-69 years","65-69",1847
,"Liver","21071","Illinois","17","70-74 years","70-74",1791
,"Liver","21071","Illinois","17","75-79 years","75-79",1779
,"Liver","21071","Illinois","17","80-84 years","80-84",1498
,"Liver","21071","Illinois","17","85+ years","85+",1484
,"Liver","21071","Indiana","18","35-39 years","35-39",30
,"Liver","21071","Indiana","18","40-44 years","40-44",53
,"Liver","21071","Indiana","18","45-49 years","45-49",199
,"Liver","21071","Indiana","18","50-54 years","50-54",488
,"Liver","21071","Indiana","18","55-59 years","55-59",818
,"Liver","21071","Indiana","18","60-64 years ","60-64",1032
,"Liver","21071","Indiana","18","65-69 years","65-69",966
,"Liver","21071","Indiana","18","70-74 years","70-74",867
,"Liver","21071","Indiana","18","75-79 years","75-79",797
,"Liver","21071","Indiana","18","80-84 years","80-84",662
,"Liver","21071","Indiana","18","85+ years","85+",645
,"Liver","21071","Iowa","19","40-44 years","40-44",22
,"Liver","21071","Iowa","19","45-49 years","45-49",63
,"Liver","21071","Iowa","19","50-54 years","50-54",174
,"Liver","21071","Iowa","19","55-59 years","55-59",284
,"Liver","21071","Iowa","19","60-64 years ","60-64",359
,"Liver","21071","Iowa","19","65-69 years","65-69",352
,"Liver","21071","Iowa","19","70-74 years","70-74",363
,"Liver","21071","Iowa","19","75-79 years","75-79",367
,"Liver","21071","Iowa","19","80-84 years","80-84",302
,"Liver","21071","Iowa","19","85+ years","85+",351
,"Liver","21071","Kansas","20","40-44 years","40-44",28
,"Liver","21071","Kansas","20","45-49 years","45-49",80
,"Liver","21071","Kansas","20","50-54 years","50-54",199
,"Liver","21071","Kansas","20","55-59 years","55-59",372
,"Liver","21071","Kansas","20","60-64 years ","60-64",434
,"Liver","21071","Kansas","20","65-69 years","65-69",400
,"Liver","21071","Kansas","20","70-74 years","70-74",299
,"Liver","21071","Kansas","20","75-79 years","75-79",285
,"Liver","21071","Kansas","20","80-84 years","80-84",286
,"Liver","21071","Kansas","20","85+ years","85+",283
,"Liver","21071","Kentucky","21","35-39 years","35-39",25
,"Liver","21071","Kentucky","21","40-44 years","40-44",53
,"Liver","21071","Kentucky","21","45-49 years","45-49",173
,"Liver","21071","Kentucky","21","50-54 years","50-54",376
,"Liver","21071","Kentucky","21","55-59 years","55-59",605
,"Liver","21071","Kentucky","21","60-64 years ","60-64",743
,"Liver","21071","Kentucky","21","65-69 years","65-69",653
,"Liver","21071","Kentucky","21","70-74 years","70-74",689
,"Liver","21071","Kentucky","21","75-79 years","75-79",558
,"Liver","21071","Kentucky","21","80-84 years","80-84",469
,"Liver","21071","Kentucky","21","85+ years","85+",443
,"Liver","21071","Louisiana","22","30-34 years","30-34",23
,"Liver","21071","Louisiana","22","35-39 years","35-39",29
,"Liver","21071","Louisiana","22","40-44 years","40-44",109
,"Liver","21071","Louisiana","22","45-49 years","45-49",289
,"Liver","21071","Louisiana","22","50-54 years","50-54",583
,"Liver","21071","Louisiana","22","55-59 years","55-59",1084
,"Liver","21071","Louisiana","22","60-64 years ","60-64",1332
,"Liver","21071","Louisiana","22","65-69 years","65-69",1168
,"Liver","21071","Louisiana","22","70-74 years","70-74",1010
,"Liver","21071","Louisiana","22","75-79 years","75-79",858
,"Liver","21071","Louisiana","22","80-84 years","80-84",678
,"Liver","21071","Louisiana","22","85+ years","85+",623
,"Liver","21071","Maine","23","45-49 years","45-49",24
,"Liver","21071","Maine","23","50-54 years","50-54",76
,"Liver","21071","Maine","23","55-59 years","55-59",141
,"Liver","21071","Maine","23","60-64 years ","60-64",183
,"Liver","21071","Maine","23","65-69 years","65-69",184
,"Liver","21071","Maine","23","70-74 years","70-74",187
,"Liver","21071","Maine","23","75-79 years","75-79",179
,"Liver","21071","Maine","23","80-84 years","80-84",160
,"Liver","21071","Maine","23","85+ years","85+",141
,"Liver","21071","Maryland","24","30-34 years","30-34",29
,"Liver","21071","Maryland","24","35-39 years","35-39",35
,"Liver","21071","Maryland","24","40-44 years","40-44",72
,"Liver","21071","Maryland","24","45-49 years","45-49",207
,"Liver","21071","Maryland","24","50-54 years","50-54",513
,"Liver","21071","Maryland","24","55-59 years","55-59",872
,"Liver","21071","Maryland","24","60-64 years ","60-64",1035
,"Liver","21071","Maryland","24","65-69 years","65-69",970
,"Liver","21071","Maryland","24","70-74 years","70-74",779
,"Liver","21071","Maryland","24","75-79 years","75-79",718
,"Liver","21071","Maryland","24","80-84 years","80-84",575
,"Liver","21071","Maryland","24","85+ years","85+",571
,"Liver","21071","Massachusetts","25","30-34 years","30-34",26
,"Liver","21071","Massachusetts","25","35-39 years","35-39",37
,"Liver","21071","Massachusetts","25","40-44 years","40-44",79
,"Liver","21071","Massachusetts","25","45-49 years","45-49",250
,"Liver","21071","Massachusetts","25","50-54 years","50-54",531
,"Liver","21071","Massachusetts","25","55-59 years","55-59",882
,"Liver","21071","Massachusetts","25","60-64 years ","60-64",1036
,"Liver","21071","Massachusetts","25","65-69 years","65-69",990
,"Liver","21071","Massachusetts","25","70-74 years","70-74",902
,"Liver","21071","Massachusetts","25","75-79 years","75-79",920
,"Liver","21071","Massachusetts","25","80-84 years","80-84",837
,"Liver","21071","Massachusetts","25","85+ years","85+",780
,"Liver","21071","Michigan","26","1-4 years","1-4",16
,"Liver","21071","Michigan","26","25-29 years","25-29",18
,"Liver","21071","Michigan","26","30-34 years","30-34",30
,"Liver","21071","Michigan","26","35-39 years","35-39",43
,"Liver","21071","Michigan","26","40-44 years","40-44",77
,"Liver","21071","Michigan","26","45-49 years","45-49",348
,"Liver","21071","Michigan","26","50-54 years","50-54",837
,"Liver","21071","Michigan","26","55-59 years","55-59",1280
,"Liver","21071","Michigan","26","60-64 years ","60-64",1720
,"Liver","21071","Michigan","26","65-69 years","65-69",1638
,"Liver","21071","Michigan","26","70-74 years","70-74",1468
,"Liver","21071","Michigan","26","75-79 years","75-79",1401
,"Liver","21071","Michigan","26","80-84 years","80-84",1205
,"Liver","21071","Michigan","26","85+ years","85+",1140
,"Liver","21071","Minnesota","27","30-34 years","30-34",18
,"Liver","21071","Minnesota","27","35-39 years","35-39",25
,"Liver","21071","Minnesota","27","40-44 years","40-44",50
,"Liver","21071","Minnesota","27","45-49 years","45-49",124
,"Liver","21071","Minnesota","27","50-54 years","50-54",312
,"Liver","21071","Minnesota","27","55-59 years","55-59",518
,"Liver","21071","Minnesota","27","60-64 years ","60-64",652
,"Liver","21071","Minnesota","27","65-69 years","65-69",589
,"Liver","21071","Minnesota","27","70-74 years","70-74",505
,"Liver","21071","Minnesota","27","75-79 years","75-79",539
,"Liver","21071","Minnesota","27","80-84 years","80-84",461
,"Liver","21071","Minnesota","27","85+ years","85+",486
,"Liver","21071","Mississippi","28","35-39 years","35-39",29
,"Liver","21071","Mississippi","28","40-44 years","40-44",68
,"Liver","21071","Mississippi","28","45-49 years","45-49",159
,"Liver","21071","Mississippi","28","50-54 years","50-54",379
,"Liver","21071","Mississippi","28","55-59 years","55-59",629
,"Liver","21071","Mississippi","28","60-64 years ","60-64",693
,"Liver","21071","Mississippi","28","65-69 years","65-69",653
,"Liver","21071","Mississippi","28","70-74 years","70-74",570
,"Liver","21071","Mississippi","28","75-79 years","75-79",548
,"Liver","21071","Mississippi","28","80-84 years","80-84",478
,"Liver","21071","Mississippi","28","85+ years","85+",482
,"Liver","21071","Missouri","29","35-39 years","35-39",34
,"Liver","21071","Missouri","29","40-44 years","40-44",61
,"Liver","21071","Missouri","29","45-49 years","45-49",208
,"Liver","21071","Missouri","29","50-54 years","50-54",579
,"Liver","21071","Missouri","29","55-59 years","55-59",955
,"Liver","21071","Missouri","29","60-64 years ","60-64",1088
,"Liver","21071","Missouri","29","65-69 years","65-69",915
,"Liver","21071","Missouri","29","70-74 years","70-74",905
,"Liver","21071","Missouri","29","75-79 years","75-79",838
,"Liver","21071","Missouri","29","80-84 years","80-84",645
,"Liver","21071","Missouri","29","85+ years","85+",706
,"Liver","21071","Montana","30","45-49 years","45-49",16
,"Liver","21071","Montana","30","50-54 years","50-54",58
,"Liver","21071","Montana","30","55-59 years","55-59",127
,"Liver","21071","Montana","30","60-64 years ","60-64",159
,"Liver","21071","Montana","30","65-69 years","65-69",155
,"Liver","21071","Montana","30","70-74 years","70-74",115
,"Liver","21071","Montana","30","75-79 years","75-79",100
,"Liver","21071","Montana","30","80-84 years","80-84",105
,"Liver","21071","Montana","30","85+ years","85+",96
,"Liver","21071","Nebraska","31","45-49 years","45-49",37
,"Liver","21071","Nebraska","31","50-54 years","50-54",93
,"Liver","21071","Nebraska","31","55-59 years","55-59",174
,"Liver","21071","Nebraska","31","60-64 years ","60-64",194
,"Liver","21071","Nebraska","31","65-69 years","65-69",215
,"Liver","21071","Nebraska","31","70-74 years","70-74",187
,"Liver","21071","Nebraska","31","75-79 years","75-79",199
,"Liver","21071","Nebraska","31","80-84 years","80-84",147
,"Liver","21071","Nebraska","31","85+ years","85+",139
,"Liver","21071","Nevada","32","40-44 years","40-44",27
,"Liver","21071","Nevada","32","45-49 years","45-49",97
,"Liver","21071","Nevada","32","50-54 years","50-54",212
,"Liver","21071","Nevada","32","55-59 years","55-59",387
,"Liver","21071","Nevada","32","60-64 years ","60-64",484
,"Liver","21071","Nevada","32","65-69 years","65-69",507
,"Liver","21071","Nevada","32","70-74 years","70-74",434
,"Liver","21071","Nevada","32","75-79 years","75-79",413
,"Liver","21071","Nevada","32","80-84 years","80-84",324
,"Liver","21071","Nevada","32","85+ years","85+",253
,"Liver","21071","New Hampshire","33","45-49 years","45-49",36
,"Liver","21071","New Hampshire","33","50-54 years","50-54",68
,"Liver","21071","New Hampshire","33","55-59 years","55-59",141
,"Liver","21071","New Hampshire","33","60-64 years ","60-64",181
,"Liver","21071","New Hampshire","33","65-69 years","65-69",174
,"Liver","21071","New Hampshire","33","70-74 years","70-74",182
,"Liver","21071","New Hampshire","33","75-79 years","75-79",170
,"Liver","21071","New Hampshire","33","80-84 years","80-84",130
,"Liver","21071","New Hampshire","33","85+ years","85+",104
,"Liver","21071","New Jersey","34","25-29 years","25-29",23
,"Liver","21071","New Jersey","34","30-34 years","30-34",21
,"Liver","21071","New Jersey","34","35-39 years","35-39",44
,"Liver","21071","New Jersey","34","40-44 years","40-44",105
,"Liver","21071","New Jersey","34","45-49 years","45-49",269
,"Liver","21071","New Jersey","34","50-54 years","50-54",596
,"Liver","21071","New Jersey","34","55-59 years","55-59",1011
,"Liver","21071","New Jersey","34","60-64 years ","60-64",1273
,"Liver","21071","New Jersey","34","65-69 years","65-69",1228
,"Liver","21071","New Jersey","34","70-74 years","70-74",1209
,"Liver","21071","New Jersey","34","75-79 years","75-79",1222
,"Liver","21071","New Jersey","34","80-84 years","80-84",1105
,"Liver","21071","New Jersey","34","85+ years","85+",1085
,"Liver","21071","New Mexico","35","40-44 years","40-44",33
,"Liver","21071","New Mexico","35","45-49 years","45-49",118
,"Liver","21071","New Mexico","35","50-54 years","50-54",270
,"Liver","21071","New Mexico","35","55-59 years","55-59",381
,"Liver","21071","New Mexico","35","60-64 years ","60-64",454
,"Liver","21071","New Mexico","35","65-69 years","65-69",451
,"Liver","21071","New Mexico","35","70-74 years","70-74",423
,"Liver","21071","New Mexico","35","75-79 years","75-79",343
,"Liver","21071","New Mexico","35","80-84 years","80-84",282
,"Liver","21071","New Mexico","35","85+ years","85+",271
,"Liver","21071","New York","36","1-4 years","1-4",27
,"Liver","21071","New York","36","20-24 years","20-24",26
,"Liver","21071","New York","36","25-29 years","25-29",36
,"Liver","21071","New York","36","30-34 years","30-34",78
,"Liver","21071","New York","36","35-39 years","35-39",122
,"Liver","21071","New York","36","40-44 years","40-44",292
,"Liver","21071","New York","36","45-49 years","45-49",699
,"Liver","21071","New York","36","50-54 years","50-54",1511
,"Liver","21071","New York","36","55-59 years","55-59",2410
,"Liver","21071","New York","36","60-64 years ","60-64",2972
,"Liver","21071","New York","36","65-69 years","65-69",3140
,"Liver","21071","New York","36","70-74 years","70-74",2819
,"Liver","21071","New York","36","75-79 years","75-79",2599
,"Liver","21071","New York","36","80-84 years","80-84",2196
,"Liver","21071","New York","36","85+ years","85+",2211
,"Liver","21071","North Carolina","37","20-24 years","20-24",17
,"Liver","21071","North Carolina","37","25-29 years","25-29",19
,"Liver","21071","North Carolina","37","30-34 years","30-34",16
,"Liver","21071","North Carolina","37","35-39 years","35-39",35
,"Liver","21071","North Carolina","37","40-44 years","40-44",112
,"Liver","21071","North Carolina","37","45-49 years","45-49",327
,"Liver","21071","North Carolina","37","50-54 years","50-54",901
,"Liver","21071","North Carolina","37","55-59 years","55-59",1427
,"Liver","21071","North Carolina","37","60-64 years ","60-64",1672
,"Liver","21071","North Carolina","37","65-69 years","65-69",1556
,"Liver","21071","North Carolina","37","70-74 years","70-74",1244
,"Liver","21071","North Carolina","37","75-79 years","75-79",1092
,"Liver","21071","North Carolina","37","80-84 years","80-84",874
,"Liver","21071","North Carolina","37","85+ years","85+",772
,"Liver","21071","North Dakota","38","50-54 years","50-54",23
,"Liver","21071","North Dakota","38","55-59 years","55-59",61
,"Liver","21071","North Dakota","38","60-64 years ","60-64",56
,"Liver","21071","North Dakota","38","65-69 years","65-69",73
,"Liver","21071","North Dakota","38","70-74 years","70-74",66
,"Liver","21071","North Dakota","38","75-79 years","75-79",65
,"Liver","21071","North Dakota","38","80-84 years","80-84",75
,"Liver","21071","North Dakota","38","85+ years","85+",66
,"Liver","21071","Ohio","39","30-34 years","30-34",22
,"Liver","21071","Ohio","39","35-39 years","35-39",55
,"Liver","21071","Ohio","39","40-44 years","40-44",94
,"Liver","21071","Ohio","39","45-49 years","45-49",379
,"Liver","21071","Ohio","39","50-54 years","50-54",883
,"Liver","21071","Ohio","39","55-59 years","55-59",1523
,"Liver","21071","Ohio","39","60-64 years ","60-64",1810
,"Liver","21071","Ohio","39","65-69 years","65-69",1721
,"Liver","21071","Ohio","39","70-74 years","70-74",1481
,"Liver","21071","Ohio","39","75-79 years","75-79",1535
,"Liver","21071","Ohio","39","80-84 years","80-84",1251
,"Liver","21071","Ohio","39","85+ years","85+",1215
,"Liver","21071","Oklahoma","40","35-39 years","35-39",16
,"Liver","21071","Oklahoma","40","40-44 years","40-44",44
,"Liver","21071","Oklahoma","40","45-49 years","45-49",125
,"Liver","21071","Oklahoma","40","50-54 years","50-54",373
,"Liver","21071","Oklahoma","40","55-59 years","55-59",704
,"Liver","21071","Oklahoma","40","60-64 years ","60-64",801
,"Liver","21071","Oklahoma","40","65-69 years","65-69",782
,"Liver","21071","Oklahoma","40","70-74 years","70-74",622
,"Liver","21071","Oklahoma","40","75-79 years","75-79",575
,"Liver","21071","Oklahoma","40","80-84 years","80-84",453
,"Liver","21071","Oklahoma","40","85+ years","85+",417
,"Liver","21071","Oregon","41","35-39 years","35-39",16
,"Liver","21071","Oregon","41","40-44 years","40-44",42
,"Liver","21071","Oregon","41","45-49 years","45-49",129
,"Liver","21071","Oregon","41","50-54 years","50-54",333
,"Liver","21071","Oregon","41","55-59 years","55-59",646
,"Liver","21071","Oregon","41","60-64 years ","60-64",853
,"Liver","21071","Oregon","41","65-69 years","65-69",823
,"Liver","21071","Oregon","41","70-74 years","70-74",563
,"Liver","21071","Oregon","41","75-79 years","75-79",463
,"Liver","21071","Oregon","41","80-84 years","80-84",369
,"Liver","21071","Oregon","41","85+ years","85+",359
,"Liver","21071","Pennsylvania","42","25-29 years","25-29",23
,"Liver","21071","Pennsylvania","42","30-34 years","30-34",29
,"Liver","21071","Pennsylvania","42","35-39 years","35-39",56
,"Liver","21071","Pennsylvania","42","40-44 years","40-44",134
,"Liver","21071","Pennsylvania","42","45-49 years","45-49",401
,"Liver","21071","Pennsylvania","42","50-54 years","50-54",1055
,"Liver","21071","Pennsylvania","42","55-59 years","55-59",1752
,"Liver","21071","Pennsylvania","42","60-64 years ","60-64",2225
,"Liver","21071","Pennsylvania","42","65-69 years","65-69",2078
,"Liver","21071","Pennsylvania","42","70-74 years","70-74",1965
,"Liver","21071","Pennsylvania","42","75-79 years","75-79",1865
,"Liver","21071","Pennsylvania","42","80-84 years","80-84",1697
,"Liver","21071","Pennsylvania","42","85+ years","85+",1677
,"Liver","21071","Rhode Island","44","45-49 years","45-49",38
,"Liver","21071","Rhode Island","44","50-54 years","50-54",83
,"Liver","21071","Rhode Island","44","55-59 years","55-59",152
,"Liver","21071","Rhode Island","44","60-64 years ","60-64",180
,"Liver","21071","Rhode Island","44","65-69 years","65-69",157
,"Liver","21071","Rhode Island","44","70-74 years","70-74",191
,"Liver","21071","Rhode Island","44","75-79 years","75-79",155
,"Liver","21071","Rhode Island","44","80-84 years","80-84",128
,"Liver","21071","Rhode Island","44","85+ years","85+",150
,"Liver","21071","South Carolina","45","35-39 years","35-39",18
,"Liver","21071","South Carolina","45","40-44 years","40-44",73
,"Liver","21071","South Carolina","45","45-49 years","45-49",178
,"Liver","21071","South Carolina","45","50-54 years","50-54",464
,"Liver","21071","South Carolina","45","55-59 years","55-59",768
,"Liver","21071","South Carolina","45","60-64 years ","60-64",937
,"Liver","21071","South Carolina","45","65-69 years","65-69",798
,"Liver","21071","South Carolina","45","70-74 years","70-74",717
,"Liver","21071","South Carolina","45","75-79 years","75-79",654
,"Liver","21071","South Carolina","45","80-84 years","80-84",464
,"Liver","21071","South Carolina","45","85+ years","85+",414
,"Liver","21071","South Dakota","46","45-49 years","45-49",25
,"Liver","21071","South Dakota","46","50-54 years","50-54",35
,"Liver","21071","South Dakota","46","55-59 years","55-59",79
,"Liver","21071","South Dakota","46","60-64 years ","60-64",84
,"Liver","21071","South Dakota","46","65-69 years","65-69",106
,"Liver","21071","South Dakota","46","70-74 years","70-74",99
,"Liver","21071","South Dakota","46","75-79 years","75-79",95
,"Liver","21071","South Dakota","46","80-84 years","80-84",89
,"Liver","21071","South Dakota","46","85+ years","85+",89
,"Liver","21071","Tennessee","47","30-34 years","30-34",21
,"Liver","21071","Tennessee","47","35-39 years","35-39",40
,"Liver","21071","Tennessee","47","40-44 years","40-44",90
,"Liver","21071","Tennessee","47","45-49 years","45-49",284
,"Liver","21071","Tennessee","47","50-54 years","50-54",676
,"Liver","21071","Tennessee","47","55-59 years","55-59",1153
,"Liver","21071","Tennessee","47","60-64 years ","60-64",1273
,"Liver","21071","Tennessee","47","65-69 years","65-69",1230
,"Liver","21071","Tennessee","47","70-74 years","70-74",961
,"Liver","21071","Tennessee","47","75-79 years","75-79",853
,"Liver","21071","Tennessee","47","80-84 years","80-84",699
,"Liver","21071","Tennessee","47","85+ years","85+",647
,"Liver","21071","Texas","48","1-4 years","1-4",55
,"Liver","21071","Texas","48","5-9 years","5-9",18
,"Liver","21071","Texas","48","15-19 years","15-19",23
,"Liver","21071","Texas","48","20-24 years","20-24",32
,"Liver","21071","Texas","48","25-29 years","25-29",47
,"Liver","21071","Texas","48","30-34 years","30-34",77
,"Liver","21071","Texas","48","35-39 years","35-39",133
,"Liver","21071","Texas","48","40-44 years","40-44",463
,"Liver","21071","Texas","48","45-49 years","45-49",1310
,"Liver","21071","Texas","48","50-54 years","50-54",2986
,"Liver","21071","Texas","48","55-59 years","55-59",4750
,"Liver","21071","Texas","48","60-64 years ","60-64",5326
,"Liver","21071","Texas","48","65-69 years","65-69",4868
,"Liver","21071","Texas","48","70-74 years","70-74",4202
,"Liver","21071","Texas","48","75-79 years","75-79",3819
,"Liver","21071","Texas","48","80-84 years","80-84",3083
,"Liver","21071","Texas","48","85+ years","85+",2900
,"Liver","21071","Utah","49","40-44 years","40-44",16
,"Liver","21071","Utah","49","45-49 years","45-49",51
,"Liver","21071","Utah","49","50-54 years","50-54",120
,"Liver","21071","Utah","49","55-59 years","55-59",201
,"Liver","21071","Utah","49","60-64 years ","60-64",213
,"Liver","21071","Utah","49","65-69 years","65-69",236
,"Liver","21071","Utah","49","70-74 years","70-74",212
,"Liver","21071","Utah","49","75-79 years","75-79",203
,"Liver","21071","Utah","49","80-84 years","80-84",170
,"Liver","21071","Utah","49","85+ years","85+",162
,"Liver","21071","Vermont","50","50-54 years","50-54",41
,"Liver","21071","Vermont","50","55-59 years","55-59",69
,"Liver","21071","Vermont","50","60-64 years ","60-64",78
,"Liver","21071","Vermont","50","65-69 years","65-69",81
,"Liver","21071","Vermont","50","70-74 years","70-74",95
,"Liver","21071","Vermont","50","75-79 years","75-79",78
,"Liver","21071","Vermont","50","80-84 years","80-84",62
,"Liver","21071","Vermont","50","85+ years","85+",45
,"Liver","21071","Virginia","51","30-34 years","30-34",18
,"Liver","21071","Virginia","51","35-39 years","35-39",45
,"Liver","21071","Virginia","51","40-44 years","40-44",100
,"Liver","21071","Virginia","51","45-49 years","45-49",281
,"Liver","21071","Virginia","51","50-54 years","50-54",597
,"Liver","21071","Virginia","51","55-59 years","55-59",1093
,"Liver","21071","Virginia","51","60-64 years ","60-64",1233
,"Liver","21071","Virginia","51","65-69 years","65-69",1155
,"Liver","21071","Virginia","51","70-74 years","70-74",1058
,"Liver","21071","Virginia","51","75-79 years","75-79",952
,"Liver","21071","Virginia","51","80-84 years","80-84",723
,"Liver","21071","Virginia","51","85+ years","85+",704
,"Liver","21071","Washington","53","30-34 years","30-34",22
,"Liver","21071","Washington","53","35-39 years","35-39",33
,"Liver","21071","Washington","53","40-44 years","40-44",72
,"Liver","21071","Washington","53","45-49 years","45-49",242
,"Liver","21071","Washington","53","50-54 years","50-54",576
,"Liver","21071","Washington","53","55-59 years","55-59",1007
,"Liver","21071","Washington","53","60-64 years ","60-64",1274
,"Liver","21071","Washington","53","65-69 years","65-69",1157
,"Liver","21071","Washington","53","70-74 years","70-74",934
,"Liver","21071","Washington","53","75-79 years","75-79",877
,"Liver","21071","Washington","53","80-84 years","80-84",704
,"Liver","21071","Washington","53","85+ years","85+",639
,"Liver","21071","West Virginia","54","40-44 years","40-44",20
,"Liver","21071","West Virginia","54","45-49 years","45-49",50
,"Liver","21071","West Virginia","54","50-54 years","50-54",149
,"Liver","21071","West Virginia","54","55-59 years","55-59",245
,"Liver","21071","West Virginia","54","60-64 years ","60-64",313
,"Liver","21071","West Virginia","54","65-69 years","65-69",319
,"Liver","21071","West Virginia","54","70-74 years","70-74",318
,"Liver","21071","West Virginia","54","75-79 years","75-79",288
,"Liver","21071","West Virginia","54","80-84 years","80-84",241
,"Liver","21071","West Virginia","54","85+ years","85+",199
,"Liver","21071","Wisconsin","55","35-39 years","35-39",20
,"Liver","21071","Wisconsin","55","40-44 years","40-44",57
,"Liver","21071","Wisconsin","55","45-49 years","45-49",137
,"Liver","21071","Wisconsin","55","50-54 years","50-54",355
,"Liver","21071","Wisconsin","55","55-59 years","55-59",558
,"Liver","21071","Wisconsin","55","60-64 years ","60-64",708
,"Liver","21071","Wisconsin","55","65-69 years","65-69",713
,"Liver","21071","Wisconsin","55","70-74 years","70-74",731
,"Liver","21071","Wisconsin","55","75-79 years","75-79",702
,"Liver","21071","Wisconsin","55","80-84 years","80-84",588
,"Liver","21071","Wisconsin","55","85+ years","85+",580
,"Liver","21071","Wyoming","56","50-54 years","50-54",42
,"Liver","21071","Wyoming","56","55-59 years","55-59",55
,"Liver","21071","Wyoming","56","60-64 years ","60-64",109
,"Liver","21071","Wyoming","56","65-69 years","65-69",89
,"Liver","21071","Wyoming","56","70-74 years","70-74",75
,"Liver","21071","Wyoming","56","75-79 years","75-79",52
,"Liver","21071","Wyoming","56","80-84 years","80-84",52
,"Liver","21071","Wyoming","56","85+ years","85+",50
,"Lung and Bronchus","22030","Alabama","01","30-34 years","30-34",45
,"Lung and Bronchus","22030","Alabama","01","35-39 years","35-39",178
,"Lung and Bronchus","22030","Alabama","01","40-44 years","40-44",603
,"Lung and Bronchus","22030","Alabama","01","45-49 years","45-49",1658
,"Lung and Bronchus","22030","Alabama","01","50-54 years","50-54",3607
,"Lung and Bronchus","22030","Alabama","01","55-59 years","55-59",6487
,"Lung and Bronchus","22030","Alabama","01","60-64 years ","60-64",9073
,"Lung and Bronchus","22030","Alabama","01","65-69 years","65-69",11259
,"Lung and Bronchus","22030","Alabama","01","70-74 years","70-74",12206
,"Lung and Bronchus","22030","Alabama","01","75-79 years","75-79",10870
,"Lung and Bronchus","22030","Alabama","01","80-84 years","80-84",7803
,"Lung and Bronchus","22030","Alabama","01","85+ years","85+",5554
,"Lung and Bronchus","22030","Alaska","02","40-44 years","40-44",46
,"Lung and Bronchus","22030","Alaska","02","45-49 years","45-49",160
,"Lung and Bronchus","22030","Alaska","02","50-54 years","50-54",296
,"Lung and Bronchus","22030","Alaska","02","55-59 years","55-59",547
,"Lung and Bronchus","22030","Alaska","02","60-64 years ","60-64",714
,"Lung and Bronchus","22030","Alaska","02","65-69 years","65-69",901
,"Lung and Bronchus","22030","Alaska","02","70-74 years","70-74",876
,"Lung and Bronchus","22030","Alaska","02","75-79 years","75-79",792
,"Lung and Bronchus","22030","Alaska","02","80-84 years","80-84",558
,"Lung and Bronchus","22030","Alaska","02","85+ years","85+",388
,"Lung and Bronchus","22030","Arizona","04","30-34 years","30-34",49
,"Lung and Bronchus","22030","Arizona","04","35-39 years","35-39",106
,"Lung and Bronchus","22030","Arizona","04","40-44 years","40-44",373
,"Lung and Bronchus","22030","Arizona","04","45-49 years","45-49",943
,"Lung and Bronchus","22030","Arizona","04","50-54 years","50-54",2096
,"Lung and Bronchus","22030","Arizona","04","55-59 years","55-59",4074
,"Lung and Bronchus","22030","Arizona","04","60-64 years ","60-64",6592
,"Lung and Bronchus","22030","Arizona","04","65-69 years","65-69",9252
,"Lung and Bronchus","22030","Arizona","04","70-74 years","70-74",11022
,"Lung and Bronchus","22030","Arizona","04","75-79 years","75-79",10998
,"Lung and Bronchus","22030","Arizona","04","80-84 years","80-84",8885
,"Lung and Bronchus","22030","Arizona","04","85+ years","85+",6909
,"Lung and Bronchus","22030","Arkansas","05","30-34 years","30-34",43
,"Lung and Bronchus","22030","Arkansas","05","35-39 years","35-39",108
,"Lung and Bronchus","22030","Arkansas","05","40-44 years","40-44",373
,"Lung and Bronchus","22030","Arkansas","05","45-49 years","45-49",1051
,"Lung and Bronchus","22030","Arkansas","05","50-54 years","50-54",2290
,"Lung and Bronchus","22030","Arkansas","05","55-59 years","55-59",4176
,"Lung and Bronchus","22030","Arkansas","05","60-64 years ","60-64",6014
,"Lung and Bronchus","22030","Arkansas","05","65-69 years","65-69",7595
,"Lung and Bronchus","22030","Arkansas","05","70-74 years","70-74",8305
,"Lung and Bronchus","22030","Arkansas","05","75-79 years","75-79",7369
,"Lung and Bronchus","22030","Arkansas","05","80-84 years","80-84",5436
,"Lung and Bronchus","22030","Arkansas","05","85+ years","85+",4077
,"Lung and Bronchus","22030","California","06","15-19 years","15-19",19
,"Lung and Bronchus","22030","California","06","20-24 years","20-24",55
,"Lung and Bronchus","22030","California","06","25-29 years","25-29",113
,"Lung and Bronchus","22030","California","06","30-34 years","30-34",244
,"Lung and Bronchus","22030","California","06","35-39 years","35-39",709
,"Lung and Bronchus","22030","California","06","40-44 years","40-44",1960
,"Lung and Bronchus","22030","California","06","45-49 years","45-49",5022
,"Lung and Bronchus","22030","California","06","50-54 years","50-54",10986
,"Lung and Bronchus","22030","California","06","55-59 years","55-59",19887
,"Lung and Bronchus","22030","California","06","60-64 years ","60-64",29682
,"Lung and Bronchus","22030","California","06","65-69 years","65-69",39283
,"Lung and Bronchus","22030","California","06","70-74 years","70-74",47252
,"Lung and Bronchus","22030","California","06","75-79 years","75-79",50088
,"Lung and Bronchus","22030","California","06","80-84 years","80-84",42654
,"Lung and Bronchus","22030","California","06","85+ years","85+",41188
,"Lung and Bronchus","22030","Colorado","08","30-34 years","30-34",24
,"Lung and Bronchus","22030","Colorado","08","35-39 years","35-39",88
,"Lung and Bronchus","22030","Colorado","08","40-44 years","40-44",208
,"Lung and Bronchus","22030","Colorado","08","45-49 years","45-49",610
,"Lung and Bronchus","22030","Colorado","08","50-54 years","50-54",1370
,"Lung and Bronchus","22030","Colorado","08","55-59 years","55-59",2539
,"Lung and Bronchus","22030","Colorado","08","60-64 years ","60-64",4002
,"Lung and Bronchus","22030","Colorado","08","65-69 years","65-69",5085
,"Lung and Bronchus","22030","Colorado","08","70-74 years","70-74",5868
,"Lung and Bronchus","22030","Colorado","08","75-79 years","75-79",6073
,"Lung and Bronchus","22030","Colorado","08","80-84 years","80-84",4721
,"Lung and Bronchus","22030","Colorado","08","85+ years","85+",4452
,"Lung and Bronchus","22030","Connecticut","09","30-34 years","30-34",27
,"Lung and Bronchus","22030","Connecticut","09","35-39 years","35-39",100
,"Lung and Bronchus","22030","Connecticut","09","40-44 years","40-44",291
,"Lung and Bronchus","22030","Connecticut","09","45-49 years","45-49",752
,"Lung and Bronchus","22030","Connecticut","09","50-54 years","50-54",1565
,"Lung and Bronchus","22030","Connecticut","09","55-59 years","55-59",2848
,"Lung and Bronchus","22030","Connecticut","09","60-64 years ","60-64",4134
,"Lung and Bronchus","22030","Connecticut","09","65-69 years","65-69",5102
,"Lung and Bronchus","22030","Connecticut","09","70-74 years","70-74",6109
,"Lung and Bronchus","22030","Connecticut","09","75-79 years","75-79",6534
,"Lung and Bronchus","22030","Connecticut","09","80-84 years","80-84",5771
,"Lung and Bronchus","22030","Connecticut","09","85+ years","85+",5756
,"Lung and Bronchus","22030","Delaware","10","35-39 years","35-39",26
,"Lung and Bronchus","22030","Delaware","10","40-44 years","40-44",109
,"Lung and Bronchus","22030","Delaware","10","45-49 years","45-49",266
,"Lung and Bronchus","22030","Delaware","10","50-54 years","50-54",583
,"Lung and Bronchus","22030","Delaware","10","55-59 years","55-59",1007
,"Lung and Bronchus","22030","Delaware","10","60-64 years ","60-64",1437
,"Lung and Bronchus","22030","Delaware","10","65-69 years","65-69",1913
,"Lung and Bronchus","22030","Delaware","10","70-74 years","70-74",2135
,"Lung and Bronchus","22030","Delaware","10","75-79 years","75-79",2096
,"Lung and Bronchus","22030","Delaware","10","80-84 years","80-84",1616
,"Lung and Bronchus","22030","Delaware","10","85+ years","85+",1243
,"Lung and Bronchus","22030","District of Columbia","11","35-39 years","35-39",23
,"Lung and Bronchus","22030","District of Columbia","11","40-44 years","40-44",76
,"Lung and Bronchus","22030","District of Columbia","11","45-49 years","45-49",171
,"Lung and Bronchus","22030","District of Columbia","11","50-54 years","50-54",373
,"Lung and Bronchus","22030","District of Columbia","11","55-59 years","55-59",569
,"Lung and Bronchus","22030","District of Columbia","11","60-64 years ","60-64",700
,"Lung and Bronchus","22030","District of Columbia","11","65-69 years","65-69",755
,"Lung and Bronchus","22030","District of Columbia","11","70-74 years","70-74",845
,"Lung and Bronchus","22030","District of Columbia","11","75-79 years","75-79",838
,"Lung and Bronchus","22030","District of Columbia","11","80-84 years","80-84",653
,"Lung and Bronchus","22030","District of Columbia","11","85+ years","85+",686
,"Lung and Bronchus","22030","Florida","12","20-24 years","20-24",19
,"Lung and Bronchus","22030","Florida","12","25-29 years","25-29",56
,"Lung and Bronchus","22030","Florida","12","30-34 years","30-34",134
,"Lung and Bronchus","22030","Florida","12","35-39 years","35-39",546
,"Lung and Bronchus","22030","Florida","12","40-44 years","40-44",1934
,"Lung and Bronchus","22030","Florida","12","45-49 years","45-49",5240
,"Lung and Bronchus","22030","Florida","12","50-54 years","50-54",11058
,"Lung and Bronchus","22030","Florida","12","55-59 years","55-59",19752
,"Lung and Bronchus","22030","Florida","12","60-64 years ","60-64",29146
,"Lung and Bronchus","22030","Florida","12","65-69 years","65-69",38477
,"Lung and Bronchus","22030","Florida","12","70-74 years","70-74",45619
,"Lung and Bronchus","22030","Florida","12","75-79 years","75-79",45551
,"Lung and Bronchus","22030","Florida","12","80-84 years","80-84",37152
,"Lung and Bronchus","22030","Florida","12","85+ years","85+",33696
,"Lung and Bronchus","22030","Georgia","13","20-24 years","20-24",20
,"Lung and Bronchus","22030","Georgia","13","25-29 years","25-29",36
,"Lung and Bronchus","22030","Georgia","13","30-34 years","30-34",86
,"Lung and Bronchus","22030","Georgia","13","35-39 years","35-39",262
,"Lung and Bronchus","22030","Georgia","13","40-44 years","40-44",981
,"Lung and Bronchus","22030","Georgia","13","45-49 years","45-49",2572
,"Lung and Bronchus","22030","Georgia","13","50-54 years","50-54",5499
,"Lung and Bronchus","22030","Georgia","13","55-59 years","55-59",9531
,"Lung and Bronchus","22030","Georgia","13","60-64 years ","60-64",13362
,"Lung and Bronchus","22030","Georgia","13","65-69 years","65-69",16414
,"Lung and Bronchus","22030","Georgia","13","70-74 years","70-74",17299
,"Lung and Bronchus","22030","Georgia","13","75-79 years","75-79",15051
,"Lung and Bronchus","22030","Georgia","13","80-84 years","80-84",10862
,"Lung and Bronchus","22030","Georgia","13","85+ years","85+",8097
,"Lung and Bronchus","22030","Hawaii","15","35-39 years","35-39",33
,"Lung and Bronchus","22030","Hawaii","15","40-44 years","40-44",80
,"Lung and Bronchus","22030","Hawaii","15","45-49 years","45-49",236
,"Lung and Bronchus","22030","Hawaii","15","50-54 years","50-54",444
,"Lung and Bronchus","22030","Hawaii","15","55-59 years","55-59",855
,"Lung and Bronchus","22030","Hawaii","15","60-64 years ","60-64",1261
,"Lung and Bronchus","22030","Hawaii","15","65-69 years","65-69",1695
,"Lung and Bronchus","22030","Hawaii","15","70-74 years","70-74",1991
,"Lung and Bronchus","22030","Hawaii","15","75-79 years","75-79",2023
,"Lung and Bronchus","22030","Hawaii","15","80-84 years","80-84",1633
,"Lung and Bronchus","22030","Hawaii","15","85+ years","85+",1765
,"Lung and Bronchus","22030","Idaho","16","35-39 years","35-39",22
,"Lung and Bronchus","22030","Idaho","16","40-44 years","40-44",82
,"Lung and Bronchus","22030","Idaho","16","45-49 years","45-49",218
,"Lung and Bronchus","22030","Idaho","16","50-54 years","50-54",455
,"Lung and Bronchus","22030","Idaho","16","55-59 years","55-59",896
,"Lung and Bronchus","22030","Idaho","16","60-64 years ","60-64",1506
,"Lung and Bronchus","22030","Idaho","16","65-69 years","65-69",2087
,"Lung and Bronchus","22030","Idaho","16","70-74 years","70-74",2426
,"Lung and Bronchus","22030","Idaho","16","75-79 years","75-79",2437
,"Lung and Bronchus","22030","Idaho","16","80-84 years","80-84",1846
,"Lung and Bronchus","22030","Idaho","16","85+ years","85+",1639
,"Lung and Bronchus","22030","Illinois","17","25-29 years","25-29",32
,"Lung and Bronchus","22030","Illinois","17","30-34 years","30-34",108
,"Lung and Bronchus","22030","Illinois","17","35-39 years","35-39",319
,"Lung and Bronchus","22030","Illinois","17","40-44 years","40-44",1187
,"Lung and Bronchus","22030","Illinois","17","45-49 years","45-49",3134
,"Lung and Bronchus","22030","Illinois","17","50-54 years","50-54",6744
,"Lung and Bronchus","22030","Illinois","17","55-59 years","55-59",11999
,"Lung and Bronchus","22030","Illinois","17","60-64 years ","60-64",17243
,"Lung and Bronchus","22030","Illinois","17","65-69 years","65-69",22038
,"Lung and Bronchus","22030","Illinois","17","70-74 years","70-74",24912
,"Lung and Bronchus","22030","Illinois","17","75-79 years","75-79",24313
,"Lung and Bronchus","22030","Illinois","17","80-84 years","80-84",19857
,"Lung and Bronchus","22030","Illinois","17","85+ years","85+",16762
,"Lung and Bronchus","22030","Indiana","18","25-29 years","25-29",16
,"Lung and Bronchus","22030","Indiana","18","30-34 years","30-34",65
,"Lung and Bronchus","22030","Indiana","18","35-39 years","35-39",263
,"Lung and Bronchus","22030","Indiana","18","40-44 years","40-44",828
,"Lung and Bronchus","22030","Indiana","18","45-49 years","45-49",2190
,"Lung and Bronchus","22030","Indiana","18","50-54 years","50-54",4440
,"Lung and Bronchus","22030","Indiana","18","55-59 years","55-59",7618
,"Lung and Bronchus","22030","Indiana","18","60-64 years ","60-64",11084
,"Lung and Bronchus","22030","Indiana","18","65-69 years","65-69",13750
,"Lung and Bronchus","22030","Indiana","18","70-74 years","70-74",15627
,"Lung and Bronchus","22030","Indiana","18","75-79 years","75-79",14747
,"Lung and Bronchus","22030","Indiana","18","80-84 years","80-84",10854
,"Lung and Bronchus","22030","Indiana","18","85+ years","85+",8367
,"Lung and Bronchus","22030","Iowa","19","30-34 years","30-34",21
,"Lung and Bronchus","22030","Iowa","19","35-39 years","35-39",76
,"Lung and Bronchus","22030","Iowa","19","40-44 years","40-44",280
,"Lung and Bronchus","22030","Iowa","19","45-49 years","45-49",805
,"Lung and Bronchus","22030","Iowa","19","50-54 years","50-54",1648
,"Lung and Bronchus","22030","Iowa","19","55-59 years","55-59",2967
,"Lung and Bronchus","22030","Iowa","19","60-64 years ","60-64",4441
,"Lung and Bronchus","22030","Iowa","19","65-69 years","65-69",5711
,"Lung and Bronchus","22030","Iowa","19","70-74 years","70-74",6537
,"Lung and Bronchus","22030","Iowa","19","75-79 years","75-79",6498
,"Lung and Bronchus","22030","Iowa","19","80-84 years","80-84",5557
,"Lung and Bronchus","22030","Iowa","19","85+ years","85+",4672
,"Lung and Bronchus","22030","Kansas","20","30-34 years","30-34",23
,"Lung and Bronchus","22030","Kansas","20","35-39 years","35-39",71
,"Lung and Bronchus","22030","Kansas","20","40-44 years","40-44",272
,"Lung and Bronchus","22030","Kansas","20","45-49 years","45-49",668
,"Lung and Bronchus","22030","Kansas","20","50-54 years","50-54",1439
,"Lung and Bronchus","22030","Kansas","20","55-59 years","55-59",2600
,"Lung and Bronchus","22030","Kansas","20","60-64 years ","60-64",4008
,"Lung and Bronchus","22030","Kansas","20","65-69 years","65-69",5069
,"Lung and Bronchus","22030","Kansas","20","70-74 years","70-74",5671
,"Lung and Bronchus","22030","Kansas","20","75-79 years","75-79",5643
,"Lung and Bronchus","22030","Kansas","20","80-84 years","80-84",4597
,"Lung and Bronchus","22030","Kansas","20","85+ years","85+",4030
,"Lung and Bronchus","22030","Kentucky","21","25-29 years","25-29",16
,"Lung and Bronchus","22030","Kentucky","21","30-34 years","30-34",46
,"Lung and Bronchus","22030","Kentucky","21","35-39 years","35-39",213
,"Lung and Bronchus","22030","Kentucky","21","40-44 years","40-44",778
,"Lung and Bronchus","22030","Kentucky","21","45-49 years","45-49",1891
,"Lung and Bronchus","22030","Kentucky","21","50-54 years","50-54",4139
,"Lung and Bronchus","22030","Kentucky","21","55-59 years","55-59",7173
,"Lung and Bronchus","22030","Kentucky","21","60-64 years ","60-64",10257
,"Lung and Bronchus","22030","Kentucky","21","65-69 years","65-69",12492
,"Lung and Bronchus","22030","Kentucky","21","70-74 years","70-74",13363
,"Lung and Bronchus","22030","Kentucky","21","75-79 years","75-79",11734
,"Lung and Bronchus","22030","Kentucky","21","80-84 years","80-84",8086
,"Lung and Bronchus","22030","Kentucky","21","85+ years","85+",5743
,"Lung and Bronchus","22030","Louisiana","22","25-29 years","25-29",23
,"Lung and Bronchus","22030","Louisiana","22","30-34 years","30-34",47
,"Lung and Bronchus","22030","Louisiana","22","35-39 years","35-39",176
,"Lung and Bronchus","22030","Louisiana","22","40-44 years","40-44",633
,"Lung and Bronchus","22030","Louisiana","22","45-49 years","45-49",1654
,"Lung and Bronchus","22030","Louisiana","22","50-54 years","50-54",3450
,"Lung and Bronchus","22030","Louisiana","22","55-59 years","55-59",5788
,"Lung and Bronchus","22030","Louisiana","22","60-64 years ","60-64",7940
,"Lung and Bronchus","22030","Louisiana","22","65-69 years","65-69",9517
,"Lung and Bronchus","22030","Louisiana","22","70-74 years","70-74",10337
,"Lung and Bronchus","22030","Louisiana","22","75-79 years","75-79",9529
,"Lung and Bronchus","22030","Louisiana","22","80-84 years","80-84",7001
,"Lung and Bronchus","22030","Louisiana","22","85+ years","85+",5225
,"Lung and Bronchus","22030","Maine","23","35-39 years","35-39",51
,"Lung and Bronchus","22030","Maine","23","40-44 years","40-44",171
,"Lung and Bronchus","22030","Maine","23","45-49 years","45-49",493
,"Lung and Bronchus","22030","Maine","23","50-54 years","50-54",963
,"Lung and Bronchus","22030","Maine","23","55-59 years","55-59",1789
,"Lung and Bronchus","22030","Maine","23","60-64 years ","60-64",2522
,"Lung and Bronchus","22030","Maine","23","65-69 years","65-69",3130
,"Lung and Bronchus","22030","Maine","23","70-74 years","70-74",3413
,"Lung and Bronchus","22030","Maine","23","75-79 years","75-79",3478
,"Lung and Bronchus","22030","Maine","23","80-84 years","80-84",2841
,"Lung and Bronchus","22030","Maine","23","85+ years","85+",2365
,"Lung and Bronchus","22030","Maryland","24","25-29 years","25-29",22
,"Lung and Bronchus","22030","Maryland","24","30-34 years","30-34",43
,"Lung and Bronchus","22030","Maryland","24","35-39 years","35-39",170
,"Lung and Bronchus","22030","Maryland","24","40-44 years","40-44",565
,"Lung and Bronchus","22030","Maryland","24","45-49 years","45-49",1503
,"Lung and Bronchus","22030","Maryland","24","50-54 years","50-54",3062
,"Lung and Bronchus","22030","Maryland","24","55-59 years","55-59",5187
,"Lung and Bronchus","22030","Maryland","24","60-64 years ","60-64",7339
,"Lung and Bronchus","22030","Maryland","24","65-69 years","65-69",9025
,"Lung and Bronchus","22030","Maryland","24","70-74 years","70-74",10303
,"Lung and Bronchus","22030","Maryland","24","75-79 years","75-79",10080
,"Lung and Bronchus","22030","Maryland","24","80-84 years","80-84",8226
,"Lung and Bronchus","22030","Maryland","24","85+ years","85+",7147
,"Lung and Bronchus","22030","Massachusetts","25","25-29 years","25-29",23
,"Lung and Bronchus","22030","Massachusetts","25","30-34 years","30-34",60
,"Lung and Bronchus","22030","Massachusetts","25","35-39 years","35-39",178
,"Lung and Bronchus","22030","Massachusetts","25","40-44 years","40-44",623
,"Lung and Bronchus","22030","Massachusetts","25","45-49 years","45-49",1534
,"Lung and Bronchus","22030","Massachusetts","25","50-54 years","50-54",3327
,"Lung and Bronchus","22030","Massachusetts","25","55-59 years","55-59",5693
,"Lung and Bronchus","22030","Massachusetts","25","60-64 years ","60-64",8090
,"Lung and Bronchus","22030","Massachusetts","25","65-69 years","65-69",10587
,"Lung and Bronchus","22030","Massachusetts","25","70-74 years","70-74",12975
,"Lung and Bronchus","22030","Massachusetts","25","75-79 years","75-79",13269
,"Lung and Bronchus","22030","Massachusetts","25","80-84 years","80-84",11445
,"Lung and Bronchus","22030","Massachusetts","25","85+ years","85+",10418
,"Lung and Bronchus","22030","Michigan","26","25-29 years","25-29",22
,"Lung and Bronchus","22030","Michigan","26","30-34 years","30-34",88
,"Lung and Bronchus","22030","Michigan","26","35-39 years","35-39",307
,"Lung and Bronchus","22030","Michigan","26","40-44 years","40-44",1083
,"Lung and Bronchus","22030","Michigan","26","45-49 years","45-49",3132
,"Lung and Bronchus","22030","Michigan","26","50-54 years","50-54",6553
,"Lung and Bronchus","22030","Michigan","26","55-59 years","55-59",11102
,"Lung and Bronchus","22030","Michigan","26","60-64 years ","60-64",15712
,"Lung and Bronchus","22030","Michigan","26","65-69 years","65-69",19496
,"Lung and Bronchus","22030","Michigan","26","70-74 years","70-74",22095
,"Lung and Bronchus","22030","Michigan","26","75-79 years","75-79",21203
,"Lung and Bronchus","22030","Michigan","26","80-84 years","80-84",16451
,"Lung and Bronchus","22030","Michigan","26","85+ years","85+",13313
,"Lung and Bronchus","22030","Minnesota","27","30-34 years","30-34",23
,"Lung and Bronchus","22030","Minnesota","27","35-39 years","35-39",118
,"Lung and Bronchus","22030","Minnesota","27","40-44 years","40-44",371
,"Lung and Bronchus","22030","Minnesota","27","45-49 years","45-49",1054
,"Lung and Bronchus","22030","Minnesota","27","50-54 years","50-54",2243
,"Lung and Bronchus","22030","Minnesota","27","55-59 years","55-59",4021
,"Lung and Bronchus","22030","Minnesota","27","60-64 years ","60-64",6038
,"Lung and Bronchus","22030","Minnesota","27","65-69 years","65-69",7480
,"Lung and Bronchus","22030","Minnesota","27","70-74 years","70-74",8818
,"Lung and Bronchus","22030","Minnesota","27","75-79 years","75-79",8879
,"Lung and Bronchus","22030","Minnesota","27","80-84 years","80-84",7468
,"Lung and Bronchus","22030","Minnesota","27","85+ years","85+",6622
,"Lung and Bronchus","22030","Mississippi","28","25-29 years","25-29",16
,"Lung and Bronchus","22030","Mississippi","28","30-34 years","30-34",36
,"Lung and Bronchus","22030","Mississippi","28","35-39 years","35-39",130
,"Lung and Bronchus","22030","Mississippi","28","40-44 years","40-44",459
,"Lung and Bronchus","22030","Mississippi","28","45-49 years","45-49",1198
,"Lung and Bronchus","22030","Mississippi","28","50-54 years","50-54",2346
,"Lung and Bronchus","22030","Mississippi","28","55-59 years","55-59",4233
,"Lung and Bronchus","22030","Mississippi","28","60-64 years ","60-64",5705
,"Lung and Bronchus","22030","Mississippi","28","65-69 years","65-69",6965
,"Lung and Bronchus","22030","Mississippi","28","70-74 years","70-74",7526
,"Lung and Bronchus","22030","Mississippi","28","75-79 years","75-79",6732
,"Lung and Bronchus","22030","Mississippi","28","80-84 years","80-84",4824
,"Lung and Bronchus","22030","Mississippi","28","85+ years","85+",3568
,"Lung and Bronchus","22030","Missouri","29","30-34 years","30-34",43
,"Lung and Bronchus","22030","Missouri","29","35-39 years","35-39",208
,"Lung and Bronchus","22030","Missouri","29","40-44 years","40-44",698
,"Lung and Bronchus","22030","Missouri","29","45-49 years","45-49",1970
,"Lung and Bronchus","22030","Missouri","29","50-54 years","50-54",4110
,"Lung and Bronchus","22030","Missouri","29","55-59 years","55-59",7389
,"Lung and Bronchus","22030","Missouri","29","60-64 years ","60-64",10654
,"Lung and Bronchus","22030","Missouri","29","65-69 years","65-69",13633
,"Lung and Bronchus","22030","Missouri","29","70-74 years","70-74",15082
,"Lung and Bronchus","22030","Missouri","29","75-79 years","75-79",14135
,"Lung and Bronchus","22030","Missouri","29","80-84 years","80-84",10695
,"Lung and Bronchus","22030","Missouri","29","85+ years","85+",8524
,"Lung and Bronchus","22030","Montana","30","40-44 years","40-44",56
,"Lung and Bronchus","22030","Montana","30","45-49 years","45-49",173
,"Lung and Bronchus","22030","Montana","30","50-54 years","50-54",407
,"Lung and Bronchus","22030","Montana","30","55-59 years","55-59",802
,"Lung and Bronchus","22030","Montana","30","60-64 years ","60-64",1241
,"Lung and Bronchus","22030","Montana","30","65-69 years","65-69",1702
,"Lung and Bronchus","22030","Montana","30","70-74 years","70-74",2079
,"Lung and Bronchus","22030","Montana","30","75-79 years","75-79",2101
,"Lung and Bronchus","22030","Montana","30","80-84 years","80-84",1629
,"Lung and Bronchus","22030","Montana","30","85+ years","85+",1426
,"Lung and Bronchus","22030","Nebraska","31","35-39 years","35-39",45
,"Lung and Bronchus","22030","Nebraska","31","40-44 years","40-44",155
,"Lung and Bronchus","22030","Nebraska","31","45-49 years","45-49",373
,"Lung and Bronchus","22030","Nebraska","31","50-54 years","50-54",822
,"Lung and Bronchus","22030","Nebraska","31","55-59 years","55-59",1507
,"Lung and Bronchus","22030","Nebraska","31","60-64 years ","60-64",2185
,"Lung and Bronchus","22030","Nebraska","31","65-69 years","65-69",2888
,"Lung and Bronchus","22030","Nebraska","31","70-74 years","70-74",3425
,"Lung and Bronchus","22030","Nebraska","31","75-79 years","75-79",3505
,"Lung and Bronchus","22030","Nebraska","31","80-84 years","80-84",2734
,"Lung and Bronchus","22030","Nebraska","31","85+ years","85+",2390
,"Lung and Bronchus","22030","Nevada","32","30-34 years","30-34",17
,"Lung and Bronchus","22030","Nevada","32","35-39 years","35-39",39
,"Lung and Bronchus","22030","Nevada","32","40-44 years","40-44",174
,"Lung and Bronchus","22030","Nevada","32","45-49 years","45-49",462
,"Lung and Bronchus","22030","Nevada","32","50-54 years","50-54",1072
,"Lung and Bronchus","22030","Nevada","32","55-59 years","55-59",2091
,"Lung and Bronchus","22030","Nevada","32","60-64 years ","60-64",3420
,"Lung and Bronchus","22030","Nevada","32","65-69 years","65-69",4856
,"Lung and Bronchus","22030","Nevada","32","70-74 years","70-74",5388
,"Lung and Bronchus","22030","Nevada","32","75-79 years","75-79",5075
,"Lung and Bronchus","22030","Nevada","32","80-84 years","80-84",3804
,"Lung and Bronchus","22030","Nevada","32","85+ years","85+",2686
,"Lung and Bronchus","22030","New Hampshire","33","35-39 years","35-39",42
,"Lung and Bronchus","22030","New Hampshire","33","40-44 years","40-44",169
,"Lung and Bronchus","22030","New Hampshire","33","45-49 years","45-49",373
,"Lung and Bronchus","22030","New Hampshire","33","50-54 years","50-54",755
,"Lung and Bronchus","22030","New Hampshire","33","55-59 years","55-59",1326
,"Lung and Bronchus","22030","New Hampshire","33","60-64 years ","60-64",1895
,"Lung and Bronchus","22030","New Hampshire","33","65-69 years","65-69",2461
,"Lung and Bronchus","22030","New Hampshire","33","70-74 years","70-74",2755
,"Lung and Bronchus","22030","New Hampshire","33","75-79 years","75-79",2706
,"Lung and Bronchus","22030","New Hampshire","33","80-84 years","80-84",2037
,"Lung and Bronchus","22030","New Hampshire","33","85+ years","85+",1772
,"Lung and Bronchus","22030","New Jersey","34","25-29 years","25-29",32
,"Lung and Bronchus","22030","New Jersey","34","30-34 years","30-34",66
,"Lung and Bronchus","22030","New Jersey","34","35-39 years","35-39",257
,"Lung and Bronchus","22030","New Jersey","34","40-44 years","40-44",744
,"Lung and Bronchus","22030","New Jersey","34","45-49 years","45-49",1898
,"Lung and Bronchus","22030","New Jersey","34","50-54 years","50-54",3880
,"Lung and Bronchus","22030","New Jersey","34","55-59 years","55-59",6952
,"Lung and Bronchus","22030","New Jersey","34","60-64 years ","60-64",10107
,"Lung and Bronchus","22030","New Jersey","34","65-69 years","65-69",12541
,"Lung and Bronchus","22030","New Jersey","34","70-74 years","70-74",15240
,"Lung and Bronchus","22030","New Jersey","34","75-79 years","75-79",15873
,"Lung and Bronchus","22030","New Jersey","34","80-84 years","80-84",13759
,"Lung and Bronchus","22030","New Jersey","34","85+ years","85+",12380
,"Lung and Bronchus","22030","New Mexico","35","35-39 years","35-39",26
,"Lung and Bronchus","22030","New Mexico","35","40-44 years","40-44",87
,"Lung and Bronchus","22030","New Mexico","35","45-49 years","45-49",222
,"Lung and Bronchus","22030","New Mexico","35","50-54 years","50-54",539
,"Lung and Bronchus","22030","New Mexico","35","55-59 years","55-59",1081
,"Lung and Bronchus","22030","New Mexico","35","60-64 years ","60-64",1650
,"Lung and Bronchus","22030","New Mexico","35","65-69 years","65-69",2379
,"Lung and Bronchus","22030","New Mexico","35","70-74 years","70-74",2883
,"Lung and Bronchus","22030","New Mexico","35","75-79 years","75-79",2865
,"Lung and Bronchus","22030","New Mexico","35","80-84 years","80-84",2261
,"Lung and Bronchus","22030","New Mexico","35","85+ years","85+",1969
,"Lung and Bronchus","22030","New York","36","20-24 years","20-24",29
,"Lung and Bronchus","22030","New York","36","25-29 years","25-29",59
,"Lung and Bronchus","22030","New York","36","30-34 years","30-34",163
,"Lung and Bronchus","22030","New York","36","35-39 years","35-39",555
,"Lung and Bronchus","22030","New York","36","40-44 years","40-44",1839
,"Lung and Bronchus","22030","New York","36","45-49 years","45-49",4580
,"Lung and Bronchus","22030","New York","36","50-54 years","50-54",9465
,"Lung and Bronchus","22030","New York","36","55-59 years","55-59",16165
,"Lung and Bronchus","22030","New York","36","60-64 years ","60-64",22500
,"Lung and Bronchus","22030","New York","36","65-69 years","65-69",28195
,"Lung and Bronchus","22030","New York","36","70-74 years","70-74",32306
,"Lung and Bronchus","22030","New York","36","75-79 years","75-79",32892
,"Lung and Bronchus","22030","New York","36","80-84 years","80-84",27338
,"Lung and Bronchus","22030","New York","36","85+ years","85+",25403
,"Lung and Bronchus","22030","North Carolina","37","25-29 years","25-29",16
,"Lung and Bronchus","22030","North Carolina","37","30-34 years","30-34",86
,"Lung and Bronchus","22030","North Carolina","37","35-39 years","35-39",297
,"Lung and Bronchus","22030","North Carolina","37","40-44 years","40-44",1064
,"Lung and Bronchus","22030","North Carolina","37","45-49 years","45-49",2810
,"Lung and Bronchus","22030","North Carolina","37","50-54 years","50-54",5946
,"Lung and Bronchus","22030","North Carolina","37","55-59 years","55-59",10467
,"Lung and Bronchus","22030","North Carolina","37","60-64 years ","60-64",15330
,"Lung and Bronchus","22030","North Carolina","37","65-69 years","65-69",19218
,"Lung and Bronchus","22030","North Carolina","37","70-74 years","70-74",21231
,"Lung and Bronchus","22030","North Carolina","37","75-79 years","75-79",19405
,"Lung and Bronchus","22030","North Carolina","37","80-84 years","80-84",13865
,"Lung and Bronchus","22030","North Carolina","37","85+ years","85+",10472
,"Lung and Bronchus","22030","North Dakota","38","40-44 years","40-44",45
,"Lung and Bronchus","22030","North Dakota","38","45-49 years","45-49",113
,"Lung and Bronchus","22030","North Dakota","38","50-54 years","50-54",264
,"Lung and Bronchus","22030","North Dakota","38","55-59 years","55-59",496
,"Lung and Bronchus","22030","North Dakota","38","60-64 years ","60-64",789
,"Lung and Bronchus","22030","North Dakota","38","65-69 years","65-69",1083
,"Lung and Bronchus","22030","North Dakota","38","70-74 years","70-74",1225
,"Lung and Bronchus","22030","North Dakota","38","75-79 years","75-79",1252
,"Lung and Bronchus","22030","North Dakota","38","80-84 years","80-84",1052
,"Lung and Bronchus","22030","North Dakota","38","85+ years","85+",958
,"Lung and Bronchus","22030","Ohio","39","25-29 years","25-29",27
,"Lung and Bronchus","22030","Ohio","39","30-34 years","30-34",110
,"Lung and Bronchus","22030","Ohio","39","35-39 years","35-39",394
,"Lung and Bronchus","22030","Ohio","39","40-44 years","40-44",1543
,"Lung and Bronchus","22030","Ohio","39","45-49 years","45-49",3975
,"Lung and Bronchus","22030","Ohio","39","50-54 years","50-54",8169
,"Lung and Bronchus","22030","Ohio","39","55-59 years","55-59",14038
,"Lung and Bronchus","22030","Ohio","39","60-64 years ","60-64",19886
,"Lung and Bronchus","22030","Ohio","39","65-69 years","65-69",24468
,"Lung and Bronchus","22030","Ohio","39","70-74 years","70-74",27853
,"Lung and Bronchus","22030","Ohio","39","75-79 years","75-79",26841
,"Lung and Bronchus","22030","Ohio","39","80-84 years","80-84",20707
,"Lung and Bronchus","22030","Ohio","39","85+ years","85+",16444
,"Lung and Bronchus","22030","Oklahoma","40","30-34 years","30-34",33
,"Lung and Bronchus","22030","Oklahoma","40","35-39 years","35-39",128
,"Lung and Bronchus","22030","Oklahoma","40","40-44 years","40-44",397
,"Lung and Bronchus","22030","Oklahoma","40","45-49 years","45-49",1160
,"Lung and Bronchus","22030","Oklahoma","40","50-54 years","50-54",2588
,"Lung and Bronchus","22030","Oklahoma","40","55-59 years","55-59",4695
,"Lung and Bronchus","22030","Oklahoma","40","60-64 years ","60-64",6877
,"Lung and Bronchus","22030","Oklahoma","40","65-69 years","65-69",8554
,"Lung and Bronchus","22030","Oklahoma","40","70-74 years","70-74",9501
,"Lung and Bronchus","22030","Oklahoma","40","75-79 years","75-79",9025
,"Lung and Bronchus","22030","Oklahoma","40","80-84 years","80-84",6285
,"Lung and Bronchus","22030","Oklahoma","40","85+ years","85+",4821
,"Lung and Bronchus","22030","Oregon","41","30-34 years","30-34",16
,"Lung and Bronchus","22030","Oregon","41","35-39 years","35-39",86
,"Lung and Bronchus","22030","Oregon","41","40-44 years","40-44",243
,"Lung and Bronchus","22030","Oregon","41","45-49 years","45-49",786
,"Lung and Bronchus","22030","Oregon","41","50-54 years","50-54",1653
,"Lung and Bronchus","22030","Oregon","41","55-59 years","55-59",3142
,"Lung and Bronchus","22030","Oregon","41","60-64 years ","60-64",5115
,"Lung and Bronchus","22030","Oregon","41","65-69 years","65-69",6806
,"Lung and Bronchus","22030","Oregon","41","70-74 years","70-74",7880
,"Lung and Bronchus","22030","Oregon","41","75-79 years","75-79",7775
,"Lung and Bronchus","22030","Oregon","41","80-84 years","80-84",6495
,"Lung and Bronchus","22030","Oregon","41","85+ years","85+",5628
,"Lung and Bronchus","22030","Pennsylvania","42","25-29 years","25-29",30
,"Lung and Bronchus","22030","Pennsylvania","42","30-34 years","30-34",92
,"Lung and Bronchus","22030","Pennsylvania","42","35-39 years","35-39",361
,"Lung and Bronchus","22030","Pennsylvania","42","40-44 years","40-44",1312
,"Lung and Bronchus","22030","Pennsylvania","42","45-49 years","45-49",3488
,"Lung and Bronchus","22030","Pennsylvania","42","50-54 years","50-54",7432
,"Lung and Bronchus","22030","Pennsylvania","42","55-59 years","55-59",13037
,"Lung and Bronchus","22030","Pennsylvania","42","60-64 years ","60-64",19068
,"Lung and Bronchus","22030","Pennsylvania","42","65-69 years","65-69",24494
,"Lung and Bronchus","22030","Pennsylvania","42","70-74 years","70-74",28754
,"Lung and Bronchus","22030","Pennsylvania","42","75-79 years","75-79",29400
,"Lung and Bronchus","22030","Pennsylvania","42","80-84 years","80-84",24439
,"Lung and Bronchus","22030","Pennsylvania","42","85+ years","85+",21349
,"Lung and Bronchus","22030","Rhode Island","44","35-39 years","35-39",30
,"Lung and Bronchus","22030","Rhode Island","44","40-44 years","40-44",136
,"Lung and Bronchus","22030","Rhode Island","44","45-49 years","45-49",309
,"Lung and Bronchus","22030","Rhode Island","44","50-54 years","50-54",624
,"Lung and Bronchus","22030","Rhode Island","44","55-59 years","55-59",1013
,"Lung and Bronchus","22030","Rhode Island","44","60-64 years ","60-64",1507
,"Lung and Bronchus","22030","Rhode Island","44","65-69 years","65-69",1841
,"Lung and Bronchus","22030","Rhode Island","44","70-74 years","70-74",2264
,"Lung and Bronchus","22030","Rhode Island","44","75-79 years","75-79",2338
,"Lung and Bronchus","22030","Rhode Island","44","80-84 years","80-84",2060
,"Lung and Bronchus","22030","Rhode Island","44","85+ years","85+",1999
,"Lung and Bronchus","22030","South Carolina","45","30-34 years","30-34",38
,"Lung and Bronchus","22030","South Carolina","45","35-39 years","35-39",170
,"Lung and Bronchus","22030","South Carolina","45","40-44 years","40-44",547
,"Lung and Bronchus","22030","South Carolina","45","45-49 years","45-49",1471
,"Lung and Bronchus","22030","South Carolina","45","50-54 years","50-54",3247
,"Lung and Bronchus","22030","South Carolina","45","55-59 years","55-59",5790
,"Lung and Bronchus","22030","South Carolina","45","60-64 years ","60-64",8035
,"Lung and Bronchus","22030","South Carolina","45","65-69 years","65-69",9969
,"Lung and Bronchus","22030","South Carolina","45","70-74 years","70-74",10859
,"Lung and Bronchus","22030","South Carolina","45","75-79 years","75-79",9598
,"Lung and Bronchus","22030","South Carolina","45","80-84 years","80-84",6705
,"Lung and Bronchus","22030","South Carolina","45","85+ years","85+",4950
,"Lung and Bronchus","22030","South Dakota","46","40-44 years","40-44",48
,"Lung and Bronchus","22030","South Dakota","46","45-49 years","45-49",148
,"Lung and Bronchus","22030","South Dakota","46","50-54 years","50-54",334
,"Lung and Bronchus","22030","South Dakota","46","55-59 years","55-59",722
,"Lung and Bronchus","22030","South Dakota","46","60-64 years ","60-64",1065
,"Lung and Bronchus","22030","South Dakota","46","65-69 years","65-69",1309
,"Lung and Bronchus","22030","South Dakota","46","70-74 years","70-74",1595
,"Lung and Bronchus","22030","South Dakota","46","75-79 years","75-79",1669
,"Lung and Bronchus","22030","South Dakota","46","80-84 years","80-84",1437
,"Lung and Bronchus","22030","South Dakota","46","85+ years","85+",1283
,"Lung and Bronchus","22030","Tennessee","47","25-29 years","25-29",22
,"Lung and Bronchus","22030","Tennessee","47","30-34 years","30-34",63
,"Lung and Bronchus","22030","Tennessee","47","35-39 years","35-39",224
,"Lung and Bronchus","22030","Tennessee","47","40-44 years","40-44",958
,"Lung and Bronchus","22030","Tennessee","47","45-49 years","45-49",2428
,"Lung and Bronchus","22030","Tennessee","47","50-54 years","50-54",5176
,"Lung and Bronchus","22030","Tennessee","47","55-59 years","55-59",9011
,"Lung and Bronchus","22030","Tennessee","47","60-64 years ","60-64",12739
,"Lung and Bronchus","22030","Tennessee","47","65-69 years","65-69",15855
,"Lung and Bronchus","22030","Tennessee","47","70-74 years","70-74",16896
,"Lung and Bronchus","22030","Tennessee","47","75-79 years","75-79",14801
,"Lung and Bronchus","22030","Tennessee","47","80-84 years","80-84",10459
,"Lung and Bronchus","22030","Tennessee","47","85+ years","85+",7575
,"Lung and Bronchus","22030","Texas","48","20-24 years","20-24",31
,"Lung and Bronchus","22030","Texas","48","25-29 years","25-29",74
,"Lung and Bronchus","22030","Texas","48","30-34 years","30-34",182
,"Lung and Bronchus","22030","Texas","48","35-39 years","35-39",518
,"Lung and Bronchus","22030","Texas","48","40-44 years","40-44",1851
,"Lung and Bronchus","22030","Texas","48","45-49 years","45-49",4546
,"Lung and Bronchus","22030","Texas","48","50-54 years","50-54",9922
,"Lung and Bronchus","22030","Texas","48","55-59 years","55-59",17809
,"Lung and Bronchus","22030","Texas","48","60-64 years ","60-64",26061
,"Lung and Bronchus","22030","Texas","48","65-69 years","65-69",33205
,"Lung and Bronchus","22030","Texas","48","70-74 years","70-74",37334
,"Lung and Bronchus","22030","Texas","48","75-79 years","75-79",35716
,"Lung and Bronchus","22030","Texas","48","80-84 years","80-84",26721
,"Lung and Bronchus","22030","Texas","48","85+ years","85+",21510
,"Lung and Bronchus","22030","Utah","49","35-39 years","35-39",22
,"Lung and Bronchus","22030","Utah","49","40-44 years","40-44",96
,"Lung and Bronchus","22030","Utah","49","45-49 years","45-49",192
,"Lung and Bronchus","22030","Utah","49","50-54 years","50-54",442
,"Lung and Bronchus","22030","Utah","49","55-59 years","55-59",752
,"Lung and Bronchus","22030","Utah","49","60-64 years ","60-64",1194
,"Lung and Bronchus","22030","Utah","49","65-69 years","65-69",1483
,"Lung and Bronchus","22030","Utah","49","70-74 years","70-74",1704
,"Lung and Bronchus","22030","Utah","49","75-79 years","75-79",1677
,"Lung and Bronchus","22030","Utah","49","80-84 years","80-84",1329
,"Lung and Bronchus","22030","Utah","49","85+ years","85+",1082
,"Lung and Bronchus","22030","Vermont","50","35-39 years","35-39",22
,"Lung and Bronchus","22030","Vermont","50","40-44 years","40-44",84
,"Lung and Bronchus","22030","Vermont","50","45-49 years","45-49",205
,"Lung and Bronchus","22030","Vermont","50","50-54 years","50-54",393
,"Lung and Bronchus","22030","Vermont","50","55-59 years","55-59",637
,"Lung and Bronchus","22030","Vermont","50","60-64 years ","60-64",958
,"Lung and Bronchus","22030","Vermont","50","65-69 years","65-69",1192
,"Lung and Bronchus","22030","Vermont","50","70-74 years","70-74",1304
,"Lung and Bronchus","22030","Vermont","50","75-79 years","75-79",1293
,"Lung and Bronchus","22030","Vermont","50","80-84 years","80-84",1019
,"Lung and Bronchus","22030","Vermont","50","85+ years","85+",895
,"Lung and Bronchus","22030","Virginia","51","25-29 years","25-29",21
,"Lung and Bronchus","22030","Virginia","51","30-34 years","30-34",50
,"Lung and Bronchus","22030","Virginia","51","35-39 years","35-39",227
,"Lung and Bronchus","22030","Virginia","51","40-44 years","40-44",744
,"Lung and Bronchus","22030","Virginia","51","45-49 years","45-49",2035
,"Lung and Bronchus","22030","Virginia","51","50-54 years","50-54",4391
,"Lung and Bronchus","22030","Virginia","51","55-59 years","55-59",7416
,"Lung and Bronchus","22030","Virginia","51","60-64 years ","60-64",10738
,"Lung and Bronchus","22030","Virginia","51","65-69 years","65-69",13745
,"Lung and Bronchus","22030","Virginia","51","70-74 years","70-74",14954
,"Lung and Bronchus","22030","Virginia","51","75-79 years","75-79",14449
,"Lung and Bronchus","22030","Virginia","51","80-84 years","80-84",11144
,"Lung and Bronchus","22030","Virginia","51","85+ years","85+",9158
,"Lung and Bronchus","22030","Washington","53","25-29 years","25-29",17
,"Lung and Bronchus","22030","Washington","53","30-34 years","30-34",46
,"Lung and Bronchus","22030","Washington","53","35-39 years","35-39",149
,"Lung and Bronchus","22030","Washington","53","40-44 years","40-44",470
,"Lung and Bronchus","22030","Washington","53","45-49 years","45-49",1254
,"Lung and Bronchus","22030","Washington","53","50-54 years","50-54",2855
,"Lung and Bronchus","22030","Washington","53","55-59 years","55-59",5088
,"Lung and Bronchus","22030","Washington","53","60-64 years ","60-64",8001
,"Lung and Bronchus","22030","Washington","53","65-69 years","65-69",10114
,"Lung and Bronchus","22030","Washington","53","70-74 years","70-74",11809
,"Lung and Bronchus","22030","Washington","53","75-79 years","75-79",11691
,"Lung and Bronchus","22030","Washington","53","80-84 years","80-84",9669
,"Lung and Bronchus","22030","Washington","53","85+ years","85+",8641
,"Lung and Bronchus","22030","West Virginia","54","30-34 years","30-34",32
,"Lung and Bronchus","22030","West Virginia","54","35-39 years","35-39",91
,"Lung and Bronchus","22030","West Virginia","54","40-44 years","40-44",304
,"Lung and Bronchus","22030","West Virginia","54","45-49 years","45-49",767
,"Lung and Bronchus","22030","West Virginia","54","50-54 years","50-54",1638
,"Lung and Bronchus","22030","West Virginia","54","55-59 years","55-59",2944
,"Lung and Bronchus","22030","West Virginia","54","60-64 years ","60-64",4324
,"Lung and Bronchus","22030","West Virginia","54","65-69 years","65-69",5391
,"Lung and Bronchus","22030","West Virginia","54","70-74 years","70-74",5976
,"Lung and Bronchus","22030","West Virginia","54","75-79 years","75-79",5510
,"Lung and Bronchus","22030","West Virginia","54","80-84 years","80-84",4030
,"Lung and Bronchus","22030","West Virginia","54","85+ years","85+",2819
,"Lung and Bronchus","22030","Wisconsin","55","30-34 years","30-34",34
,"Lung and Bronchus","22030","Wisconsin","55","35-39 years","35-39",137
,"Lung and Bronchus","22030","Wisconsin","55","40-44 years","40-44",495
,"Lung and Bronchus","22030","Wisconsin","55","45-49 years","45-49",1235
,"Lung and Bronchus","22030","Wisconsin","55","50-54 years","50-54",2791
,"Lung and Bronchus","22030","Wisconsin","55","55-59 years","55-59",5067
,"Lung and Bronchus","22030","Wisconsin","55","60-64 years ","60-64",7309
,"Lung and Bronchus","22030","Wisconsin","55","65-69 years","65-69",9491
,"Lung and Bronchus","22030","Wisconsin","55","70-74 years","70-74",10917
,"Lung and Bronchus","22030","Wisconsin","55","75-79 years","75-79",10722
,"Lung and Bronchus","22030","Wisconsin","55","80-84 years","80-84",8836
,"Lung and Bronchus","22030","Wisconsin","55","85+ years","85+",7743
,"Lung and Bronchus","22030","Wyoming","56","40-44 years","40-44",34
,"Lung and Bronchus","22030","Wyoming","56","45-49 years","45-49",77
,"Lung and Bronchus","22030","Wyoming","56","50-54 years","50-54",189
,"Lung and Bronchus","22030","Wyoming","56","55-59 years","55-59",355
,"Lung and Bronchus","22030","Wyoming","56","60-64 years ","60-64",643
,"Lung and Bronchus","22030","Wyoming","56","65-69 years","65-69",791
,"Lung and Bronchus","22030","Wyoming","56","70-74 years","70-74",942
,"Lung and Bronchus","22030","Wyoming","56","75-79 years","75-79",861
,"Lung and Bronchus","22030","Wyoming","56","80-84 years","80-84",719
,"Lung and Bronchus","22030","Wyoming","56","85+ years","85+",608
,"Melanoma of the Skin","25010","Alabama","01","25-29 years","25-29",20
,"Melanoma of the Skin","25010","Alabama","01","30-34 years","30-34",32
,"Melanoma of the Skin","25010","Alabama","01","35-39 years","35-39",66
,"Melanoma of the Skin","25010","Alabama","01","40-44 years","40-44",127
,"Melanoma of the Skin","25010","Alabama","01","45-49 years","45-49",151
,"Melanoma of the Skin","25010","Alabama","01","50-54 years","50-54",246
,"Melanoma of the Skin","25010","Alabama","01","55-59 years","55-59",283
,"Melanoma of the Skin","25010","Alabama","01","60-64 years ","60-64",352
,"Melanoma of the Skin","25010","Alabama","01","65-69 years","65-69",391
,"Melanoma of the Skin","25010","Alabama","01","70-74 years","70-74",404
,"Melanoma of the Skin","25010","Alabama","01","75-79 years","75-79",379
,"Melanoma of the Skin","25010","Alabama","01","80-84 years","80-84",335
,"Melanoma of the Skin","25010","Alabama","01","85+ years","85+",356
,"Melanoma of the Skin","25010","Alaska","02","45-49 years","45-49",20
,"Melanoma of the Skin","25010","Alaska","02","50-54 years","50-54",20
,"Melanoma of the Skin","25010","Alaska","02","55-59 years","55-59",24
,"Melanoma of the Skin","25010","Alaska","02","60-64 years ","60-64",38
,"Melanoma of the Skin","25010","Alaska","02","65-69 years","65-69",34
,"Melanoma of the Skin","25010","Alaska","02","70-74 years","70-74",29
,"Melanoma of the Skin","25010","Alaska","02","75-79 years","75-79",20
,"Melanoma of the Skin","25010","Alaska","02","80-84 years","80-84",25
,"Melanoma of the Skin","25010","Alaska","02","85+ years","85+",19
,"Melanoma of the Skin","25010","Arizona","04","25-29 years","25-29",30
,"Melanoma of the Skin","25010","Arizona","04","30-34 years","30-34",62
,"Melanoma of the Skin","25010","Arizona","04","35-39 years","35-39",81
,"Melanoma of the Skin","25010","Arizona","04","40-44 years","40-44",124
,"Melanoma of the Skin","25010","Arizona","04","45-49 years","45-49",218
,"Melanoma of the Skin","25010","Arizona","04","50-54 years","50-54",277
,"Melanoma of the Skin","25010","Arizona","04","55-59 years","55-59",364
,"Melanoma of the Skin","25010","Arizona","04","60-64 years ","60-64",424
,"Melanoma of the Skin","25010","Arizona","04","65-69 years","65-69",528
,"Melanoma of the Skin","25010","Arizona","04","70-74 years","70-74",520
,"Melanoma of the Skin","25010","Arizona","04","75-79 years","75-79",584
,"Melanoma of the Skin","25010","Arizona","04","80-84 years","80-84",518
,"Melanoma of the Skin","25010","Arizona","04","85+ years","85+",609
,"Melanoma of the Skin","25010","Arkansas","05","30-34 years","30-34",34
,"Melanoma of the Skin","25010","Arkansas","05","35-39 years","35-39",24
,"Melanoma of the Skin","25010","Arkansas","05","40-44 years","40-44",56
,"Melanoma of the Skin","25010","Arkansas","05","45-49 years","45-49",90
,"Melanoma of the Skin","25010","Arkansas","05","50-54 years","50-54",126
,"Melanoma of the Skin","25010","Arkansas","05","55-59 years","55-59",165
,"Melanoma of the Skin","25010","Arkansas","05","60-64 years ","60-64",188
,"Melanoma of the Skin","25010","Arkansas","05","65-69 years","65-69",212
,"Melanoma of the Skin","25010","Arkansas","05","70-74 years","70-74",247
,"Melanoma of the Skin","25010","Arkansas","05","75-79 years","75-79",234
,"Melanoma of the Skin","25010","Arkansas","05","80-84 years","80-84",216
,"Melanoma of the Skin","25010","Arkansas","05","85+ years","85+",221
,"Melanoma of the Skin","25010","California","06","15-19 years","15-19",19
,"Melanoma of the Skin","25010","California","06","20-24 years","20-24",69
,"Melanoma of the Skin","25010","California","06","25-29 years","25-29",134
,"Melanoma of the Skin","25010","California","06","30-34 years","30-34",239
,"Melanoma of the Skin","25010","California","06","35-39 years","35-39",398
,"Melanoma of the Skin","25010","California","06","40-44 years","40-44",647
,"Melanoma of the Skin","25010","California","06","45-49 years","45-49",969
,"Melanoma of the Skin","25010","California","06","50-54 years","50-54",1327
,"Melanoma of the Skin","25010","California","06","55-59 years","55-59",1772
,"Melanoma of the Skin","25010","California","06","60-64 years ","60-64",1964
,"Melanoma of the Skin","25010","California","06","65-69 years","65-69",2130
,"Melanoma of the Skin","25010","California","06","70-74 years","70-74",2237
,"Melanoma of the Skin","25010","California","06","75-79 years","75-79",2384
,"Melanoma of the Skin","25010","California","06","80-84 years","80-84",2275
,"Melanoma of the Skin","25010","California","06","85+ years","85+",3152
,"Melanoma of the Skin","25010","Colorado","08","25-29 years","25-29",23
,"Melanoma of the Skin","25010","Colorado","08","30-34 years","30-34",65
,"Melanoma of the Skin","25010","Colorado","08","35-39 years","35-39",79
,"Melanoma of the Skin","25010","Colorado","08","40-44 years","40-44",97
,"Melanoma of the Skin","25010","Colorado","08","45-49 years","45-49",191
,"Melanoma of the Skin","25010","Colorado","08","50-54 years","50-54",227
,"Melanoma of the Skin","25010","Colorado","08","55-59 years","55-59",347
,"Melanoma of the Skin","25010","Colorado","08","60-64 years ","60-64",375
,"Melanoma of the Skin","25010","Colorado","08","65-69 years","65-69",334
,"Melanoma of the Skin","25010","Colorado","08","70-74 years","70-74",387
,"Melanoma of the Skin","25010","Colorado","08","75-79 years","75-79",352
,"Melanoma of the Skin","25010","Colorado","08","80-84 years","80-84",343
,"Melanoma of the Skin","25010","Colorado","08","85+ years","85+",480
,"Melanoma of the Skin","25010","Connecticut","09","30-34 years","30-34",17
,"Melanoma of the Skin","25010","Connecticut","09","35-39 years","35-39",25
,"Melanoma of the Skin","25010","Connecticut","09","40-44 years","40-44",69
,"Melanoma of the Skin","25010","Connecticut","09","45-49 years","45-49",95
,"Melanoma of the Skin","25010","Connecticut","09","50-54 years","50-54",149
,"Melanoma of the Skin","25010","Connecticut","09","55-59 years","55-59",192
,"Melanoma of the Skin","25010","Connecticut","09","60-64 years ","60-64",214
,"Melanoma of the Skin","25010","Connecticut","09","65-69 years","65-69",235
,"Melanoma of the Skin","25010","Connecticut","09","70-74 years","70-74",267
,"Melanoma of the Skin","25010","Connecticut","09","75-79 years","75-79",291
,"Melanoma of the Skin","25010","Connecticut","09","80-84 years","80-84",319
,"Melanoma of the Skin","25010","Connecticut","09","85+ years","85+",404
,"Melanoma of the Skin","25010","Delaware","10","40-44 years","40-44",18
,"Melanoma of the Skin","25010","Delaware","10","45-49 years","45-49",23
,"Melanoma of the Skin","25010","Delaware","10","50-54 years","50-54",46
,"Melanoma of the Skin","25010","Delaware","10","55-59 years","55-59",61
,"Melanoma of the Skin","25010","Delaware","10","60-64 years ","60-64",66
,"Melanoma of the Skin","25010","Delaware","10","65-69 years","65-69",93
,"Melanoma of the Skin","25010","Delaware","10","70-74 years","70-74",92
,"Melanoma of the Skin","25010","Delaware","10","75-79 years","75-79",81
,"Melanoma of the Skin","25010","Delaware","10","80-84 years","80-84",87
,"Melanoma of the Skin","25010","Delaware","10","85+ years","85+",90
,"Melanoma of the Skin","25010","District of Columbia","11","60-64 years ","60-64",16
,"Melanoma of the Skin","25010","District of Columbia","11","70-74 years","70-74",26
,"Melanoma of the Skin","25010","District of Columbia","11","75-79 years","75-79",16
,"Melanoma of the Skin","25010","District of Columbia","11","80-84 years","80-84",18
,"Melanoma of the Skin","25010","District of Columbia","11","85+ years","85+",34
,"Melanoma of the Skin","25010","Florida","12","20-24 years","20-24",43
,"Melanoma of the Skin","25010","Florida","12","25-29 years","25-29",84
,"Melanoma of the Skin","25010","Florida","12","30-34 years","30-34",127
,"Melanoma of the Skin","25010","Florida","12","35-39 years","35-39",266
,"Melanoma of the Skin","25010","Florida","12","40-44 years","40-44",467
,"Melanoma of the Skin","25010","Florida","12","45-49 years","45-49",657
,"Melanoma of the Skin","25010","Florida","12","50-54 years","50-54",873
,"Melanoma of the Skin","25010","Florida","12","55-59 years","55-59",1179
,"Melanoma of the Skin","25010","Florida","12","60-64 years ","60-64",1401
,"Melanoma of the Skin","25010","Florida","12","65-69 years","65-69",1707
,"Melanoma of the Skin","25010","Florida","12","70-74 years","70-74",1840
,"Melanoma of the Skin","25010","Florida","12","75-79 years","75-79",2080
,"Melanoma of the Skin","25010","Florida","12","80-84 years","80-84",2074
,"Melanoma of the Skin","25010","Florida","12","85+ years","85+",2617
,"Melanoma of the Skin","25010","Georgia","13","20-24 years","20-24",19
,"Melanoma of the Skin","25010","Georgia","13","25-29 years","25-29",52
,"Melanoma of the Skin","25010","Georgia","13","30-34 years","30-34",65
,"Melanoma of the Skin","25010","Georgia","13","35-39 years","35-39",102
,"Melanoma of the Skin","25010","Georgia","13","40-44 years","40-44",184
,"Melanoma of the Skin","25010","Georgia","13","45-49 years","45-49",248
,"Melanoma of the Skin","25010","Georgia","13","50-54 years","50-54",393
,"Melanoma of the Skin","25010","Georgia","13","55-59 years","55-59",481
,"Melanoma of the Skin","25010","Georgia","13","60-64 years ","60-64",513
,"Melanoma of the Skin","25010","Georgia","13","65-69 years","65-69",569
,"Melanoma of the Skin","25010","Georgia","13","70-74 years","70-74",583
,"Melanoma of the Skin","25010","Georgia","13","75-79 years","75-79",577
,"Melanoma of the Skin","25010","Georgia","13","80-84 years","80-84",495
,"Melanoma of the Skin","25010","Georgia","13","85+ years","85+",524
,"Melanoma of the Skin","25010","Hawaii","15","45-49 years","45-49",25
,"Melanoma of the Skin","25010","Hawaii","15","50-54 years","50-54",31
,"Melanoma of the Skin","25010","Hawaii","15","55-59 years","55-59",53
,"Melanoma of the Skin","25010","Hawaii","15","60-64 years ","60-64",70
,"Melanoma of the Skin","25010","Hawaii","15","65-69 years","65-69",63
,"Melanoma of the Skin","25010","Hawaii","15","70-74 years","70-74",70
,"Melanoma of the Skin","25010","Hawaii","15","75-79 years","75-79",58
,"Melanoma of the Skin","25010","Hawaii","15","80-84 years","80-84",54
,"Melanoma of the Skin","25010","Hawaii","15","85+ years","85+",98
,"Melanoma of the Skin","25010","Idaho","16","30-34 years","30-34",17
,"Melanoma of the Skin","25010","Idaho","16","35-39 years","35-39",37
,"Melanoma of the Skin","25010","Idaho","16","40-44 years","40-44",36
,"Melanoma of the Skin","25010","Idaho","16","45-49 years","45-49",56
,"Melanoma of the Skin","25010","Idaho","16","50-54 years","50-54",62
,"Melanoma of the Skin","25010","Idaho","16","55-59 years","55-59",105
,"Melanoma of the Skin","25010","Idaho","16","60-64 years ","60-64",148
,"Melanoma of the Skin","25010","Idaho","16","65-69 years","65-69",130
,"Melanoma of the Skin","25010","Idaho","16","70-74 years","70-74",146
,"Melanoma of the Skin","25010","Idaho","16","75-79 years","75-79",145
,"Melanoma of the Skin","25010","Idaho","16","80-84 years","80-84",137
,"Melanoma of the Skin","25010","Idaho","16","85+ years","85+",145
,"Melanoma of the Skin","25010","Illinois","17","20-24 years","20-24",21
,"Melanoma of the Skin","25010","Illinois","17","25-29 years","25-29",64
,"Melanoma of the Skin","25010","Illinois","17","30-34 years","30-34",90
,"Melanoma of the Skin","25010","Illinois","17","35-39 years","35-39",160
,"Melanoma of the Skin","25010","Illinois","17","40-44 years","40-44",217
,"Melanoma of the Skin","25010","Illinois","17","45-49 years","45-49",385
,"Melanoma of the Skin","25010","Illinois","17","50-54 years","50-54",528
,"Melanoma of the Skin","25010","Illinois","17","55-59 years","55-59",642
,"Melanoma of the Skin","25010","Illinois","17","60-64 years ","60-64",694
,"Melanoma of the Skin","25010","Illinois","17","65-69 years","65-69",768
,"Melanoma of the Skin","25010","Illinois","17","70-74 years","70-74",836
,"Melanoma of the Skin","25010","Illinois","17","75-79 years","75-79",932
,"Melanoma of the Skin","25010","Illinois","17","80-84 years","80-84",799
,"Melanoma of the Skin","25010","Illinois","17","85+ years","85+",1016
,"Melanoma of the Skin","25010","Indiana","18","20-24 years","20-24",17
,"Melanoma of the Skin","25010","Indiana","18","25-29 years","25-29",34
,"Melanoma of the Skin","25010","Indiana","18","30-34 years","30-34",73
,"Melanoma of the Skin","25010","Indiana","18","35-39 years","35-39",118
,"Melanoma of the Skin","25010","Indiana","18","40-44 years","40-44",159
,"Melanoma of the Skin","25010","Indiana","18","45-49 years","45-49",277
,"Melanoma of the Skin","25010","Indiana","18","50-54 years","50-54",352
,"Melanoma of the Skin","25010","Indiana","18","55-59 years","55-59",443
,"Melanoma of the Skin","25010","Indiana","18","60-64 years ","60-64",485
,"Melanoma of the Skin","25010","Indiana","18","65-69 years","65-69",476
,"Melanoma of the Skin","25010","Indiana","18","70-74 years","70-74",465
,"Melanoma of the Skin","25010","Indiana","18","75-79 years","75-79",541
,"Melanoma of the Skin","25010","Indiana","18","80-84 years","80-84",453
,"Melanoma of the Skin","25010","Indiana","18","85+ years","85+",549
,"Melanoma of the Skin","25010","Iowa","19","25-29 years","25-29",17
,"Melanoma of the Skin","25010","Iowa","19","30-34 years","30-34",32
,"Melanoma of the Skin","25010","Iowa","19","35-39 years","35-39",45
,"Melanoma of the Skin","25010","Iowa","19","40-44 years","40-44",80
,"Melanoma of the Skin","25010","Iowa","19","45-49 years","45-49",118
,"Melanoma of the Skin","25010","Iowa","19","50-54 years","50-54",158
,"Melanoma of the Skin","25010","Iowa","19","55-59 years","55-59",176
,"Melanoma of the Skin","25010","Iowa","19","60-64 years ","60-64",221
,"Melanoma of the Skin","25010","Iowa","19","65-69 years","65-69",255
,"Melanoma of the Skin","25010","Iowa","19","70-74 years","70-74",215
,"Melanoma of the Skin","25010","Iowa","19","75-79 years","75-79",264
,"Melanoma of the Skin","25010","Iowa","19","80-84 years","80-84",252
,"Melanoma of the Skin","25010","Iowa","19","85+ years","85+",339
,"Melanoma of the Skin","25010","Kansas","20","30-34 years","30-34",22
,"Melanoma of the Skin","25010","Kansas","20","35-39 years","35-39",45
,"Melanoma of the Skin","25010","Kansas","20","40-44 years","40-44",57
,"Melanoma of the Skin","25010","Kansas","20","45-49 years","45-49",93
,"Melanoma of the Skin","25010","Kansas","20","50-54 years","50-54",133
,"Melanoma of the Skin","25010","Kansas","20","55-59 years","55-59",180
,"Melanoma of the Skin","25010","Kansas","20","60-64 years ","60-64",216
,"Melanoma of the Skin","25010","Kansas","20","65-69 years","65-69",207
,"Melanoma of the Skin","25010","Kansas","20","70-74 years","70-74",254
,"Melanoma of the Skin","25010","Kansas","20","75-79 years","75-79",229
,"Melanoma of the Skin","25010","Kansas","20","80-84 years","80-84",240
,"Melanoma of the Skin","25010","Kansas","20","85+ years","85+",332
,"Melanoma of the Skin","25010","Kentucky","21","25-29 years","25-29",21
,"Melanoma of the Skin","25010","Kentucky","21","30-34 years","30-34",56
,"Melanoma of the Skin","25010","Kentucky","21","35-39 years","35-39",87
,"Melanoma of the Skin","25010","Kentucky","21","40-44 years","40-44",131
,"Melanoma of the Skin","25010","Kentucky","21","45-49 years","45-49",206
,"Melanoma of the Skin","25010","Kentucky","21","50-54 years","50-54",248
,"Melanoma of the Skin","25010","Kentucky","21","55-59 years","55-59",337
,"Melanoma of the Skin","25010","Kentucky","21","60-64 years ","60-64",365
,"Melanoma of the Skin","25010","Kentucky","21","65-69 years","65-69",399
,"Melanoma of the Skin","25010","Kentucky","21","70-74 years","70-74",390
,"Melanoma of the Skin","25010","Kentucky","21","75-79 years","75-79",378
,"Melanoma of the Skin","25010","Kentucky","21","80-84 years","80-84",345
,"Melanoma of the Skin","25010","Kentucky","21","85+ years","85+",361
,"Melanoma of the Skin","25010","Louisiana","22","30-34 years","30-34",23
,"Melanoma of the Skin","25010","Louisiana","22","35-39 years","35-39",42
,"Melanoma of the Skin","25010","Louisiana","22","40-44 years","40-44",91
,"Melanoma of the Skin","25010","Louisiana","22","45-49 years","45-49",104
,"Melanoma of the Skin","25010","Louisiana","22","50-54 years","50-54",147
,"Melanoma of the Skin","25010","Louisiana","22","55-59 years","55-59",187
,"Melanoma of the Skin","25010","Louisiana","22","60-64 years ","60-64",228
,"Melanoma of the Skin","25010","Louisiana","22","65-69 years","65-69",250
,"Melanoma of the Skin","25010","Louisiana","22","70-74 years","70-74",255
,"Melanoma of the Skin","25010","Louisiana","22","75-79 years","75-79",261
,"Melanoma of the Skin","25010","Louisiana","22","80-84 years","80-84",245
,"Melanoma of the Skin","25010","Louisiana","22","85+ years","85+",311
,"Melanoma of the Skin","25010","Maine","23","35-39 years","35-39",16
,"Melanoma of the Skin","25010","Maine","23","40-44 years","40-44",25
,"Melanoma of the Skin","25010","Maine","23","45-49 years","45-49",65
,"Melanoma of the Skin","25010","Maine","23","50-54 years","50-54",68
,"Melanoma of the Skin","25010","Maine","23","55-59 years","55-59",92
,"Melanoma of the Skin","25010","Maine","23","60-64 years ","60-64",117
,"Melanoma of the Skin","25010","Maine","23","65-69 years","65-69",127
,"Melanoma of the Skin","25010","Maine","23","70-74 years","70-74",134
,"Melanoma of the Skin","25010","Maine","23","75-79 years","75-79",138
,"Melanoma of the Skin","25010","Maine","23","80-84 years","80-84",138
,"Melanoma of the Skin","25010","Maine","23","85+ years","85+",148
,"Melanoma of the Skin","25010","Maryland","24","25-29 years","25-29",22
,"Melanoma of the Skin","25010","Maryland","24","30-34 years","30-34",40
,"Melanoma of the Skin","25010","Maryland","24","35-39 years","35-39",46
,"Melanoma of the Skin","25010","Maryland","24","40-44 years","40-44",108
,"Melanoma of the Skin","25010","Maryland","24","45-49 years","45-49",144
,"Melanoma of the Skin","25010","Maryland","24","50-54 years","50-54",230
,"Melanoma of the Skin","25010","Maryland","24","55-59 years","55-59",271
,"Melanoma of the Skin","25010","Maryland","24","60-64 years ","60-64",311
,"Melanoma of the Skin","25010","Maryland","24","65-69 years","65-69",352
,"Melanoma of the Skin","25010","Maryland","24","70-74 years","70-74",371
,"Melanoma of the Skin","25010","Maryland","24","75-79 years","75-79",446
,"Melanoma of the Skin","25010","Maryland","24","80-84 years","80-84",402
,"Melanoma of the Skin","25010","Maryland","24","85+ years","85+",526
,"Melanoma of the Skin","25010","Massachusetts","25","25-29 years","25-29",21
,"Melanoma of the Skin","25010","Massachusetts","25","30-34 years","30-34",58
,"Melanoma of the Skin","25010","Massachusetts","25","35-39 years","35-39",81
,"Melanoma of the Skin","25010","Massachusetts","25","40-44 years","40-44",139
,"Melanoma of the Skin","25010","Massachusetts","25","45-49 years","45-49",197
,"Melanoma of the Skin","25010","Massachusetts","25","50-54 years","50-54",275
,"Melanoma of the Skin","25010","Massachusetts","25","55-59 years","55-59",393
,"Melanoma of the Skin","25010","Massachusetts","25","60-64 years ","60-64",434
,"Melanoma of the Skin","25010","Massachusetts","25","65-69 years","65-69",506
,"Melanoma of the Skin","25010","Massachusetts","25","70-74 years","70-74",585
,"Melanoma of the Skin","25010","Massachusetts","25","75-79 years","75-79",615
,"Melanoma of the Skin","25010","Massachusetts","25","80-84 years","80-84",604
,"Melanoma of the Skin","25010","Massachusetts","25","85+ years","85+",836
,"Melanoma of the Skin","25010","Michigan","26","20-24 years","20-24",18
,"Melanoma of the Skin","25010","Michigan","26","25-29 years","25-29",55
,"Melanoma of the Skin","25010","Michigan","26","30-34 years","30-34",72
,"Melanoma of the Skin","25010","Michigan","26","35-39 years","35-39",158
,"Melanoma of the Skin","25010","Michigan","26","40-44 years","40-44",216
,"Melanoma of the Skin","25010","Michigan","26","45-49 years","45-49",307
,"Melanoma of the Skin","25010","Michigan","26","50-54 years","50-54",465
,"Melanoma of the Skin","25010","Michigan","26","55-59 years","55-59",536
,"Melanoma of the Skin","25010","Michigan","26","60-64 years ","60-64",682
,"Melanoma of the Skin","25010","Michigan","26","65-69 years","65-69",621
,"Melanoma of the Skin","25010","Michigan","26","70-74 years","70-74",637
,"Melanoma of the Skin","25010","Michigan","26","75-79 years","75-79",705
,"Melanoma of the Skin","25010","Michigan","26","80-84 years","80-84",626
,"Melanoma of the Skin","25010","Michigan","26","85+ years","85+",836
,"Melanoma of the Skin","25010","Minnesota","27","25-29 years","25-29",27
,"Melanoma of the Skin","25010","Minnesota","27","30-34 years","30-34",41
,"Melanoma of the Skin","25010","Minnesota","27","35-39 years","35-39",68
,"Melanoma of the Skin","25010","Minnesota","27","40-44 years","40-44",114
,"Melanoma of the Skin","25010","Minnesota","27","45-49 years","45-49",149
,"Melanoma of the Skin","25010","Minnesota","27","50-54 years","50-54",195
,"Melanoma of the Skin","25010","Minnesota","27","55-59 years","55-59",305
,"Melanoma of the Skin","25010","Minnesota","27","60-64 years ","60-64",309
,"Melanoma of the Skin","25010","Minnesota","27","65-69 years","65-69",315
,"Melanoma of the Skin","25010","Minnesota","27","70-74 years","70-74",342
,"Melanoma of the Skin","25010","Minnesota","27","75-79 years","75-79",350
,"Melanoma of the Skin","25010","Minnesota","27","80-84 years","80-84",340
,"Melanoma of the Skin","25010","Minnesota","27","85+ years","85+",490
,"Melanoma of the Skin","25010","Mississippi","28","30-34 years","30-34",30
,"Melanoma of the Skin","25010","Mississippi","28","35-39 years","35-39",26
,"Melanoma of the Skin","25010","Mississippi","28","40-44 years","40-44",55
,"Melanoma of the Skin","25010","Mississippi","28","45-49 years","45-49",78
,"Melanoma of the Skin","25010","Mississippi","28","50-54 years","50-54",122
,"Melanoma of the Skin","25010","Mississippi","28","55-59 years","55-59",121
,"Melanoma of the Skin","25010","Mississippi","28","60-64 years ","60-64",191
,"Melanoma of the Skin","25010","Mississippi","28","65-69 years","65-69",176
,"Melanoma of the Skin","25010","Mississippi","28","70-74 years","70-74",181
,"Melanoma of the Skin","25010","Mississippi","28","75-79 years","75-79",207
,"Melanoma of the Skin","25010","Mississippi","28","80-84 years","80-84",159
,"Melanoma of the Skin","25010","Mississippi","28","85+ years","85+",198
,"Melanoma of the Skin","25010","Missouri","29","25-29 years","25-29",35
,"Melanoma of the Skin","25010","Missouri","29","30-34 years","30-34",59
,"Melanoma of the Skin","25010","Missouri","29","35-39 years","35-39",105
,"Melanoma of the Skin","25010","Missouri","29","40-44 years","40-44",174
,"Melanoma of the Skin","25010","Missouri","29","45-49 years","45-49",238
,"Melanoma of the Skin","25010","Missouri","29","50-54 years","50-54",306
,"Melanoma of the Skin","25010","Missouri","29","55-59 years","55-59",422
,"Melanoma of the Skin","25010","Missouri","29","60-64 years ","60-64",450
,"Melanoma of the Skin","25010","Missouri","29","65-69 years","65-69",493
,"Melanoma of the Skin","25010","Missouri","29","70-74 years","70-74",501
,"Melanoma of the Skin","25010","Missouri","29","75-79 years","75-79",526
,"Melanoma of the Skin","25010","Missouri","29","80-84 years","80-84",508
,"Melanoma of the Skin","25010","Missouri","29","85+ years","85+",592
,"Melanoma of the Skin","25010","Montana","30","40-44 years","40-44",25
,"Melanoma of the Skin","25010","Montana","30","45-49 years","45-49",37
,"Melanoma of the Skin","25010","Montana","30","50-54 years","50-54",48
,"Melanoma of the Skin","25010","Montana","30","55-59 years","55-59",74
,"Melanoma of the Skin","25010","Montana","30","60-64 years ","60-64",87
,"Melanoma of the Skin","25010","Montana","30","65-69 years","65-69",86
,"Melanoma of the Skin","25010","Montana","30","70-74 years","70-74",90
,"Melanoma of the Skin","25010","Montana","30","75-79 years","75-79",101
,"Melanoma of the Skin","25010","Montana","30","80-84 years","80-84",82
,"Melanoma of the Skin","25010","Montana","30","85+ years","85+",88
,"Melanoma of the Skin","25010","Nebraska","31","30-34 years","30-34",17
,"Melanoma of the Skin","25010","Nebraska","31","35-39 years","35-39",22
,"Melanoma of the Skin","25010","Nebraska","31","40-44 years","40-44",42
,"Melanoma of the Skin","25010","Nebraska","31","45-49 years","45-49",60
,"Melanoma of the Skin","25010","Nebraska","31","50-54 years","50-54",96
,"Melanoma of the Skin","25010","Nebraska","31","55-59 years","55-59",136
,"Melanoma of the Skin","25010","Nebraska","31","60-64 years ","60-64",122
,"Melanoma of the Skin","25010","Nebraska","31","65-69 years","65-69",132
,"Melanoma of the Skin","25010","Nebraska","31","70-74 years","70-74",174
,"Melanoma of the Skin","25010","Nebraska","31","75-79 years","75-79",144
,"Melanoma of the Skin","25010","Nebraska","31","80-84 years","80-84",142
,"Melanoma of the Skin","25010","Nebraska","31","85+ years","85+",194
,"Melanoma of the Skin","25010","Nevada","32","30-34 years","30-34",26
,"Melanoma of the Skin","25010","Nevada","32","35-39 years","35-39",33
,"Melanoma of the Skin","25010","Nevada","32","40-44 years","40-44",66
,"Melanoma of the Skin","25010","Nevada","32","45-49 years","45-49",89
,"Melanoma of the Skin","25010","Nevada","32","50-54 years","50-54",116
,"Melanoma of the Skin","25010","Nevada","32","55-59 years","55-59",157
,"Melanoma of the Skin","25010","Nevada","32","60-64 years ","60-64",208
,"Melanoma of the Skin","25010","Nevada","32","65-69 years","65-69",204
,"Melanoma of the Skin","25010","Nevada","32","70-74 years","70-74",213
,"Melanoma of the Skin","25010","Nevada","32","75-79 years","75-79",197
,"Melanoma of the Skin","25010","Nevada","32","80-84 years","80-84",187
,"Melanoma of the Skin","25010","Nevada","32","85+ years","85+",157
,"Melanoma of the Skin","25010","New Hampshire","33","40-44 years","40-44",48
,"Melanoma of the Skin","25010","New Hampshire","33","45-49 years","45-49",46
,"Melanoma of the Skin","25010","New Hampshire","33","50-54 years","50-54",74
,"Melanoma of the Skin","25010","New Hampshire","33","55-59 years","55-59",79
,"Melanoma of the Skin","25010","New Hampshire","33","60-64 years ","60-64",93
,"Melanoma of the Skin","25010","New Hampshire","33","65-69 years","65-69",116
,"Melanoma of the Skin","25010","New Hampshire","33","70-74 years","70-74",119
,"Melanoma of the Skin","25010","New Hampshire","33","75-79 years","75-79",105
,"Melanoma of the Skin","25010","New Hampshire","33","80-84 years","80-84",131
,"Melanoma of the Skin","25010","New Hampshire","33","85+ years","85+",139
,"Melanoma of the Skin","25010","New Jersey","34","25-29 years","25-29",27
,"Melanoma of the Skin","25010","New Jersey","34","30-34 years","30-34",38
,"Melanoma of the Skin","25010","New Jersey","34","35-39 years","35-39",83
,"Melanoma of the Skin","25010","New Jersey","34","40-44 years","40-44",139
,"Melanoma of the Skin","25010","New Jersey","34","45-49 years","45-49",248
,"Melanoma of the Skin","25010","New Jersey","34","50-54 years","50-54",335
,"Melanoma of the Skin","25010","New Jersey","34","55-59 years","55-59",431
,"Melanoma of the Skin","25010","New Jersey","34","60-64 years ","60-64",481
,"Melanoma of the Skin","25010","New Jersey","34","65-69 years","65-69",571
,"Melanoma of the Skin","25010","New Jersey","34","70-74 years","70-74",643
,"Melanoma of the Skin","25010","New Jersey","34","75-79 years","75-79",792
,"Melanoma of the Skin","25010","New Jersey","34","80-84 years","80-84",668
,"Melanoma of the Skin","25010","New Jersey","34","85+ years","85+",933
,"Melanoma of the Skin","25010","New Mexico","35","30-34 years","30-34",18
,"Melanoma of the Skin","25010","New Mexico","35","40-44 years","40-44",34
,"Melanoma of the Skin","25010","New Mexico","35","45-49 years","45-49",53
,"Melanoma of the Skin","25010","New Mexico","35","50-54 years","50-54",67
,"Melanoma of the Skin","25010","New Mexico","35","55-59 years","55-59",93
,"Melanoma of the Skin","25010","New Mexico","35","60-64 years ","60-64",132
,"Melanoma of the Skin","25010","New Mexico","35","65-69 years","65-69",139
,"Melanoma of the Skin","25010","New Mexico","35","70-74 years","70-74",153
,"Melanoma of the Skin","25010","New Mexico","35","75-79 years","75-79",169
,"Melanoma of the Skin","25010","New Mexico","35","80-84 years","80-84",143
,"Melanoma of the Skin","25010","New Mexico","35","85+ years","85+",177
,"Melanoma of the Skin","25010","New York","36","20-24 years","20-24",24
,"Melanoma of the Skin","25010","New York","36","25-29 years","25-29",63
,"Melanoma of the Skin","25010","New York","36","30-34 years","30-34",92
,"Melanoma of the Skin","25010","New York","36","35-39 years","35-39",168
,"Melanoma of the Skin","25010","New York","36","40-44 years","40-44",291
,"Melanoma of the Skin","25010","New York","36","45-49 years","45-49",490
,"Melanoma of the Skin","25010","New York","36","50-54 years","50-54",689
,"Melanoma of the Skin","25010","New York","36","55-59 years","55-59",845
,"Melanoma of the Skin","25010","New York","36","60-64 years ","60-64",963
,"Melanoma of the Skin","25010","New York","36","65-69 years","65-69",1129
,"Melanoma of the Skin","25010","New York","36","70-74 years","70-74",1157
,"Melanoma of the Skin","25010","New York","36","75-79 years","75-79",1313
,"Melanoma of the Skin","25010","New York","36","80-84 years","80-84",1312
,"Melanoma of the Skin","25010","New York","36","85+ years","85+",1625
,"Melanoma of the Skin","25010","North Carolina","37","20-24 years","20-24",17
,"Melanoma of the Skin","25010","North Carolina","37","25-29 years","25-29",36
,"Melanoma of the Skin","25010","North Carolina","37","30-34 years","30-34",79
,"Melanoma of the Skin","25010","North Carolina","37","35-39 years","35-39",128
,"Melanoma of the Skin","25010","North Carolina","37","40-44 years","40-44",203
,"Melanoma of the Skin","25010","North Carolina","37","45-49 years","45-49",319
,"Melanoma of the Skin","25010","North Carolina","37","50-54 years","50-54",394
,"Melanoma of the Skin","25010","North Carolina","37","55-59 years","55-59",555
,"Melanoma of the Skin","25010","North Carolina","37","60-64 years ","60-64",661
,"Melanoma of the Skin","25010","North Carolina","37","65-69 years","65-69",722
,"Melanoma of the Skin","25010","North Carolina","37","70-74 years","70-74",784
,"Melanoma of the Skin","25010","North Carolina","37","75-79 years","75-79",773
,"Melanoma of the Skin","25010","North Carolina","37","80-84 years","80-84",682
,"Melanoma of the Skin","25010","North Carolina","37","85+ years","85+",806
,"Melanoma of the Skin","25010","North Dakota","38","45-49 years","45-49",21
,"Melanoma of the Skin","25010","North Dakota","38","50-54 years","50-54",32
,"Melanoma of the Skin","25010","North Dakota","38","55-59 years","55-59",29
,"Melanoma of the Skin","25010","North Dakota","38","60-64 years ","60-64",39
,"Melanoma of the Skin","25010","North Dakota","38","65-69 years","65-69",41
,"Melanoma of the Skin","25010","North Dakota","38","70-74 years","70-74",43
,"Melanoma of the Skin","25010","North Dakota","38","75-79 years","75-79",39
,"Melanoma of the Skin","25010","North Dakota","38","80-84 years","80-84",39
,"Melanoma of the Skin","25010","North Dakota","38","85+ years","85+",55
,"Melanoma of the Skin","25010","Ohio","39","20-24 years","20-24",28
,"Melanoma of the Skin","25010","Ohio","39","25-29 years","25-29",73
,"Melanoma of the Skin","25010","Ohio","39","30-34 years","30-34",117
,"Melanoma of the Skin","25010","Ohio","39","35-39 years","35-39",169
,"Melanoma of the Skin","25010","Ohio","39","40-44 years","40-44",296
,"Melanoma of the Skin","25010","Ohio","39","45-49 years","45-49",416
,"Melanoma of the Skin","25010","Ohio","39","50-54 years","50-54",614
,"Melanoma of the Skin","25010","Ohio","39","55-59 years","55-59",774
,"Melanoma of the Skin","25010","Ohio","39","60-64 years ","60-64",830
,"Melanoma of the Skin","25010","Ohio","39","65-69 years","65-69",920
,"Melanoma of the Skin","25010","Ohio","39","70-74 years","70-74",977
,"Melanoma of the Skin","25010","Ohio","39","75-79 years","75-79",1004
,"Melanoma of the Skin","25010","Ohio","39","80-84 years","80-84",959
,"Melanoma of the Skin","25010","Ohio","39","85+ years","85+",1048
,"Melanoma of the Skin","25010","Oklahoma","40","25-29 years","25-29",19
,"Melanoma of the Skin","25010","Oklahoma","40","30-34 years","30-34",44
,"Melanoma of the Skin","25010","Oklahoma","40","35-39 years","35-39",66
,"Melanoma of the Skin","25010","Oklahoma","40","40-44 years","40-44",95
,"Melanoma of the Skin","25010","Oklahoma","40","45-49 years","45-49",181
,"Melanoma of the Skin","25010","Oklahoma","40","50-54 years","50-54",223
,"Melanoma of the Skin","25010","Oklahoma","40","55-59 years","55-59",268
,"Melanoma of the Skin","25010","Oklahoma","40","60-64 years ","60-64",284
,"Melanoma of the Skin","25010","Oklahoma","40","65-69 years","65-69",335
,"Melanoma of the Skin","25010","Oklahoma","40","70-74 years","70-74",341
,"Melanoma of the Skin","25010","Oklahoma","40","75-79 years","75-79",345
,"Melanoma of the Skin","25010","Oklahoma","40","80-84 years","80-84",314
,"Melanoma of the Skin","25010","Oklahoma","40","85+ years","85+",345
,"Melanoma of the Skin","25010","Oregon","41","25-29 years","25-29",25
,"Melanoma of the Skin","25010","Oregon","41","30-34 years","30-34",41
,"Melanoma of the Skin","25010","Oregon","41","35-39 years","35-39",62
,"Melanoma of the Skin","25010","Oregon","41","40-44 years","40-44",106
,"Melanoma of the Skin","25010","Oregon","41","45-49 years","45-49",158
,"Melanoma of the Skin","25010","Oregon","41","50-54 years","50-54",201
,"Melanoma of the Skin","25010","Oregon","41","55-59 years","55-59",297
,"Melanoma of the Skin","25010","Oregon","41","60-64 years ","60-64",335
,"Melanoma of the Skin","25010","Oregon","41","65-69 years","65-69",312
,"Melanoma of the Skin","25010","Oregon","41","70-74 years","70-74",333
,"Melanoma of the Skin","25010","Oregon","41","75-79 years","75-79",347
,"Melanoma of the Skin","25010","Oregon","41","80-84 years","80-84",294
,"Melanoma of the Skin","25010","Oregon","41","85+ years","85+",411
,"Melanoma of the Skin","25010","Pennsylvania","42","20-24 years","20-24",20
,"Melanoma of the Skin","25010","Pennsylvania","42","25-29 years","25-29",54
,"Melanoma of the Skin","25010","Pennsylvania","42","30-34 years","30-34",108
,"Melanoma of the Skin","25010","Pennsylvania","42","35-39 years","35-39",139
,"Melanoma of the Skin","25010","Pennsylvania","42","40-44 years","40-44",304
,"Melanoma of the Skin","25010","Pennsylvania","42","45-49 years","45-49",425
,"Melanoma of the Skin","25010","Pennsylvania","42","50-54 years","50-54",640
,"Melanoma of the Skin","25010","Pennsylvania","42","55-59 years","55-59",752
,"Melanoma of the Skin","25010","Pennsylvania","42","60-64 years ","60-64",965
,"Melanoma of the Skin","25010","Pennsylvania","42","65-69 years","65-69",999
,"Melanoma of the Skin","25010","Pennsylvania","42","70-74 years","70-74",1183
,"Melanoma of the Skin","25010","Pennsylvania","42","75-79 years","75-79",1297
,"Melanoma of the Skin","25010","Pennsylvania","42","80-84 years","80-84",1257
,"Melanoma of the Skin","25010","Pennsylvania","42","85+ years","85+",1471
,"Melanoma of the Skin","25010","Rhode Island","44","45-49 years","45-49",28
,"Melanoma of the Skin","25010","Rhode Island","44","50-54 years","50-54",53
,"Melanoma of the Skin","25010","Rhode Island","44","55-59 years","55-59",58
,"Melanoma of the Skin","25010","Rhode Island","44","60-64 years ","60-64",65
,"Melanoma of the Skin","25010","Rhode Island","44","65-69 years","65-69",106
,"Melanoma of the Skin","25010","Rhode Island","44","70-74 years","70-74",68
,"Melanoma of the Skin","25010","Rhode Island","44","75-79 years","75-79",102
,"Melanoma of the Skin","25010","Rhode Island","44","80-84 years","80-84",114
,"Melanoma of the Skin","25010","Rhode Island","44","85+ years","85+",151
,"Melanoma of the Skin","25010","South Carolina","45","30-34 years","30-34",29
,"Melanoma of the Skin","25010","South Carolina","45","35-39 years","35-39",62
,"Melanoma of the Skin","25010","South Carolina","45","40-44 years","40-44",98
,"Melanoma of the Skin","25010","South Carolina","45","45-49 years","45-49",138
,"Melanoma of the Skin","25010","South Carolina","45","50-54 years","50-54",180
,"Melanoma of the Skin","25010","South Carolina","45","55-59 years","55-59",230
,"Melanoma of the Skin","25010","South Carolina","45","60-64 years ","60-64",354
,"Melanoma of the Skin","25010","South Carolina","45","65-69 years","65-69",334
,"Melanoma of the Skin","25010","South Carolina","45","70-74 years","70-74",365
,"Melanoma of the Skin","25010","South Carolina","45","75-79 years","75-79",343
,"Melanoma of the Skin","25010","South Carolina","45","80-84 years","80-84",325
,"Melanoma of the Skin","25010","South Carolina","45","85+ years","85+",366
,"Melanoma of the Skin","25010","South Dakota","46","40-44 years","40-44",21
,"Melanoma of the Skin","25010","South Dakota","46","45-49 years","45-49",32
,"Melanoma of the Skin","25010","South Dakota","46","50-54 years","50-54",37
,"Melanoma of the Skin","25010","South Dakota","46","55-59 years","55-59",43
,"Melanoma of the Skin","25010","South Dakota","46","60-64 years ","60-64",60
,"Melanoma of the Skin","25010","South Dakota","46","65-69 years","65-69",48
,"Melanoma of the Skin","25010","South Dakota","46","70-74 years","70-74",57
,"Melanoma of the Skin","25010","South Dakota","46","75-79 years","75-79",55
,"Melanoma of the Skin","25010","South Dakota","46","80-84 years","80-84",65
,"Melanoma of the Skin","25010","South Dakota","46","85+ years","85+",80
,"Melanoma of the Skin","25010","Tennessee","47","25-29 years","25-29",32
,"Melanoma of the Skin","25010","Tennessee","47","30-34 years","30-34",62
,"Melanoma of the Skin","25010","Tennessee","47","35-39 years","35-39",106
,"Melanoma of the Skin","25010","Tennessee","47","40-44 years","40-44",157
,"Melanoma of the Skin","25010","Tennessee","47","45-49 years","45-49",230
,"Melanoma of the Skin","25010","Tennessee","47","50-54 years","50-54",353
,"Melanoma of the Skin","25010","Tennessee","47","55-59 years","55-59",373
,"Melanoma of the Skin","25010","Tennessee","47","60-64 years ","60-64",512
,"Melanoma of the Skin","25010","Tennessee","47","65-69 years","65-69",525
,"Melanoma of the Skin","25010","Tennessee","47","70-74 years","70-74",582
,"Melanoma of the Skin","25010","Tennessee","47","75-79 years","75-79",563
,"Melanoma of the Skin","25010","Tennessee","47","80-84 years","80-84",467
,"Melanoma of the Skin","25010","Tennessee","47","85+ years","85+",562
,"Melanoma of the Skin","25010","Texas","48","20-24 years","20-24",37
,"Melanoma of the Skin","25010","Texas","48","25-29 years","25-29",104
,"Melanoma of the Skin","25010","Texas","48","30-34 years","30-34",159
,"Melanoma of the Skin","25010","Texas","48","35-39 years","35-39",258
,"Melanoma of the Skin","25010","Texas","48","40-44 years","40-44",451
,"Melanoma of the Skin","25010","Texas","48","45-49 years","45-49",613
,"Melanoma of the Skin","25010","Texas","48","50-54 years","50-54",820
,"Melanoma of the Skin","25010","Texas","48","55-59 years","55-59",1057
,"Melanoma of the Skin","25010","Texas","48","60-64 years ","60-64",1259
,"Melanoma of the Skin","25010","Texas","48","65-69 years","65-69",1398
,"Melanoma of the Skin","25010","Texas","48","70-74 years","70-74",1418
,"Melanoma of the Skin","25010","Texas","48","75-79 years","75-79",1374
,"Melanoma of the Skin","25010","Texas","48","80-84 years","80-84",1207
,"Melanoma of the Skin","25010","Texas","48","85+ years","85+",1497
,"Melanoma of the Skin","25010","Utah","49","30-34 years","30-34",44
,"Melanoma of the Skin","25010","Utah","49","35-39 years","35-39",48
,"Melanoma of the Skin","25010","Utah","49","40-44 years","40-44",75
,"Melanoma of the Skin","25010","Utah","49","45-49 years","45-49",77
,"Melanoma of the Skin","25010","Utah","49","50-54 years","50-54",125
,"Melanoma of the Skin","25010","Utah","49","55-59 years","55-59",143
,"Melanoma of the Skin","25010","Utah","49","60-64 years ","60-64",141
,"Melanoma of the Skin","25010","Utah","49","65-69 years","65-69",194
,"Melanoma of the Skin","25010","Utah","49","70-74 years","70-74",180
,"Melanoma of the Skin","25010","Utah","49","75-79 years","75-79",174
,"Melanoma of the Skin","25010","Utah","49","80-84 years","80-84",188
,"Melanoma of the Skin","25010","Utah","49","85+ years","85+",199
,"Melanoma of the Skin","25010","Vermont","50","45-49 years","45-49",26
,"Melanoma of the Skin","25010","Vermont","50","50-54 years","50-54",51
,"Melanoma of the Skin","25010","Vermont","50","55-59 years","55-59",40
,"Melanoma of the Skin","25010","Vermont","50","60-64 years ","60-64",59
,"Melanoma of the Skin","25010","Vermont","50","65-69 years","65-69",46
,"Melanoma of the Skin","25010","Vermont","50","70-74 years","70-74",44
,"Melanoma of the Skin","25010","Vermont","50","75-79 years","75-79",51
,"Melanoma of the Skin","25010","Vermont","50","80-84 years","80-84",55
,"Melanoma of the Skin","25010","Vermont","50","85+ years","85+",73
,"Melanoma of the Skin","25010","Virginia","51","25-29 years","25-29",36
,"Melanoma of the Skin","25010","Virginia","51","30-34 years","30-34",62
,"Melanoma of the Skin","25010","Virginia","51","35-39 years","35-39",110
,"Melanoma of the Skin","25010","Virginia","51","40-44 years","40-44",182
,"Melanoma of the Skin","25010","Virginia","51","45-49 years","45-49",269
,"Melanoma of the Skin","25010","Virginia","51","50-54 years","50-54",343
,"Melanoma of the Skin","25010","Virginia","51","55-59 years","55-59",451
,"Melanoma of the Skin","25010","Virginia","51","60-64 years ","60-64",525
,"Melanoma of the Skin","25010","Virginia","51","65-69 years","65-69",550
,"Melanoma of the Skin","25010","Virginia","51","70-74 years","70-74",633
,"Melanoma of the Skin","25010","Virginia","51","75-79 years","75-79",605
,"Melanoma of the Skin","25010","Virginia","51","80-84 years","80-84",591
,"Melanoma of the Skin","25010","Virginia","51","85+ years","85+",662
,"Melanoma of the Skin","25010","Washington","53","25-29 years","25-29",30
,"Melanoma of the Skin","25010","Washington","53","30-34 years","30-34",66
,"Melanoma of the Skin","25010","Washington","53","35-39 years","35-39",88
,"Melanoma of the Skin","25010","Washington","53","40-44 years","40-44",170
,"Melanoma of the Skin","25010","Washington","53","45-49 years","45-49",237
,"Melanoma of the Skin","25010","Washington","53","50-54 years","50-54",339
,"Melanoma of the Skin","25010","Washington","53","55-59 years","55-59",413
,"Melanoma of the Skin","25010","Washington","53","60-64 years ","60-64",510
,"Melanoma of the Skin","25010","Washington","53","65-69 years","65-69",495
,"Melanoma of the Skin","25010","Washington","53","70-74 years","70-74",566
,"Melanoma of the Skin","25010","Washington","53","75-79 years","75-79",519
,"Melanoma of the Skin","25010","Washington","53","80-84 years","80-84",459
,"Melanoma of the Skin","25010","Washington","53","85+ years","85+",604
,"Melanoma of the Skin","25010","West Virginia","54","30-34 years","30-34",29
,"Melanoma of the Skin","25010","West Virginia","54","35-39 years","35-39",42
,"Melanoma of the Skin","25010","West Virginia","54","40-44 years","40-44",68
,"Melanoma of the Skin","25010","West Virginia","54","45-49 years","45-49",85
,"Melanoma of the Skin","25010","West Virginia","54","50-54 years","50-54",136
,"Melanoma of the Skin","25010","West Virginia","54","55-59 years","55-59",139
,"Melanoma of the Skin","25010","West Virginia","54","60-64 years ","60-64",149
,"Melanoma of the Skin","25010","West Virginia","54","65-69 years","65-69",183
,"Melanoma of the Skin","25010","West Virginia","54","70-74 years","70-74",189
,"Melanoma of the Skin","25010","West Virginia","54","75-79 years","75-79",195
,"Melanoma of the Skin","25010","West Virginia","54","80-84 years","80-84",175
,"Melanoma of the Skin","25010","West Virginia","54","85+ years","85+",199
,"Melanoma of the Skin","25010","Wisconsin","55","25-29 years","25-29",23
,"Melanoma of the Skin","25010","Wisconsin","55","30-34 years","30-34",41
,"Melanoma of the Skin","25010","Wisconsin","55","35-39 years","35-39",77
,"Melanoma of the Skin","25010","Wisconsin","55","40-44 years","40-44",142
,"Melanoma of the Skin","25010","Wisconsin","55","45-49 years","45-49",176
,"Melanoma of the Skin","25010","Wisconsin","55","50-54 years","50-54",230
,"Melanoma of the Skin","25010","Wisconsin","55","55-59 years","55-59",351
,"Melanoma of the Skin","25010","Wisconsin","55","60-64 years ","60-64",423
,"Melanoma of the Skin","25010","Wisconsin","55","65-69 years","65-69",422
,"Melanoma of the Skin","25010","Wisconsin","55","70-74 years","70-74",408
,"Melanoma of the Skin","25010","Wisconsin","55","75-79 years","75-79",469
,"Melanoma of the Skin","25010","Wisconsin","55","80-84 years","80-84",438
,"Melanoma of the Skin","25010","Wisconsin","55","85+ years","85+",554
,"Melanoma of the Skin","25010","Wyoming","56","45-49 years","45-49",22
,"Melanoma of the Skin","25010","Wyoming","56","50-54 years","50-54",32
,"Melanoma of the Skin","25010","Wyoming","56","55-59 years","55-59",50
,"Melanoma of the Skin","25010","Wyoming","56","60-64 years ","60-64",44
,"Melanoma of the Skin","25010","Wyoming","56","65-69 years","65-69",46
,"Melanoma of the Skin","25010","Wyoming","56","70-74 years","70-74",54
,"Melanoma of the Skin","25010","Wyoming","56","75-79 years","75-79",47
,"Melanoma of the Skin","25010","Wyoming","56","80-84 years","80-84",48
,"Melanoma of the Skin","25010","Wyoming","56","85+ years","85+",48
,"Myeloma","34000","Alabama","01","40-44 years","40-44",37
,"Myeloma","34000","Alabama","01","45-49 years","45-49",70
,"Myeloma","34000","Alabama","01","50-54 years","50-54",171
,"Myeloma","34000","Alabama","01","55-59 years","55-59",301
,"Myeloma","34000","Alabama","01","60-64 years ","60-64",446
,"Myeloma","34000","Alabama","01","65-69 years","65-69",645
,"Myeloma","34000","Alabama","01","70-74 years","70-74",776
,"Myeloma","34000","Alabama","01","75-79 years","75-79",830
,"Myeloma","34000","Alabama","01","80-84 years","80-84",776
,"Myeloma","34000","Alabama","01","85+ years","85+",700
,"Myeloma","34000","Alaska","02","50-54 years","50-54",25
,"Myeloma","34000","Alaska","02","55-59 years","55-59",27
,"Myeloma","34000","Alaska","02","60-64 years ","60-64",49
,"Myeloma","34000","Alaska","02","65-69 years","65-69",46
,"Myeloma","34000","Alaska","02","70-74 years","70-74",49
,"Myeloma","34000","Alaska","02","75-79 years","75-79",63
,"Myeloma","34000","Alaska","02","80-84 years","80-84",39
,"Myeloma","34000","Alaska","02","85+ years","85+",35
,"Myeloma","34000","Arizona","04","40-44 years","40-44",23
,"Myeloma","34000","Arizona","04","45-49 years","45-49",77
,"Myeloma","34000","Arizona","04","50-54 years","50-54",152
,"Myeloma","34000","Arizona","04","55-59 years","55-59",292
,"Myeloma","34000","Arizona","04","60-64 years ","60-64",444
,"Myeloma","34000","Arizona","04","65-69 years","65-69",593
,"Myeloma","34000","Arizona","04","70-74 years","70-74",758
,"Myeloma","34000","Arizona","04","75-79 years","75-79",900
,"Myeloma","34000","Arizona","04","80-84 years","80-84",754
,"Myeloma","34000","Arizona","04","85+ years","85+",854
,"Myeloma","34000","Arkansas","05","40-44 years","40-44",19
,"Myeloma","34000","Arkansas","05","45-49 years","45-49",34
,"Myeloma","34000","Arkansas","05","50-54 years","50-54",106
,"Myeloma","34000","Arkansas","05","55-59 years","55-59",163
,"Myeloma","34000","Arkansas","05","60-64 years ","60-64",233
,"Myeloma","34000","Arkansas","05","65-69 years","65-69",324
,"Myeloma","34000","Arkansas","05","70-74 years","70-74",427
,"Myeloma","34000","Arkansas","05","75-79 years","75-79",509
,"Myeloma","34000","Arkansas","05","80-84 years","80-84",401
,"Myeloma","34000","Arkansas","05","85+ years","85+",435
,"Myeloma","34000","California","06","30-34 years","30-34",26
,"Myeloma","34000","California","06","35-39 years","35-39",69
,"Myeloma","34000","California","06","40-44 years","40-44",212
,"Myeloma","34000","California","06","45-49 years","45-49",519
,"Myeloma","34000","California","06","50-54 years","50-54",1026
,"Myeloma","34000","California","06","55-59 years","55-59",1737
,"Myeloma","34000","California","06","60-64 years ","60-64",2406
,"Myeloma","34000","California","06","65-69 years","65-69",3105
,"Myeloma","34000","California","06","70-74 years","70-74",3929
,"Myeloma","34000","California","06","75-79 years","75-79",4271
,"Myeloma","34000","California","06","80-84 years","80-84",4135
,"Myeloma","34000","California","06","85+ years","85+",4569
,"Myeloma","34000","Colorado","08","40-44 years","40-44",26
,"Myeloma","34000","Colorado","08","45-49 years","45-49",59
,"Myeloma","34000","Colorado","08","50-54 years","50-54",130
,"Myeloma","34000","Colorado","08","55-59 years","55-59",219
,"Myeloma","34000","Colorado","08","60-64 years ","60-64",320
,"Myeloma","34000","Colorado","08","65-69 years","65-69",440
,"Myeloma","34000","Colorado","08","70-74 years","70-74",520
,"Myeloma","34000","Colorado","08","75-79 years","75-79",583
,"Myeloma","34000","Colorado","08","80-84 years","80-84",590
,"Myeloma","34000","Colorado","08","85+ years","85+",588
,"Myeloma","34000","Connecticut","09","40-44 years","40-44",18
,"Myeloma","34000","Connecticut","09","45-49 years","45-49",51
,"Myeloma","34000","Connecticut","09","50-54 years","50-54",107
,"Myeloma","34000","Connecticut","09","55-59 years","55-59",176
,"Myeloma","34000","Connecticut","09","60-64 years ","60-64",238
,"Myeloma","34000","Connecticut","09","65-69 years","65-69",331
,"Myeloma","34000","Connecticut","09","70-74 years","70-74",420
,"Myeloma","34000","Connecticut","09","75-79 years","75-79",481
,"Myeloma","34000","Connecticut","09","80-84 years","80-84",529
,"Myeloma","34000","Connecticut","09","85+ years","85+",692
,"Myeloma","34000","Delaware","10","50-54 years","50-54",27
,"Myeloma","34000","Delaware","10","55-59 years","55-59",41
,"Myeloma","34000","Delaware","10","60-64 years ","60-64",92
,"Myeloma","34000","Delaware","10","65-69 years","65-69",116
,"Myeloma","34000","Delaware","10","70-74 years","70-74",142
,"Myeloma","34000","Delaware","10","75-79 years","75-79",141
,"Myeloma","34000","Delaware","10","80-84 years","80-84",166
,"Myeloma","34000","Delaware","10","85+ years","85+",130
,"Myeloma","34000","District of Columbia","11","45-49 years","45-49",18
,"Myeloma","34000","District of Columbia","11","50-54 years","50-54",31
,"Myeloma","34000","District of Columbia","11","55-59 years","55-59",42
,"Myeloma","34000","District of Columbia","11","60-64 years ","60-64",59
,"Myeloma","34000","District of Columbia","11","65-69 years","65-69",79
,"Myeloma","34000","District of Columbia","11","70-74 years","70-74",109
,"Myeloma","34000","District of Columbia","11","75-79 years","75-79",113
,"Myeloma","34000","District of Columbia","11","80-84 years","80-84",98
,"Myeloma","34000","District of Columbia","11","85+ years","85+",123
,"Myeloma","34000","Florida","12","30-34 years","30-34",17
,"Myeloma","34000","Florida","12","35-39 years","35-39",38
,"Myeloma","34000","Florida","12","40-44 years","40-44",148
,"Myeloma","34000","Florida","12","45-49 years","45-49",319
,"Myeloma","34000","Florida","12","50-54 years","50-54",609
,"Myeloma","34000","Florida","12","55-59 years","55-59",1001
,"Myeloma","34000","Florida","12","60-64 years ","60-64",1606
,"Myeloma","34000","Florida","12","65-69 years","65-69",2188
,"Myeloma","34000","Florida","12","70-74 years","70-74",2851
,"Myeloma","34000","Florida","12","75-79 years","75-79",3208
,"Myeloma","34000","Florida","12","80-84 years","80-84",3038
,"Myeloma","34000","Florida","12","85+ years","85+",3276
,"Myeloma","34000","Georgia","13","35-39 years","35-39",21
,"Myeloma","34000","Georgia","13","40-44 years","40-44",69
,"Myeloma","34000","Georgia","13","45-49 years","45-49",173
,"Myeloma","34000","Georgia","13","50-54 years","50-54",347
,"Myeloma","34000","Georgia","13","55-59 years","55-59",519
,"Myeloma","34000","Georgia","13","60-64 years ","60-64",802
,"Myeloma","34000","Georgia","13","65-69 years","65-69",979
,"Myeloma","34000","Georgia","13","70-74 years","70-74",1219
,"Myeloma","34000","Georgia","13","75-79 years","75-79",1247
,"Myeloma","34000","Georgia","13","80-84 years","80-84",1044
,"Myeloma","34000","Georgia","13","85+ years","85+",1053
,"Myeloma","34000","Hawaii","15","50-54 years","50-54",42
,"Myeloma","34000","Hawaii","15","55-59 years","55-59",81
,"Myeloma","34000","Hawaii","15","60-64 years ","60-64",97
,"Myeloma","34000","Hawaii","15","65-69 years","65-69",107
,"Myeloma","34000","Hawaii","15","70-74 years","70-74",130
,"Myeloma","34000","Hawaii","15","75-79 years","75-79",148
,"Myeloma","34000","Hawaii","15","80-84 years","80-84",146
,"Myeloma","34000","Hawaii","15","85+ years","85+",140
,"Myeloma","34000","Idaho","16","50-54 years","50-54",39
,"Myeloma","34000","Idaho","16","55-59 years","55-59",60
,"Myeloma","34000","Idaho","16","60-64 years ","60-64",104
,"Myeloma","34000","Idaho","16","65-69 years","65-69",143
,"Myeloma","34000","Idaho","16","70-74 years","70-74",198
,"Myeloma","34000","Idaho","16","75-79 years","75-79",242
,"Myeloma","34000","Idaho","16","80-84 years","80-84",225
,"Myeloma","34000","Idaho","16","85+ years","85+",218
,"Myeloma","34000","Illinois","17","35-39 years","35-39",23
,"Myeloma","34000","Illinois","17","40-44 years","40-44",67
,"Myeloma","34000","Illinois","17","45-49 years","45-49",201
,"Myeloma","34000","Illinois","17","50-54 years","50-54",365
,"Myeloma","34000","Illinois","17","55-59 years","55-59",673
,"Myeloma","34000","Illinois","17","60-64 years ","60-64",928
,"Myeloma","34000","Illinois","17","65-69 years","65-69",1258
,"Myeloma","34000","Illinois","17","70-74 years","70-74",1594
,"Myeloma","34000","Illinois","17","75-79 years","75-79",1810
,"Myeloma","34000","Illinois","17","80-84 years","80-84",1785
,"Myeloma","34000","Illinois","17","85+ years","85+",2034
,"Myeloma","34000","Indiana","18","40-44 years","40-44",27
,"Myeloma","34000","Indiana","18","45-49 years","45-49",84
,"Myeloma","34000","Indiana","18","50-54 years","50-54",196
,"Myeloma","34000","Indiana","18","55-59 years","55-59",334
,"Myeloma","34000","Indiana","18","60-64 years ","60-64",541
,"Myeloma","34000","Indiana","18","65-69 years","65-69",720
,"Myeloma","34000","Indiana","18","70-74 years","70-74",881
,"Myeloma","34000","Indiana","18","75-79 years","75-79",921
,"Myeloma","34000","Indiana","18","80-84 years","80-84",995
,"Myeloma","34000","Indiana","18","85+ years","85+",1003
,"Myeloma","34000","Iowa","19","45-49 years","45-49",29
,"Myeloma","34000","Iowa","19","50-54 years","50-54",69
,"Myeloma","34000","Iowa","19","55-59 years","55-59",137
,"Myeloma","34000","Iowa","19","60-64 years ","60-64",221
,"Myeloma","34000","Iowa","19","65-69 years","65-69",331
,"Myeloma","34000","Iowa","19","70-74 years","70-74",467
,"Myeloma","34000","Iowa","19","75-79 years","75-79",547
,"Myeloma","34000","Iowa","19","80-84 years","80-84",585
,"Myeloma","34000","Iowa","19","85+ years","85+",609
,"Myeloma","34000","Kansas","20","45-49 years","45-49",34
,"Myeloma","34000","Kansas","20","50-54 years","50-54",91
,"Myeloma","34000","Kansas","20","55-59 years","55-59",138
,"Myeloma","34000","Kansas","20","60-64 years ","60-64",209
,"Myeloma","34000","Kansas","20","65-69 years","65-69",283
,"Myeloma","34000","Kansas","20","70-74 years","70-74",389
,"Myeloma","34000","Kansas","20","75-79 years","75-79",451
,"Myeloma","34000","Kansas","20","80-84 years","80-84",463
,"Myeloma","34000","Kansas","20","85+ years","85+",537
,"Myeloma","34000","Kentucky","21","40-44 years","40-44",31
,"Myeloma","34000","Kentucky","21","45-49 years","45-49",81
,"Myeloma","34000","Kentucky","21","50-54 years","50-54",141
,"Myeloma","34000","Kentucky","21","55-59 years","55-59",233
,"Myeloma","34000","Kentucky","21","60-64 years ","60-64",364
,"Myeloma","34000","Kentucky","21","65-69 years","65-69",488
,"Myeloma","34000","Kentucky","21","70-74 years","70-74",615
,"Myeloma","34000","Kentucky","21","75-79 years","75-79",652
,"Myeloma","34000","Kentucky","21","80-84 years","80-84",618
,"Myeloma","34000","Kentucky","21","85+ years","85+",601
,"Myeloma","34000","Louisiana","22","40-44 years","40-44",36
,"Myeloma","34000","Louisiana","22","45-49 years","45-49",96
,"Myeloma","34000","Louisiana","22","50-54 years","50-54",152
,"Myeloma","34000","Louisiana","22","55-59 years","55-59",274
,"Myeloma","34000","Louisiana","22","60-64 years ","60-64",420
,"Myeloma","34000","Louisiana","22","65-69 years","65-69",521
,"Myeloma","34000","Louisiana","22","70-74 years","70-74",689
,"Myeloma","34000","Louisiana","22","75-79 years","75-79",732
,"Myeloma","34000","Louisiana","22","80-84 years","80-84",649
,"Myeloma","34000","Louisiana","22","85+ years","85+",607
,"Myeloma","34000","Maine","23","50-54 years","50-54",38
,"Myeloma","34000","Maine","23","55-59 years","55-59",70
,"Myeloma","34000","Maine","23","60-64 years ","60-64",105
,"Myeloma","34000","Maine","23","65-69 years","65-69",155
,"Myeloma","34000","Maine","23","70-74 years","70-74",212
,"Myeloma","34000","Maine","23","75-79 years","75-79",220
,"Myeloma","34000","Maine","23","80-84 years","80-84",226
,"Myeloma","34000","Maine","23","85+ years","85+",279
,"Myeloma","34000","Maryland","24","35-39 years","35-39",26
,"Myeloma","34000","Maryland","24","40-44 years","40-44",49
,"Myeloma","34000","Maryland","24","45-49 years","45-49",107
,"Myeloma","34000","Maryland","24","50-54 years","50-54",222
,"Myeloma","34000","Maryland","24","55-59 years","55-59",375
,"Myeloma","34000","Maryland","24","60-64 years ","60-64",529
,"Myeloma","34000","Maryland","24","65-69 years","65-69",737
,"Myeloma","34000","Maryland","24","70-74 years","70-74",780
,"Myeloma","34000","Maryland","24","75-79 years","75-79",882
,"Myeloma","34000","Maryland","24","80-84 years","80-84",861
,"Myeloma","34000","Maryland","24","85+ years","85+",912
,"Myeloma","34000","Massachusetts","25","40-44 years","40-44",35
,"Myeloma","34000","Massachusetts","25","45-49 years","45-49",80
,"Myeloma","34000","Massachusetts","25","50-54 years","50-54",179
,"Myeloma","34000","Massachusetts","25","55-59 years","55-59",307
,"Myeloma","34000","Massachusetts","25","60-64 years ","60-64",489
,"Myeloma","34000","Massachusetts","25","65-69 years","65-69",651
,"Myeloma","34000","Massachusetts","25","70-74 years","70-74",803
,"Myeloma","34000","Massachusetts","25","75-79 years","75-79",955
,"Myeloma","34000","Massachusetts","25","80-84 years","80-84",979
,"Myeloma","34000","Massachusetts","25","85+ years","85+",1196
,"Myeloma","34000","Michigan","26","35-39 years","35-39",19
,"Myeloma","34000","Michigan","26","40-44 years","40-44",97
,"Myeloma","34000","Michigan","26","45-49 years","45-49",152
,"Myeloma","34000","Michigan","26","50-54 years","50-54",323
,"Myeloma","34000","Michigan","26","55-59 years","55-59",577
,"Myeloma","34000","Michigan","26","60-64 years ","60-64",894
,"Myeloma","34000","Michigan","26","65-69 years","65-69",1154
,"Myeloma","34000","Michigan","26","70-74 years","70-74",1525
,"Myeloma","34000","Michigan","26","75-79 years","75-79",1642
,"Myeloma","34000","Michigan","26","80-84 years","80-84",1655
,"Myeloma","34000","Michigan","26","85+ years","85+",1681
,"Myeloma","34000","Minnesota","27","40-44 years","40-44",25
,"Myeloma","34000","Minnesota","27","45-49 years","45-49",72
,"Myeloma","34000","Minnesota","27","50-54 years","50-54",158
,"Myeloma","34000","Minnesota","27","55-59 years","55-59",289
,"Myeloma","34000","Minnesota","27","60-64 years ","60-64",361
,"Myeloma","34000","Minnesota","27","65-69 years","65-69",534
,"Myeloma","34000","Minnesota","27","70-74 years","70-74",662
,"Myeloma","34000","Minnesota","27","75-79 years","75-79",787
,"Myeloma","34000","Minnesota","27","80-84 years","80-84",860
,"Myeloma","34000","Minnesota","27","85+ years","85+",919
,"Myeloma","34000","Mississippi","28","40-44 years","40-44",27
,"Myeloma","34000","Mississippi","28","45-49 years","45-49",54
,"Myeloma","34000","Mississippi","28","50-54 years","50-54",109
,"Myeloma","34000","Mississippi","28","55-59 years","55-59",198
,"Myeloma","34000","Mississippi","28","60-64 years ","60-64",285
,"Myeloma","34000","Mississippi","28","65-69 years","65-69",365
,"Myeloma","34000","Mississippi","28","70-74 years","70-74",453
,"Myeloma","34000","Mississippi","28","75-79 years","75-79",477
,"Myeloma","34000","Mississippi","28","80-84 years","80-84",440
,"Myeloma","34000","Mississippi","28","85+ years","85+",341
,"Myeloma","34000","Missouri","29","35-39 years","35-39",17
,"Myeloma","34000","Missouri","29","40-44 years","40-44",35
,"Myeloma","34000","Missouri","29","45-49 years","45-49",90
,"Myeloma","34000","Missouri","29","50-54 years","50-54",183
,"Myeloma","34000","Missouri","29","55-59 years","55-59",327
,"Myeloma","34000","Missouri","29","60-64 years ","60-64",504
,"Myeloma","34000","Missouri","29","65-69 years","65-69",720
,"Myeloma","34000","Missouri","29","70-74 years","70-74",810
,"Myeloma","34000","Missouri","29","75-79 years","75-79",973
,"Myeloma","34000","Missouri","29","80-84 years","80-84",938
,"Myeloma","34000","Missouri","29","85+ years","85+",934
,"Myeloma","34000","Montana","30","45-49 years","45-49",16
,"Myeloma","34000","Montana","30","50-54 years","50-54",20
,"Myeloma","34000","Montana","30","55-59 years","55-59",59
,"Myeloma","34000","Montana","30","60-64 years ","60-64",90
,"Myeloma","34000","Montana","30","65-69 years","65-69",98
,"Myeloma","34000","Montana","30","70-74 years","70-74",146
,"Myeloma","34000","Montana","30","75-79 years","75-79",173
,"Myeloma","34000","Montana","30","80-84 years","80-84",175
,"Myeloma","34000","Montana","30","85+ years","85+",166
,"Myeloma","34000","Nebraska","31","45-49 years","45-49",20
,"Myeloma","34000","Nebraska","31","50-54 years","50-54",47
,"Myeloma","34000","Nebraska","31","55-59 years","55-59",82
,"Myeloma","34000","Nebraska","31","60-64 years ","60-64",135
,"Myeloma","34000","Nebraska","31","65-69 years","65-69",184
,"Myeloma","34000","Nebraska","31","70-74 years","70-74",224
,"Myeloma","34000","Nebraska","31","75-79 years","75-79",227
,"Myeloma","34000","Nebraska","31","80-84 years","80-84",305
,"Myeloma","34000","Nebraska","31","85+ years","85+",334
,"Myeloma","34000","Nevada","32","40-44 years","40-44",19
,"Myeloma","34000","Nevada","32","45-49 years","45-49",33
,"Myeloma","34000","Nevada","32","50-54 years","50-54",76
,"Myeloma","34000","Nevada","32","55-59 years","55-59",126
,"Myeloma","34000","Nevada","32","60-64 years ","60-64",152
,"Myeloma","34000","Nevada","32","65-69 years","65-69",247
,"Myeloma","34000","Nevada","32","70-74 years","70-74",293
,"Myeloma","34000","Nevada","32","75-79 years","75-79",299
,"Myeloma","34000","Nevada","32","80-84 years","80-84",238
,"Myeloma","34000","Nevada","32","85+ years","85+",242
,"Myeloma","34000","New Hampshire","33","45-49 years","45-49",19
,"Myeloma","34000","New Hampshire","33","50-54 years","50-54",36
,"Myeloma","34000","New Hampshire","33","55-59 years","55-59",89
,"Myeloma","34000","New Hampshire","33","60-64 years ","60-64",103
,"Myeloma","34000","New Hampshire","33","65-69 years","65-69",140
,"Myeloma","34000","New Hampshire","33","70-74 years","70-74",168
,"Myeloma","34000","New Hampshire","33","75-79 years","75-79",193
,"Myeloma","34000","New Hampshire","33","80-84 years","80-84",187
,"Myeloma","34000","New Hampshire","33","85+ years","85+",191
,"Myeloma","34000","New Jersey","34","40-44 years","40-44",55
,"Myeloma","34000","New Jersey","34","45-49 years","45-49",118
,"Myeloma","34000","New Jersey","34","50-54 years","50-54",271
,"Myeloma","34000","New Jersey","34","55-59 years","55-59",475
,"Myeloma","34000","New Jersey","34","60-64 years ","60-64",649
,"Myeloma","34000","New Jersey","34","65-69 years","65-69",878
,"Myeloma","34000","New Jersey","34","70-74 years","70-74",1077
,"Myeloma","34000","New Jersey","34","75-79 years","75-79",1329
,"Myeloma","34000","New Jersey","34","80-84 years","80-84",1278
,"Myeloma","34000","New Jersey","34","85+ years","85+",1380
,"Myeloma","34000","New Mexico","35","45-49 years","45-49",28
,"Myeloma","34000","New Mexico","35","50-54 years","50-54",62
,"Myeloma","34000","New Mexico","35","55-59 years","55-59",103
,"Myeloma","34000","New Mexico","35","60-64 years ","60-64",148
,"Myeloma","34000","New Mexico","35","65-69 years","65-69",218
,"Myeloma","34000","New Mexico","35","70-74 years","70-74",243
,"Myeloma","34000","New Mexico","35","75-79 years","75-79",260
,"Myeloma","34000","New Mexico","35","80-84 years","80-84",259
,"Myeloma","34000","New Mexico","35","85+ years","85+",222
,"Myeloma","34000","New York","36","35-39 years","35-39",39
,"Myeloma","34000","New York","36","40-44 years","40-44",126
,"Myeloma","34000","New York","36","45-49 years","45-49",296
,"Myeloma","34000","New York","36","50-54 years","50-54",644
,"Myeloma","34000","New York","36","55-59 years","55-59",970
,"Myeloma","34000","New York","36","60-64 years ","60-64",1460
,"Myeloma","34000","New York","36","65-69 years","65-69",1903
,"Myeloma","34000","New York","36","70-74 years","70-74",2267
,"Myeloma","34000","New York","36","75-79 years","75-79",2457
,"Myeloma","34000","New York","36","80-84 years","80-84",2496
,"Myeloma","34000","New York","36","85+ years","85+",2855
,"Myeloma","34000","North Carolina","37","35-39 years","35-39",20
,"Myeloma","34000","North Carolina","37","40-44 years","40-44",63
,"Myeloma","34000","North Carolina","37","45-49 years","45-49",159
,"Myeloma","34000","North Carolina","37","50-54 years","50-54",326
,"Myeloma","34000","North Carolina","37","55-59 years","55-59",537
,"Myeloma","34000","North Carolina","37","60-64 years ","60-64",788
,"Myeloma","34000","North Carolina","37","65-69 years","65-69",1134
,"Myeloma","34000","North Carolina","37","70-74 years","70-74",1444
,"Myeloma","34000","North Carolina","37","75-79 years","75-79",1534
,"Myeloma","34000","North Carolina","37","80-84 years","80-84",1472
,"Myeloma","34000","North Carolina","37","85+ years","85+",1474
,"Myeloma","34000","North Dakota","38","50-54 years","50-54",18
,"Myeloma","34000","North Dakota","38","55-59 years","55-59",43
,"Myeloma","34000","North Dakota","38","60-64 years ","60-64",55
,"Myeloma","34000","North Dakota","38","65-69 years","65-69",65
,"Myeloma","34000","North Dakota","38","70-74 years","70-74",86
,"Myeloma","34000","North Dakota","38","75-79 years","75-79",117
,"Myeloma","34000","North Dakota","38","80-84 years","80-84",132
,"Myeloma","34000","North Dakota","38","85+ years","85+",147
,"Myeloma","34000","Ohio","39","35-39 years","35-39",20
,"Myeloma","34000","Ohio","39","40-44 years","40-44",87
,"Myeloma","34000","Ohio","39","45-49 years","45-49",185
,"Myeloma","34000","Ohio","39","50-54 years","50-54",449
,"Myeloma","34000","Ohio","39","55-59 years","55-59",679
,"Myeloma","34000","Ohio","39","60-64 years ","60-64",1035
,"Myeloma","34000","Ohio","39","65-69 years","65-69",1395
,"Myeloma","34000","Ohio","39","70-74 years","70-74",1681
,"Myeloma","34000","Ohio","39","75-79 years","75-79",1897
,"Myeloma","34000","Ohio","39","80-84 years","80-84",1870
,"Myeloma","34000","Ohio","39","85+ years","85+",1969
,"Myeloma","34000","Oklahoma","40","40-44 years","40-44",22
,"Myeloma","34000","Oklahoma","40","45-49 years","45-49",41
,"Myeloma","34000","Oklahoma","40","50-54 years","50-54",95
,"Myeloma","34000","Oklahoma","40","55-59 years","55-59",188
,"Myeloma","34000","Oklahoma","40","60-64 years ","60-64",304
,"Myeloma","34000","Oklahoma","40","65-69 years","65-69",425
,"Myeloma","34000","Oklahoma","40","70-74 years","70-74",495
,"Myeloma","34000","Oklahoma","40","75-79 years","75-79",600
,"Myeloma","34000","Oklahoma","40","80-84 years","80-84",521
,"Myeloma","34000","Oklahoma","40","85+ years","85+",488
,"Myeloma","34000","Oregon","41","40-44 years","40-44",22
,"Myeloma","34000","Oregon","41","45-49 years","45-49",55
,"Myeloma","34000","Oregon","41","50-54 years","50-54",100
,"Myeloma","34000","Oregon","41","55-59 years","55-59",208
,"Myeloma","34000","Oregon","41","60-64 years ","60-64",303
,"Myeloma","34000","Oregon","41","65-69 years","65-69",424
,"Myeloma","34000","Oregon","41","70-74 years","70-74",557
,"Myeloma","34000","Oregon","41","75-79 years","75-79",632
,"Myeloma","34000","Oregon","41","80-84 years","80-84",627
,"Myeloma","34000","Oregon","41","85+ years","85+",684
,"Myeloma","34000","Pennsylvania","42","35-39 years","35-39",25
,"Myeloma","34000","Pennsylvania","42","40-44 years","40-44",98
,"Myeloma","34000","Pennsylvania","42","45-49 years","45-49",217
,"Myeloma","34000","Pennsylvania","42","50-54 years","50-54",384
,"Myeloma","34000","Pennsylvania","42","55-59 years","55-59",672
,"Myeloma","34000","Pennsylvania","42","60-64 years ","60-64",1037
,"Myeloma","34000","Pennsylvania","42","65-69 years","65-69",1350
,"Myeloma","34000","Pennsylvania","42","70-74 years","70-74",2003
,"Myeloma","34000","Pennsylvania","42","75-79 years","75-79",2219
,"Myeloma","34000","Pennsylvania","42","80-84 years","80-84",2268
,"Myeloma","34000","Pennsylvania","42","85+ years","85+",2381
,"Myeloma","34000","Rhode Island","44","45-49 years","45-49",19
,"Myeloma","34000","Rhode Island","44","50-54 years","50-54",30
,"Myeloma","34000","Rhode Island","44","55-59 years","55-59",42
,"Myeloma","34000","Rhode Island","44","60-64 years ","60-64",78
,"Myeloma","34000","Rhode Island","44","65-69 years","65-69",86
,"Myeloma","34000","Rhode Island","44","70-74 years","70-74",126
,"Myeloma","34000","Rhode Island","44","75-79 years","75-79",156
,"Myeloma","34000","Rhode Island","44","80-84 years","80-84",151
,"Myeloma","34000","Rhode Island","44","85+ years","85+",194
,"Myeloma","34000","South Carolina","45","40-44 years","40-44",32
,"Myeloma","34000","South Carolina","45","45-49 years","45-49",96
,"Myeloma","34000","South Carolina","45","50-54 years","50-54",180
,"Myeloma","34000","South Carolina","45","55-59 years","55-59",297
,"Myeloma","34000","South Carolina","45","60-64 years ","60-64",476
,"Myeloma","34000","South Carolina","45","65-69 years","65-69",648
,"Myeloma","34000","South Carolina","45","70-74 years","70-74",768
,"Myeloma","34000","South Carolina","45","75-79 years","75-79",831
,"Myeloma","34000","South Carolina","45","80-84 years","80-84",754
,"Myeloma","34000","South Carolina","45","85+ years","85+",749
,"Myeloma","34000","South Dakota","46","50-54 years","50-54",20
,"Myeloma","34000","South Dakota","46","55-59 years","55-59",45
,"Myeloma","34000","South Dakota","46","60-64 years ","60-64",59
,"Myeloma","34000","South Dakota","46","65-69 years","65-69",84
,"Myeloma","34000","South Dakota","46","70-74 years","70-74",111
,"Myeloma","34000","South Dakota","46","75-79 years","75-79",129
,"Myeloma","34000","South Dakota","46","80-84 years","80-84",157
,"Myeloma","34000","South Dakota","46","85+ years","85+",203
,"Myeloma","34000","Tennessee","47","35-39 years","35-39",16
,"Myeloma","34000","Tennessee","47","40-44 years","40-44",45
,"Myeloma","34000","Tennessee","47","45-49 years","45-49",97
,"Myeloma","34000","Tennessee","47","50-54 years","50-54",223
,"Myeloma","34000","Tennessee","47","55-59 years","55-59",406
,"Myeloma","34000","Tennessee","47","60-64 years ","60-64",600
,"Myeloma","34000","Tennessee","47","65-69 years","65-69",825
,"Myeloma","34000","Tennessee","47","70-74 years","70-74",1004
,"Myeloma","34000","Tennessee","47","75-79 years","75-79",1068
,"Myeloma","34000","Tennessee","47","80-84 years","80-84",936
,"Myeloma","34000","Tennessee","47","85+ years","85+",898
,"Myeloma","34000","Texas","48","35-39 years","35-39",64
,"Myeloma","34000","Texas","48","40-44 years","40-44",162
,"Myeloma","34000","Texas","48","45-49 years","45-49",344
,"Myeloma","34000","Texas","48","50-54 years","50-54",692
,"Myeloma","34000","Texas","48","55-59 years","55-59",1242
,"Myeloma","34000","Texas","48","60-64 years ","60-64",1718
,"Myeloma","34000","Texas","48","65-69 years","65-69",2153
,"Myeloma","34000","Texas","48","70-74 years","70-74",2617
,"Myeloma","34000","Texas","48","75-79 years","75-79",2900
,"Myeloma","34000","Texas","48","80-84 years","80-84",2552
,"Myeloma","34000","Texas","48","85+ years","85+",2607
,"Myeloma","34000","Utah","49","45-49 years","45-49",22
,"Myeloma","34000","Utah","49","50-54 years","50-54",41
,"Myeloma","34000","Utah","49","55-59 years","55-59",86
,"Myeloma","34000","Utah","49","60-64 years ","60-64",130
,"Myeloma","34000","Utah","49","65-69 years","65-69",205
,"Myeloma","34000","Utah","49","70-74 years","70-74",263
,"Myeloma","34000","Utah","49","75-79 years","75-79",321
,"Myeloma","34000","Utah","49","80-84 years","80-84",269
,"Myeloma","34000","Utah","49","85+ years","85+",280
,"Myeloma","34000","Vermont","50","50-54 years","50-54",21
,"Myeloma","34000","Vermont","50","55-59 years","55-59",28
,"Myeloma","34000","Vermont","50","60-64 years ","60-64",51
,"Myeloma","34000","Vermont","50","65-69 years","65-69",77
,"Myeloma","34000","Vermont","50","70-74 years","70-74",80
,"Myeloma","34000","Vermont","50","75-79 years","75-79",89
,"Myeloma","34000","Vermont","50","80-84 years","80-84",91
,"Myeloma","34000","Vermont","50","85+ years","85+",100
,"Myeloma","34000","Virginia","51","40-44 years","40-44",58
,"Myeloma","34000","Virginia","51","45-49 years","45-49",136
,"Myeloma","34000","Virginia","51","50-54 years","50-54",307
,"Myeloma","34000","Virginia","51","55-59 years","55-59",474
,"Myeloma","34000","Virginia","51","60-64 years ","60-64",642
,"Myeloma","34000","Virginia","51","65-69 years","65-69",890
,"Myeloma","34000","Virginia","51","70-74 years","70-74",1088
,"Myeloma","34000","Virginia","51","75-79 years","75-79",1154
,"Myeloma","34000","Virginia","51","80-84 years","80-84",1116
,"Myeloma","34000","Virginia","51","85+ years","85+",1189
,"Myeloma","34000","Washington","53","40-44 years","40-44",30
,"Myeloma","34000","Washington","53","45-49 years","45-49",89
,"Myeloma","34000","Washington","53","50-54 years","50-54",159
,"Myeloma","34000","Washington","53","55-59 years","55-59",313
,"Myeloma","34000","Washington","53","60-64 years ","60-64",480
,"Myeloma","34000","Washington","53","65-69 years","65-69",648
,"Myeloma","34000","Washington","53","70-74 years","70-74",851
,"Myeloma","34000","Washington","53","75-79 years","75-79",954
,"Myeloma","34000","Washington","53","80-84 years","80-84",908
,"Myeloma","34000","Washington","53","85+ years","85+",1001
,"Myeloma","34000","West Virginia","54","45-49 years","45-49",22
,"Myeloma","34000","West Virginia","54","50-54 years","50-54",65
,"Myeloma","34000","West Virginia","54","55-59 years","55-59",108
,"Myeloma","34000","West Virginia","54","60-64 years ","60-64",183
,"Myeloma","34000","West Virginia","54","65-69 years","65-69",231
,"Myeloma","34000","West Virginia","54","70-74 years","70-74",348
,"Myeloma","34000","West Virginia","54","75-79 years","75-79",343
,"Myeloma","34000","West Virginia","54","80-84 years","80-84",303
,"Myeloma","34000","West Virginia","54","85+ years","85+",290
,"Myeloma","34000","Wisconsin","55","40-44 years","40-44",29
,"Myeloma","34000","Wisconsin","55","45-49 years","45-49",74
,"Myeloma","34000","Wisconsin","55","50-54 years","50-54",146
,"Myeloma","34000","Wisconsin","55","55-59 years","55-59",266
,"Myeloma","34000","Wisconsin","55","60-64 years ","60-64",431
,"Myeloma","34000","Wisconsin","55","65-69 years","65-69",560
,"Myeloma","34000","Wisconsin","55","70-74 years","70-74",794
,"Myeloma","34000","Wisconsin","55","75-79 years","75-79",851
,"Myeloma","34000","Wisconsin","55","80-84 years","80-84",906
,"Myeloma","34000","Wisconsin","55","85+ years","85+",1076
,"Myeloma","34000","Wyoming","56","55-59 years","55-59",21
,"Myeloma","34000","Wyoming","56","60-64 years ","60-64",37
,"Myeloma","34000","Wyoming","56","65-69 years","65-69",54
,"Myeloma","34000","Wyoming","56","70-74 years","70-74",69
,"Myeloma","34000","Wyoming","56","75-79 years","75-79",86
,"Myeloma","34000","Wyoming","56","80-84 years","80-84",64
,"Myeloma","34000","Wyoming","56","85+ years","85+",76
,"Non-Hodgkin Lymphoma","33041-33042","Alabama","01","20-24 years","20-24",23
,"Non-Hodgkin Lymphoma","33041-33042","Alabama","01","25-29 years","25-29",34
,"Non-Hodgkin Lymphoma","33041-33042","Alabama","01","30-34 years","30-34",54
,"Non-Hodgkin Lymphoma","33041-33042","Alabama","01","35-39 years","35-39",84
,"Non-Hodgkin Lymphoma","33041-33042","Alabama","01","40-44 years","40-44",99
,"Non-Hodgkin Lymphoma","33041-33042","Alabama","01","45-49 years","45-49",199
,"Non-Hodgkin Lymphoma","33041-33042","Alabama","01","50-54 years","50-54",288
,"Non-Hodgkin Lymphoma","33041-33042","Alabama","01","55-59 years","55-59",446
,"Non-Hodgkin Lymphoma","33041-33042","Alabama","01","60-64 years ","60-64",640
,"Non-Hodgkin Lymphoma","33041-33042","Alabama","01","65-69 years","65-69",872
,"Non-Hodgkin Lymphoma","33041-33042","Alabama","01","70-74 years","70-74",1087
,"Non-Hodgkin Lymphoma","33041-33042","Alabama","01","75-79 years","75-79",1198
,"Non-Hodgkin Lymphoma","33041-33042","Alabama","01","80-84 years","80-84",1097
,"Non-Hodgkin Lymphoma","33041-33042","Alabama","01","85+ years","85+",1223
,"Non-Hodgkin Lymphoma","33041-33042","Alaska","02","45-49 years","45-49",25
,"Non-Hodgkin Lymphoma","33041-33042","Alaska","02","50-54 years","50-54",23
,"Non-Hodgkin Lymphoma","33041-33042","Alaska","02","55-59 years","55-59",64
,"Non-Hodgkin Lymphoma","33041-33042","Alaska","02","60-64 years ","60-64",91
,"Non-Hodgkin Lymphoma","33041-33042","Alaska","02","65-69 years","65-69",80
,"Non-Hodgkin Lymphoma","33041-33042","Alaska","02","70-74 years","70-74",84
,"Non-Hodgkin Lymphoma","33041-33042","Alaska","02","75-79 years","75-79",111
,"Non-Hodgkin Lymphoma","33041-33042","Alaska","02","80-84 years","80-84",98
,"Non-Hodgkin Lymphoma","33041-33042","Alaska","02","85+ years","85+",69
,"Non-Hodgkin Lymphoma","33041-33042","Arizona","04","15-19 years","15-19",20
,"Non-Hodgkin Lymphoma","33041-33042","Arizona","04","20-24 years","20-24",32
,"Non-Hodgkin Lymphoma","33041-33042","Arizona","04","25-29 years","25-29",39
,"Non-Hodgkin Lymphoma","33041-33042","Arizona","04","30-34 years","30-34",58
,"Non-Hodgkin Lymphoma","33041-33042","Arizona","04","35-39 years","35-39",63
,"Non-Hodgkin Lymphoma","33041-33042","Arizona","04","40-44 years","40-44",130
,"Non-Hodgkin Lymphoma","33041-33042","Arizona","04","45-49 years","45-49",210
,"Non-Hodgkin Lymphoma","33041-33042","Arizona","04","50-54 years","50-54",328
,"Non-Hodgkin Lymphoma","33041-33042","Arizona","04","55-59 years","55-59",483
,"Non-Hodgkin Lymphoma","33041-33042","Arizona","04","60-64 years ","60-64",713
,"Non-Hodgkin Lymphoma","33041-33042","Arizona","04","65-69 years","65-69",1016
,"Non-Hodgkin Lymphoma","33041-33042","Arizona","04","70-74 years","70-74",1288
,"Non-Hodgkin Lymphoma","33041-33042","Arizona","04","75-79 years","75-79",1542
,"Non-Hodgkin Lymphoma","33041-33042","Arizona","04","80-84 years","80-84",1532
,"Non-Hodgkin Lymphoma","33041-33042","Arizona","04","85+ years","85+",1747
,"Non-Hodgkin Lymphoma","33041-33042","Arkansas","05","25-29 years","25-29",18
,"Non-Hodgkin Lymphoma","33041-33042","Arkansas","05","30-34 years","30-34",25
,"Non-Hodgkin Lymphoma","33041-33042","Arkansas","05","35-39 years","35-39",41
,"Non-Hodgkin Lymphoma","33041-33042","Arkansas","05","40-44 years","40-44",64
,"Non-Hodgkin Lymphoma","33041-33042","Arkansas","05","45-49 years","45-49",96
,"Non-Hodgkin Lymphoma","33041-33042","Arkansas","05","50-54 years","50-54",168
,"Non-Hodgkin Lymphoma","33041-33042","Arkansas","05","55-59 years","55-59",310
,"Non-Hodgkin Lymphoma","33041-33042","Arkansas","05","60-64 years ","60-64",428
,"Non-Hodgkin Lymphoma","33041-33042","Arkansas","05","65-69 years","65-69",535
,"Non-Hodgkin Lymphoma","33041-33042","Arkansas","05","70-74 years","70-74",718
,"Non-Hodgkin Lymphoma","33041-33042","Arkansas","05","75-79 years","75-79",832
,"Non-Hodgkin Lymphoma","33041-33042","Arkansas","05","80-84 years","80-84",780
,"Non-Hodgkin Lymphoma","33041-33042","Arkansas","05","85+ years","85+",831
,"Non-Hodgkin Lymphoma","33041-33042","California","06","1-4 years","1-4",17
,"Non-Hodgkin Lymphoma","33041-33042","California","06","5-9 years","5-9",33
,"Non-Hodgkin Lymphoma","33041-33042","California","06","10-14 years","10-14",60
,"Non-Hodgkin Lymphoma","33041-33042","California","06","15-19 years","15-19",111
,"Non-Hodgkin Lymphoma","33041-33042","California","06","20-24 years","20-24",209
,"Non-Hodgkin Lymphoma","33041-33042","California","06","25-29 years","25-29",248
,"Non-Hodgkin Lymphoma","33041-33042","California","06","30-34 years","30-34",357
,"Non-Hodgkin Lymphoma","33041-33042","California","06","35-39 years","35-39",473
,"Non-Hodgkin Lymphoma","33041-33042","California","06","40-44 years","40-44",810
,"Non-Hodgkin Lymphoma","33041-33042","California","06","45-49 years","45-49",1248
,"Non-Hodgkin Lymphoma","33041-33042","California","06","50-54 years","50-54",1921
,"Non-Hodgkin Lymphoma","33041-33042","California","06","55-59 years","55-59",2946
,"Non-Hodgkin Lymphoma","33041-33042","California","06","60-64 years ","60-64",4036
,"Non-Hodgkin Lymphoma","33041-33042","California","06","65-69 years","65-69",4906
,"Non-Hodgkin Lymphoma","33041-33042","California","06","70-74 years","70-74",6274
,"Non-Hodgkin Lymphoma","33041-33042","California","06","75-79 years","75-79",7424
,"Non-Hodgkin Lymphoma","33041-33042","California","06","80-84 years","80-84",8021
,"Non-Hodgkin Lymphoma","33041-33042","California","06","85+ years","85+",10195
,"Non-Hodgkin Lymphoma","33041-33042","Colorado","08","20-24 years","20-24",19
,"Non-Hodgkin Lymphoma","33041-33042","Colorado","08","25-29 years","25-29",29
,"Non-Hodgkin Lymphoma","33041-33042","Colorado","08","30-34 years","30-34",29
,"Non-Hodgkin Lymphoma","33041-33042","Colorado","08","35-39 years","35-39",61
,"Non-Hodgkin Lymphoma","33041-33042","Colorado","08","40-44 years","40-44",81
,"Non-Hodgkin Lymphoma","33041-33042","Colorado","08","45-49 years","45-49",148
,"Non-Hodgkin Lymphoma","33041-33042","Colorado","08","50-54 years","50-54",236
,"Non-Hodgkin Lymphoma","33041-33042","Colorado","08","55-59 years","55-59",348
,"Non-Hodgkin Lymphoma","33041-33042","Colorado","08","60-64 years ","60-64",474
,"Non-Hodgkin Lymphoma","33041-33042","Colorado","08","65-69 years","65-69",633
,"Non-Hodgkin Lymphoma","33041-33042","Colorado","08","70-74 years","70-74",760
,"Non-Hodgkin Lymphoma","33041-33042","Colorado","08","75-79 years","75-79",912
,"Non-Hodgkin Lymphoma","33041-33042","Colorado","08","80-84 years","80-84",1015
,"Non-Hodgkin Lymphoma","33041-33042","Colorado","08","85+ years","85+",1194
,"Non-Hodgkin Lymphoma","33041-33042","Connecticut","09","25-29 years","25-29",17
,"Non-Hodgkin Lymphoma","33041-33042","Connecticut","09","30-34 years","30-34",27
,"Non-Hodgkin Lymphoma","33041-33042","Connecticut","09","35-39 years","35-39",41
,"Non-Hodgkin Lymphoma","33041-33042","Connecticut","09","40-44 years","40-44",67
,"Non-Hodgkin Lymphoma","33041-33042","Connecticut","09","45-49 years","45-49",87
,"Non-Hodgkin Lymphoma","33041-33042","Connecticut","09","50-54 years","50-54",176
,"Non-Hodgkin Lymphoma","33041-33042","Connecticut","09","55-59 years","55-59",316
,"Non-Hodgkin Lymphoma","33041-33042","Connecticut","09","60-64 years ","60-64",400
,"Non-Hodgkin Lymphoma","33041-33042","Connecticut","09","65-69 years","65-69",525
,"Non-Hodgkin Lymphoma","33041-33042","Connecticut","09","70-74 years","70-74",700
,"Non-Hodgkin Lymphoma","33041-33042","Connecticut","09","75-79 years","75-79",900
,"Non-Hodgkin Lymphoma","33041-33042","Connecticut","09","80-84 years","80-84",1077
,"Non-Hodgkin Lymphoma","33041-33042","Connecticut","09","85+ years","85+",1552
,"Non-Hodgkin Lymphoma","33041-33042","Delaware","10","40-44 years","40-44",17
,"Non-Hodgkin Lymphoma","33041-33042","Delaware","10","45-49 years","45-49",34
,"Non-Hodgkin Lymphoma","33041-33042","Delaware","10","50-54 years","50-54",49
,"Non-Hodgkin Lymphoma","33041-33042","Delaware","10","55-59 years","55-59",77
,"Non-Hodgkin Lymphoma","33041-33042","Delaware","10","60-64 years ","60-64",124
,"Non-Hodgkin Lymphoma","33041-33042","Delaware","10","65-69 years","65-69",149
,"Non-Hodgkin Lymphoma","33041-33042","Delaware","10","70-74 years","70-74",227
,"Non-Hodgkin Lymphoma","33041-33042","Delaware","10","75-79 years","75-79",276
,"Non-Hodgkin Lymphoma","33041-33042","Delaware","10","80-84 years","80-84",247
,"Non-Hodgkin Lymphoma","33041-33042","Delaware","10","85+ years","85+",280
,"Non-Hodgkin Lymphoma","33041-33042","District of Columbia","11","40-44 years","40-44",19
,"Non-Hodgkin Lymphoma","33041-33042","District of Columbia","11","45-49 years","45-49",19
,"Non-Hodgkin Lymphoma","33041-33042","District of Columbia","11","50-54 years","50-54",34
,"Non-Hodgkin Lymphoma","33041-33042","District of Columbia","11","55-59 years","55-59",67
,"Non-Hodgkin Lymphoma","33041-33042","District of Columbia","11","60-64 years ","60-64",62
,"Non-Hodgkin Lymphoma","33041-33042","District of Columbia","11","65-69 years","65-69",74
,"Non-Hodgkin Lymphoma","33041-33042","District of Columbia","11","70-74 years","70-74",81
,"Non-Hodgkin Lymphoma","33041-33042","District of Columbia","11","75-79 years","75-79",98
,"Non-Hodgkin Lymphoma","33041-33042","District of Columbia","11","80-84 years","80-84",92
,"Non-Hodgkin Lymphoma","33041-33042","District of Columbia","11","85+ years","85+",128
,"Non-Hodgkin Lymphoma","33041-33042","Florida","12","5-9 years","5-9",20
,"Non-Hodgkin Lymphoma","33041-33042","Florida","12","10-14 years","10-14",28
,"Non-Hodgkin Lymphoma","33041-33042","Florida","12","15-19 years","15-19",55
,"Non-Hodgkin Lymphoma","33041-33042","Florida","12","20-24 years","20-24",106
,"Non-Hodgkin Lymphoma","33041-33042","Florida","12","25-29 years","25-29",152
,"Non-Hodgkin Lymphoma","33041-33042","Florida","12","30-34 years","30-34",223
,"Non-Hodgkin Lymphoma","33041-33042","Florida","12","35-39 years","35-39",283
,"Non-Hodgkin Lymphoma","33041-33042","Florida","12","40-44 years","40-44",463
,"Non-Hodgkin Lymphoma","33041-33042","Florida","12","45-49 years","45-49",768
,"Non-Hodgkin Lymphoma","33041-33042","Florida","12","50-54 years","50-54",1182
,"Non-Hodgkin Lymphoma","33041-33042","Florida","12","55-59 years","55-59",1823
,"Non-Hodgkin Lymphoma","33041-33042","Florida","12","60-64 years ","60-64",2516
,"Non-Hodgkin Lymphoma","33041-33042","Florida","12","65-69 years","65-69",3526
,"Non-Hodgkin Lymphoma","33041-33042","Florida","12","70-74 years","70-74",4686
,"Non-Hodgkin Lymphoma","33041-33042","Florida","12","75-79 years","75-79",5788
,"Non-Hodgkin Lymphoma","33041-33042","Florida","12","80-84 years","80-84",6011
,"Non-Hodgkin Lymphoma","33041-33042","Florida","12","85+ years","85+",7350
,"Non-Hodgkin Lymphoma","33041-33042","Georgia","13","10-14 years","10-14",19
,"Non-Hodgkin Lymphoma","33041-33042","Georgia","13","15-19 years","15-19",33
,"Non-Hodgkin Lymphoma","33041-33042","Georgia","13","20-24 years","20-24",60
,"Non-Hodgkin Lymphoma","33041-33042","Georgia","13","25-29 years","25-29",81
,"Non-Hodgkin Lymphoma","33041-33042","Georgia","13","30-34 years","30-34",95
,"Non-Hodgkin Lymphoma","33041-33042","Georgia","13","35-39 years","35-39",137
,"Non-Hodgkin Lymphoma","33041-33042","Georgia","13","40-44 years","40-44",233
,"Non-Hodgkin Lymphoma","33041-33042","Georgia","13","45-49 years","45-49",333
,"Non-Hodgkin Lymphoma","33041-33042","Georgia","13","50-54 years","50-54",515
,"Non-Hodgkin Lymphoma","33041-33042","Georgia","13","55-59 years","55-59",768
,"Non-Hodgkin Lymphoma","33041-33042","Georgia","13","60-64 years ","60-64",1020
,"Non-Hodgkin Lymphoma","33041-33042","Georgia","13","65-69 years","65-69",1282
,"Non-Hodgkin Lymphoma","33041-33042","Georgia","13","70-74 years","70-74",1522
,"Non-Hodgkin Lymphoma","33041-33042","Georgia","13","75-79 years","75-79",1704
,"Non-Hodgkin Lymphoma","33041-33042","Georgia","13","80-84 years","80-84",1603
,"Non-Hodgkin Lymphoma","33041-33042","Georgia","13","85+ years","85+",1811
,"Non-Hodgkin Lymphoma","33041-33042","Hawaii","15","35-39 years","35-39",19
,"Non-Hodgkin Lymphoma","33041-33042","Hawaii","15","40-44 years","40-44",30
,"Non-Hodgkin Lymphoma","33041-33042","Hawaii","15","45-49 years","45-49",41
,"Non-Hodgkin Lymphoma","33041-33042","Hawaii","15","50-54 years","50-54",66
,"Non-Hodgkin Lymphoma","33041-33042","Hawaii","15","55-59 years","55-59",108
,"Non-Hodgkin Lymphoma","33041-33042","Hawaii","15","60-64 years ","60-64",175
,"Non-Hodgkin Lymphoma","33041-33042","Hawaii","15","65-69 years","65-69",202
,"Non-Hodgkin Lymphoma","33041-33042","Hawaii","15","70-74 years","70-74",248
,"Non-Hodgkin Lymphoma","33041-33042","Hawaii","15","75-79 years","75-79",330
,"Non-Hodgkin Lymphoma","33041-33042","Hawaii","15","80-84 years","80-84",290
,"Non-Hodgkin Lymphoma","33041-33042","Hawaii","15","85+ years","85+",446
,"Non-Hodgkin Lymphoma","33041-33042","Idaho","16","40-44 years","40-44",20
,"Non-Hodgkin Lymphoma","33041-33042","Idaho","16","45-49 years","45-49",44
,"Non-Hodgkin Lymphoma","33041-33042","Idaho","16","50-54 years","50-54",73
,"Non-Hodgkin Lymphoma","33041-33042","Idaho","16","55-59 years","55-59",137
,"Non-Hodgkin Lymphoma","33041-33042","Idaho","16","60-64 years ","60-64",178
,"Non-Hodgkin Lymphoma","33041-33042","Idaho","16","65-69 years","65-69",260
,"Non-Hodgkin Lymphoma","33041-33042","Idaho","16","70-74 years","70-74",336
,"Non-Hodgkin Lymphoma","33041-33042","Idaho","16","75-79 years","75-79",383
,"Non-Hodgkin Lymphoma","33041-33042","Idaho","16","80-84 years","80-84",444
,"Non-Hodgkin Lymphoma","33041-33042","Idaho","16","85+ years","85+",480
,"Non-Hodgkin Lymphoma","33041-33042","Illinois","17","10-14 years","10-14",24
,"Non-Hodgkin Lymphoma","33041-33042","Illinois","17","15-19 years","15-19",35
,"Non-Hodgkin Lymphoma","33041-33042","Illinois","17","20-24 years","20-24",74
,"Non-Hodgkin Lymphoma","33041-33042","Illinois","17","25-29 years","25-29",87
,"Non-Hodgkin Lymphoma","33041-33042","Illinois","17","30-34 years","30-34",116
,"Non-Hodgkin Lymphoma","33041-33042","Illinois","17","35-39 years","35-39",150
,"Non-Hodgkin Lymphoma","33041-33042","Illinois","17","40-44 years","40-44",250
,"Non-Hodgkin Lymphoma","33041-33042","Illinois","17","45-49 years","45-49",425
,"Non-Hodgkin Lymphoma","33041-33042","Illinois","17","50-54 years","50-54",700
,"Non-Hodgkin Lymphoma","33041-33042","Illinois","17","55-59 years","55-59",1146
,"Non-Hodgkin Lymphoma","33041-33042","Illinois","17","60-64 years ","60-64",1540
,"Non-Hodgkin Lymphoma","33041-33042","Illinois","17","65-69 years","65-69",1967
,"Non-Hodgkin Lymphoma","33041-33042","Illinois","17","70-74 years","70-74",2545
,"Non-Hodgkin Lymphoma","33041-33042","Illinois","17","75-79 years","75-79",3169
,"Non-Hodgkin Lymphoma","33041-33042","Illinois","17","80-84 years","80-84",3352
,"Non-Hodgkin Lymphoma","33041-33042","Illinois","17","85+ years","85+",4364
,"Non-Hodgkin Lymphoma","33041-33042","Indiana","18","15-19 years","15-19",19
,"Non-Hodgkin Lymphoma","33041-33042","Indiana","18","20-24 years","20-24",36
,"Non-Hodgkin Lymphoma","33041-33042","Indiana","18","25-29 years","25-29",47
,"Non-Hodgkin Lymphoma","33041-33042","Indiana","18","30-34 years","30-34",63
,"Non-Hodgkin Lymphoma","33041-33042","Indiana","18","35-39 years","35-39",101
,"Non-Hodgkin Lymphoma","33041-33042","Indiana","18","40-44 years","40-44",153
,"Non-Hodgkin Lymphoma","33041-33042","Indiana","18","45-49 years","45-49",214
,"Non-Hodgkin Lymphoma","33041-33042","Indiana","18","50-54 years","50-54",401
,"Non-Hodgkin Lymphoma","33041-33042","Indiana","18","55-59 years","55-59",709
,"Non-Hodgkin Lymphoma","33041-33042","Indiana","18","60-64 years ","60-64",913
,"Non-Hodgkin Lymphoma","33041-33042","Indiana","18","65-69 years","65-69",1259
,"Non-Hodgkin Lymphoma","33041-33042","Indiana","18","70-74 years","70-74",1537
,"Non-Hodgkin Lymphoma","33041-33042","Indiana","18","75-79 years","75-79",1800
,"Non-Hodgkin Lymphoma","33041-33042","Indiana","18","80-84 years","80-84",1782
,"Non-Hodgkin Lymphoma","33041-33042","Indiana","18","85+ years","85+",2096
,"Non-Hodgkin Lymphoma","33041-33042","Iowa","19","25-29 years","25-29",20
,"Non-Hodgkin Lymphoma","33041-33042","Iowa","19","30-34 years","30-34",25
,"Non-Hodgkin Lymphoma","33041-33042","Iowa","19","35-39 years","35-39",30
,"Non-Hodgkin Lymphoma","33041-33042","Iowa","19","40-44 years","40-44",60
,"Non-Hodgkin Lymphoma","33041-33042","Iowa","19","45-49 years","45-49",97
,"Non-Hodgkin Lymphoma","33041-33042","Iowa","19","50-54 years","50-54",154
,"Non-Hodgkin Lymphoma","33041-33042","Iowa","19","55-59 years","55-59",295
,"Non-Hodgkin Lymphoma","33041-33042","Iowa","19","60-64 years ","60-64",441
,"Non-Hodgkin Lymphoma","33041-33042","Iowa","19","65-69 years","65-69",574
,"Non-Hodgkin Lymphoma","33041-33042","Iowa","19","70-74 years","70-74",777
,"Non-Hodgkin Lymphoma","33041-33042","Iowa","19","75-79 years","75-79",986
,"Non-Hodgkin Lymphoma","33041-33042","Iowa","19","80-84 years","80-84",1035
,"Non-Hodgkin Lymphoma","33041-33042","Iowa","19","85+ years","85+",1458
,"Non-Hodgkin Lymphoma","33041-33042","Kansas","20","25-29 years","25-29",22
,"Non-Hodgkin Lymphoma","33041-33042","Kansas","20","30-34 years","30-34",21
,"Non-Hodgkin Lymphoma","33041-33042","Kansas","20","35-39 years","35-39",33
,"Non-Hodgkin Lymphoma","33041-33042","Kansas","20","40-44 years","40-44",59
,"Non-Hodgkin Lymphoma","33041-33042","Kansas","20","45-49 years","45-49",97
,"Non-Hodgkin Lymphoma","33041-33042","Kansas","20","50-54 years","50-54",179
,"Non-Hodgkin Lymphoma","33041-33042","Kansas","20","55-59 years","55-59",241
,"Non-Hodgkin Lymphoma","33041-33042","Kansas","20","60-64 years ","60-64",379
,"Non-Hodgkin Lymphoma","33041-33042","Kansas","20","65-69 years","65-69",511
,"Non-Hodgkin Lymphoma","33041-33042","Kansas","20","70-74 years","70-74",590
,"Non-Hodgkin Lymphoma","33041-33042","Kansas","20","75-79 years","75-79",757
,"Non-Hodgkin Lymphoma","33041-33042","Kansas","20","80-84 years","80-84",857
,"Non-Hodgkin Lymphoma","33041-33042","Kansas","20","85+ years","85+",1109
,"Non-Hodgkin Lymphoma","33041-33042","Kentucky","21","25-29 years","25-29",28
,"Non-Hodgkin Lymphoma","33041-33042","Kentucky","21","30-34 years","30-34",45
,"Non-Hodgkin Lymphoma","33041-33042","Kentucky","21","35-39 years","35-39",73
,"Non-Hodgkin Lymphoma","33041-33042","Kentucky","21","40-44 years","40-44",115
,"Non-Hodgkin Lymphoma","33041-33042","Kentucky","21","45-49 years","45-49",155
,"Non-Hodgkin Lymphoma","33041-33042","Kentucky","21","50-54 years","50-54",287
,"Non-Hodgkin Lymphoma","33041-33042","Kentucky","21","55-59 years","55-59",498
,"Non-Hodgkin Lymphoma","33041-33042","Kentucky","21","60-64 years ","60-64",682
,"Non-Hodgkin Lymphoma","33041-33042","Kentucky","21","65-69 years","65-69",859
,"Non-Hodgkin Lymphoma","33041-33042","Kentucky","21","70-74 years","70-74",1018
,"Non-Hodgkin Lymphoma","33041-33042","Kentucky","21","75-79 years","75-79",1175
,"Non-Hodgkin Lymphoma","33041-33042","Kentucky","21","80-84 years","80-84",1146
,"Non-Hodgkin Lymphoma","33041-33042","Kentucky","21","85+ years","85+",1332
,"Non-Hodgkin Lymphoma","33041-33042","Louisiana","22","15-19 years","15-19",21
,"Non-Hodgkin Lymphoma","33041-33042","Louisiana","22","20-24 years","20-24",32
,"Non-Hodgkin Lymphoma","33041-33042","Louisiana","22","25-29 years","25-29",38
,"Non-Hodgkin Lymphoma","33041-33042","Louisiana","22","30-34 years","30-34",63
,"Non-Hodgkin Lymphoma","33041-33042","Louisiana","22","35-39 years","35-39",72
,"Non-Hodgkin Lymphoma","33041-33042","Louisiana","22","40-44 years","40-44",120
,"Non-Hodgkin Lymphoma","33041-33042","Louisiana","22","45-49 years","45-49",183
,"Non-Hodgkin Lymphoma","33041-33042","Louisiana","22","50-54 years","50-54",325
,"Non-Hodgkin Lymphoma","33041-33042","Louisiana","22","55-59 years","55-59",442
,"Non-Hodgkin Lymphoma","33041-33042","Louisiana","22","60-64 years ","60-64",669
,"Non-Hodgkin Lymphoma","33041-33042","Louisiana","22","65-69 years","65-69",756
,"Non-Hodgkin Lymphoma","33041-33042","Louisiana","22","70-74 years","70-74",985
,"Non-Hodgkin Lymphoma","33041-33042","Louisiana","22","75-79 years","75-79",1105
,"Non-Hodgkin Lymphoma","33041-33042","Louisiana","22","80-84 years","80-84",1084
,"Non-Hodgkin Lymphoma","33041-33042","Louisiana","22","85+ years","85+",1147
,"Non-Hodgkin Lymphoma","33041-33042","Maine","23","40-44 years","40-44",30
,"Non-Hodgkin Lymphoma","33041-33042","Maine","23","45-49 years","45-49",49
,"Non-Hodgkin Lymphoma","33041-33042","Maine","23","50-54 years","50-54",93
,"Non-Hodgkin Lymphoma","33041-33042","Maine","23","55-59 years","55-59",127
,"Non-Hodgkin Lymphoma","33041-33042","Maine","23","60-64 years ","60-64",217
,"Non-Hodgkin Lymphoma","33041-33042","Maine","23","65-69 years","65-69",266
,"Non-Hodgkin Lymphoma","33041-33042","Maine","23","70-74 years","70-74",369
,"Non-Hodgkin Lymphoma","33041-33042","Maine","23","75-79 years","75-79",435
,"Non-Hodgkin Lymphoma","33041-33042","Maine","23","80-84 years","80-84",436
,"Non-Hodgkin Lymphoma","33041-33042","Maine","23","85+ years","85+",584
,"Non-Hodgkin Lymphoma","33041-33042","Maryland","24","15-19 years","15-19",18
,"Non-Hodgkin Lymphoma","33041-33042","Maryland","24","20-24 years","20-24",21
,"Non-Hodgkin Lymphoma","33041-33042","Maryland","24","25-29 years","25-29",39
,"Non-Hodgkin Lymphoma","33041-33042","Maryland","24","30-34 years","30-34",59
,"Non-Hodgkin Lymphoma","33041-33042","Maryland","24","35-39 years","35-39",86
,"Non-Hodgkin Lymphoma","33041-33042","Maryland","24","40-44 years","40-44",126
,"Non-Hodgkin Lymphoma","33041-33042","Maryland","24","45-49 years","45-49",228
,"Non-Hodgkin Lymphoma","33041-33042","Maryland","24","50-54 years","50-54",322
,"Non-Hodgkin Lymphoma","33041-33042","Maryland","24","55-59 years","55-59",516
,"Non-Hodgkin Lymphoma","33041-33042","Maryland","24","60-64 years ","60-64",688
,"Non-Hodgkin Lymphoma","33041-33042","Maryland","24","65-69 years","65-69",806
,"Non-Hodgkin Lymphoma","33041-33042","Maryland","24","70-74 years","70-74",980
,"Non-Hodgkin Lymphoma","33041-33042","Maryland","24","75-79 years","75-79",1220
,"Non-Hodgkin Lymphoma","33041-33042","Maryland","24","80-84 years","80-84",1276
,"Non-Hodgkin Lymphoma","33041-33042","Maryland","24","85+ years","85+",1558
,"Non-Hodgkin Lymphoma","33041-33042","Massachusetts","25","20-24 years","20-24",30
,"Non-Hodgkin Lymphoma","33041-33042","Massachusetts","25","25-29 years","25-29",43
,"Non-Hodgkin Lymphoma","33041-33042","Massachusetts","25","30-34 years","30-34",52
,"Non-Hodgkin Lymphoma","33041-33042","Massachusetts","25","35-39 years","35-39",92
,"Non-Hodgkin Lymphoma","33041-33042","Massachusetts","25","40-44 years","40-44",163
,"Non-Hodgkin Lymphoma","33041-33042","Massachusetts","25","45-49 years","45-49",193
,"Non-Hodgkin Lymphoma","33041-33042","Massachusetts","25","50-54 years","50-54",328
,"Non-Hodgkin Lymphoma","33041-33042","Massachusetts","25","55-59 years","55-59",561
,"Non-Hodgkin Lymphoma","33041-33042","Massachusetts","25","60-64 years ","60-64",674
,"Non-Hodgkin Lymphoma","33041-33042","Massachusetts","25","65-69 years","65-69",965
,"Non-Hodgkin Lymphoma","33041-33042","Massachusetts","25","70-74 years","70-74",1291
,"Non-Hodgkin Lymphoma","33041-33042","Massachusetts","25","75-79 years","75-79",1702
,"Non-Hodgkin Lymphoma","33041-33042","Massachusetts","25","80-84 years","80-84",2014
,"Non-Hodgkin Lymphoma","33041-33042","Massachusetts","25","85+ years","85+",2649
,"Non-Hodgkin Lymphoma","33041-33042","Michigan","26","15-19 years","15-19",33
,"Non-Hodgkin Lymphoma","33041-33042","Michigan","26","20-24 years","20-24",57
,"Non-Hodgkin Lymphoma","33041-33042","Michigan","26","25-29 years","25-29",75
,"Non-Hodgkin Lymphoma","33041-33042","Michigan","26","30-34 years","30-34",106
,"Non-Hodgkin Lymphoma","33041-33042","Michigan","26","35-39 years","35-39",136
,"Non-Hodgkin Lymphoma","33041-33042","Michigan","26","40-44 years","40-44",247
,"Non-Hodgkin Lymphoma","33041-33042","Michigan","26","45-49 years","45-49",416
,"Non-Hodgkin Lymphoma","33041-33042","Michigan","26","50-54 years","50-54",709
,"Non-Hodgkin Lymphoma","33041-33042","Michigan","26","55-59 years","55-59",1031
,"Non-Hodgkin Lymphoma","33041-33042","Michigan","26","60-64 years ","60-64",1427
,"Non-Hodgkin Lymphoma","33041-33042","Michigan","26","65-69 years","65-69",1909
,"Non-Hodgkin Lymphoma","33041-33042","Michigan","26","70-74 years","70-74",2464
,"Non-Hodgkin Lymphoma","33041-33042","Michigan","26","75-79 years","75-79",2943
,"Non-Hodgkin Lymphoma","33041-33042","Michigan","26","80-84 years","80-84",2979
,"Non-Hodgkin Lymphoma","33041-33042","Michigan","26","85+ years","85+",3586
,"Non-Hodgkin Lymphoma","33041-33042","Minnesota","27","20-24 years","20-24",18
,"Non-Hodgkin Lymphoma","33041-33042","Minnesota","27","25-29 years","25-29",28
,"Non-Hodgkin Lymphoma","33041-33042","Minnesota","27","30-34 years","30-34",37
,"Non-Hodgkin Lymphoma","33041-33042","Minnesota","27","35-39 years","35-39",72
,"Non-Hodgkin Lymphoma","33041-33042","Minnesota","27","40-44 years","40-44",95
,"Non-Hodgkin Lymphoma","33041-33042","Minnesota","27","45-49 years","45-49",173
,"Non-Hodgkin Lymphoma","33041-33042","Minnesota","27","50-54 years","50-54",271
,"Non-Hodgkin Lymphoma","33041-33042","Minnesota","27","55-59 years","55-59",460
,"Non-Hodgkin Lymphoma","33041-33042","Minnesota","27","60-64 years ","60-64",624
,"Non-Hodgkin Lymphoma","33041-33042","Minnesota","27","65-69 years","65-69",858
,"Non-Hodgkin Lymphoma","33041-33042","Minnesota","27","70-74 years","70-74",1144
,"Non-Hodgkin Lymphoma","33041-33042","Minnesota","27","75-79 years","75-79",1483
,"Non-Hodgkin Lymphoma","33041-33042","Minnesota","27","80-84 years","80-84",1650
,"Non-Hodgkin Lymphoma","33041-33042","Minnesota","27","85+ years","85+",2245
,"Non-Hodgkin Lymphoma","33041-33042","Mississippi","28","20-24 years","20-24",22
,"Non-Hodgkin Lymphoma","33041-33042","Mississippi","28","25-29 years","25-29",25
,"Non-Hodgkin Lymphoma","33041-33042","Mississippi","28","30-34 years","30-34",29
,"Non-Hodgkin Lymphoma","33041-33042","Mississippi","28","35-39 years","35-39",42
,"Non-Hodgkin Lymphoma","33041-33042","Mississippi","28","40-44 years","40-44",80
,"Non-Hodgkin Lymphoma","33041-33042","Mississippi","28","45-49 years","45-49",102
,"Non-Hodgkin Lymphoma","33041-33042","Mississippi","28","50-54 years","50-54",168
,"Non-Hodgkin Lymphoma","33041-33042","Mississippi","28","55-59 years","55-59",289
,"Non-Hodgkin Lymphoma","33041-33042","Mississippi","28","60-64 years ","60-64",369
,"Non-Hodgkin Lymphoma","33041-33042","Mississippi","28","65-69 years","65-69",489
,"Non-Hodgkin Lymphoma","33041-33042","Mississippi","28","70-74 years","70-74",590
,"Non-Hodgkin Lymphoma","33041-33042","Mississippi","28","75-79 years","75-79",660
,"Non-Hodgkin Lymphoma","33041-33042","Mississippi","28","80-84 years","80-84",622
,"Non-Hodgkin Lymphoma","33041-33042","Mississippi","28","85+ years","85+",616
,"Non-Hodgkin Lymphoma","33041-33042","Missouri","29","20-24 years","20-24",32
,"Non-Hodgkin Lymphoma","33041-33042","Missouri","29","25-29 years","25-29",36
,"Non-Hodgkin Lymphoma","33041-33042","Missouri","29","30-34 years","30-34",39
,"Non-Hodgkin Lymphoma","33041-33042","Missouri","29","35-39 years","35-39",67
,"Non-Hodgkin Lymphoma","33041-33042","Missouri","29","40-44 years","40-44",109
,"Non-Hodgkin Lymphoma","33041-33042","Missouri","29","45-49 years","45-49",184
,"Non-Hodgkin Lymphoma","33041-33042","Missouri","29","50-54 years","50-54",348
,"Non-Hodgkin Lymphoma","33041-33042","Missouri","29","55-59 years","55-59",558
,"Non-Hodgkin Lymphoma","33041-33042","Missouri","29","60-64 years ","60-64",814
,"Non-Hodgkin Lymphoma","33041-33042","Missouri","29","65-69 years","65-69",1079
,"Non-Hodgkin Lymphoma","33041-33042","Missouri","29","70-74 years","70-74",1401
,"Non-Hodgkin Lymphoma","33041-33042","Missouri","29","75-79 years","75-79",1681
,"Non-Hodgkin Lymphoma","33041-33042","Missouri","29","80-84 years","80-84",1697
,"Non-Hodgkin Lymphoma","33041-33042","Missouri","29","85+ years","85+",2029
,"Non-Hodgkin Lymphoma","33041-33042","Montana","30","40-44 years","40-44",16
,"Non-Hodgkin Lymphoma","33041-33042","Montana","30","45-49 years","45-49",26
,"Non-Hodgkin Lymphoma","33041-33042","Montana","30","50-54 years","50-54",53
,"Non-Hodgkin Lymphoma","33041-33042","Montana","30","55-59 years","55-59",75
,"Non-Hodgkin Lymphoma","33041-33042","Montana","30","60-64 years ","60-64",106
,"Non-Hodgkin Lymphoma","33041-33042","Montana","30","65-69 years","65-69",169
,"Non-Hodgkin Lymphoma","33041-33042","Montana","30","70-74 years","70-74",266
,"Non-Hodgkin Lymphoma","33041-33042","Montana","30","75-79 years","75-79",269
,"Non-Hodgkin Lymphoma","33041-33042","Montana","30","80-84 years","80-84",304
,"Non-Hodgkin Lymphoma","33041-33042","Montana","30","85+ years","85+",348
,"Non-Hodgkin Lymphoma","33041-33042","Nebraska","31","35-39 years","35-39",20
,"Non-Hodgkin Lymphoma","33041-33042","Nebraska","31","40-44 years","40-44",33
,"Non-Hodgkin Lymphoma","33041-33042","Nebraska","31","45-49 years","45-49",51
,"Non-Hodgkin Lymphoma","33041-33042","Nebraska","31","50-54 years","50-54",90
,"Non-Hodgkin Lymphoma","33041-33042","Nebraska","31","55-59 years","55-59",170
,"Non-Hodgkin Lymphoma","33041-33042","Nebraska","31","60-64 years ","60-64",199
,"Non-Hodgkin Lymphoma","33041-33042","Nebraska","31","65-69 years","65-69",280
,"Non-Hodgkin Lymphoma","33041-33042","Nebraska","31","70-74 years","70-74",411
,"Non-Hodgkin Lymphoma","33041-33042","Nebraska","31","75-79 years","75-79",510
,"Non-Hodgkin Lymphoma","33041-33042","Nebraska","31","80-84 years","80-84",544
,"Non-Hodgkin Lymphoma","33041-33042","Nebraska","31","85+ years","85+",747
,"Non-Hodgkin Lymphoma","33041-33042","Nevada","32","25-29 years","25-29",18
,"Non-Hodgkin Lymphoma","33041-33042","Nevada","32","30-34 years","30-34",29
,"Non-Hodgkin Lymphoma","33041-33042","Nevada","32","35-39 years","35-39",32
,"Non-Hodgkin Lymphoma","33041-33042","Nevada","32","40-44 years","40-44",58
,"Non-Hodgkin Lymphoma","33041-33042","Nevada","32","45-49 years","45-49",91
,"Non-Hodgkin Lymphoma","33041-33042","Nevada","32","50-54 years","50-54",139
,"Non-Hodgkin Lymphoma","33041-33042","Nevada","32","55-59 years","55-59",206
,"Non-Hodgkin Lymphoma","33041-33042","Nevada","32","60-64 years ","60-64",303
,"Non-Hodgkin Lymphoma","33041-33042","Nevada","32","65-69 years","65-69",411
,"Non-Hodgkin Lymphoma","33041-33042","Nevada","32","70-74 years","70-74",523
,"Non-Hodgkin Lymphoma","33041-33042","Nevada","32","75-79 years","75-79",568
,"Non-Hodgkin Lymphoma","33041-33042","Nevada","32","80-84 years","80-84",475
,"Non-Hodgkin Lymphoma","33041-33042","Nevada","32","85+ years","85+",478
,"Non-Hodgkin Lymphoma","33041-33042","New Hampshire","33","35-39 years","35-39",16
,"Non-Hodgkin Lymphoma","33041-33042","New Hampshire","33","40-44 years","40-44",28
,"Non-Hodgkin Lymphoma","33041-33042","New Hampshire","33","45-49 years","45-49",41
,"Non-Hodgkin Lymphoma","33041-33042","New Hampshire","33","50-54 years","50-54",83
,"Non-Hodgkin Lymphoma","33041-33042","New Hampshire","33","55-59 years","55-59",126
,"Non-Hodgkin Lymphoma","33041-33042","New Hampshire","33","60-64 years ","60-64",163
,"Non-Hodgkin Lymphoma","33041-33042","New Hampshire","33","65-69 years","65-69",222
,"Non-Hodgkin Lymphoma","33041-33042","New Hampshire","33","70-74 years","70-74",251
,"Non-Hodgkin Lymphoma","33041-33042","New Hampshire","33","75-79 years","75-79",346
,"Non-Hodgkin Lymphoma","33041-33042","New Hampshire","33","80-84 years","80-84",364
,"Non-Hodgkin Lymphoma","33041-33042","New Hampshire","33","85+ years","85+",428
,"Non-Hodgkin Lymphoma","33041-33042","New Jersey","34","15-19 years","15-19",23
,"Non-Hodgkin Lymphoma","33041-33042","New Jersey","34","20-24 years","20-24",52
,"Non-Hodgkin Lymphoma","33041-33042","New Jersey","34","25-29 years","25-29",69
,"Non-Hodgkin Lymphoma","33041-33042","New Jersey","34","30-34 years","30-34",112
,"Non-Hodgkin Lymphoma","33041-33042","New Jersey","34","35-39 years","35-39",128
,"Non-Hodgkin Lymphoma","33041-33042","New Jersey","34","40-44 years","40-44",213
,"Non-Hodgkin Lymphoma","33041-33042","New Jersey","34","45-49 years","45-49",302
,"Non-Hodgkin Lymphoma","33041-33042","New Jersey","34","50-54 years","50-54",550
,"Non-Hodgkin Lymphoma","33041-33042","New Jersey","34","55-59 years","55-59",807
,"Non-Hodgkin Lymphoma","33041-33042","New Jersey","34","60-64 years ","60-64",1029
,"Non-Hodgkin Lymphoma","33041-33042","New Jersey","34","65-69 years","65-69",1334
,"Non-Hodgkin Lymphoma","33041-33042","New Jersey","34","70-74 years","70-74",1784
,"Non-Hodgkin Lymphoma","33041-33042","New Jersey","34","75-79 years","75-79",2219
,"Non-Hodgkin Lymphoma","33041-33042","New Jersey","34","80-84 years","80-84",2413
,"Non-Hodgkin Lymphoma","33041-33042","New Jersey","34","85+ years","85+",3060
,"Non-Hodgkin Lymphoma","33041-33042","New Mexico","35","30-34 years","30-34",16
,"Non-Hodgkin Lymphoma","33041-33042","New Mexico","35","35-39 years","35-39",25
,"Non-Hodgkin Lymphoma","33041-33042","New Mexico","35","40-44 years","40-44",35
,"Non-Hodgkin Lymphoma","33041-33042","New Mexico","35","45-49 years","45-49",50
,"Non-Hodgkin Lymphoma","33041-33042","New Mexico","35","50-54 years","50-54",83
,"Non-Hodgkin Lymphoma","33041-33042","New Mexico","35","55-59 years","55-59",174
,"Non-Hodgkin Lymphoma","33041-33042","New Mexico","35","60-64 years ","60-64",245
,"Non-Hodgkin Lymphoma","33041-33042","New Mexico","35","65-69 years","65-69",306
,"Non-Hodgkin Lymphoma","33041-33042","New Mexico","35","70-74 years","70-74",389
,"Non-Hodgkin Lymphoma","33041-33042","New Mexico","35","75-79 years","75-79",459
,"Non-Hodgkin Lymphoma","33041-33042","New Mexico","35","80-84 years","80-84",414
,"Non-Hodgkin Lymphoma","33041-33042","New Mexico","35","85+ years","85+",461
,"Non-Hodgkin Lymphoma","33041-33042","New York","36","5-9 years","5-9",23
,"Non-Hodgkin Lymphoma","33041-33042","New York","36","10-14 years","10-14",32
,"Non-Hodgkin Lymphoma","33041-33042","New York","36","15-19 years","15-19",73
,"Non-Hodgkin Lymphoma","33041-33042","New York","36","20-24 years","20-24",120
,"Non-Hodgkin Lymphoma","33041-33042","New York","36","25-29 years","25-29",173
,"Non-Hodgkin Lymphoma","33041-33042","New York","36","30-34 years","30-34",186
,"Non-Hodgkin Lymphoma","33041-33042","New York","36","35-39 years","35-39",353
,"Non-Hodgkin Lymphoma","33041-33042","New York","36","40-44 years","40-44",523
,"Non-Hodgkin Lymphoma","33041-33042","New York","36","45-49 years","45-49",848
,"Non-Hodgkin Lymphoma","33041-33042","New York","36","50-54 years","50-54",1219
,"Non-Hodgkin Lymphoma","33041-33042","New York","36","55-59 years","55-59",1742
,"Non-Hodgkin Lymphoma","33041-33042","New York","36","60-64 years ","60-64",2402
,"Non-Hodgkin Lymphoma","33041-33042","New York","36","65-69 years","65-69",2944
,"Non-Hodgkin Lymphoma","33041-33042","New York","36","70-74 years","70-74",3635
,"Non-Hodgkin Lymphoma","33041-33042","New York","36","75-79 years","75-79",4553
,"Non-Hodgkin Lymphoma","33041-33042","New York","36","80-84 years","80-84",4773
,"Non-Hodgkin Lymphoma","33041-33042","New York","36","85+ years","85+",6043
,"Non-Hodgkin Lymphoma","33041-33042","North Carolina","37","15-19 years","15-19",19
,"Non-Hodgkin Lymphoma","33041-33042","North Carolina","37","20-24 years","20-24",40
,"Non-Hodgkin Lymphoma","33041-33042","North Carolina","37","25-29 years","25-29",56
,"Non-Hodgkin Lymphoma","33041-33042","North Carolina","37","30-34 years","30-34",75
,"Non-Hodgkin Lymphoma","33041-33042","North Carolina","37","35-39 years","35-39",134
,"Non-Hodgkin Lymphoma","33041-33042","North Carolina","37","40-44 years","40-44",203
,"Non-Hodgkin Lymphoma","33041-33042","North Carolina","37","45-49 years","45-49",346
,"Non-Hodgkin Lymphoma","33041-33042","North Carolina","37","50-54 years","50-54",524
,"Non-Hodgkin Lymphoma","33041-33042","North Carolina","37","55-59 years","55-59",784
,"Non-Hodgkin Lymphoma","33041-33042","North Carolina","37","60-64 years ","60-64",1178
,"Non-Hodgkin Lymphoma","33041-33042","North Carolina","37","65-69 years","65-69",1550
,"Non-Hodgkin Lymphoma","33041-33042","North Carolina","37","70-74 years","70-74",1921
,"Non-Hodgkin Lymphoma","33041-33042","North Carolina","37","75-79 years","75-79",2182
,"Non-Hodgkin Lymphoma","33041-33042","North Carolina","37","80-84 years","80-84",2138
,"Non-Hodgkin Lymphoma","33041-33042","North Carolina","37","85+ years","85+",2436
,"Non-Hodgkin Lymphoma","33041-33042","North Dakota","38","45-49 years","45-49",21
,"Non-Hodgkin Lymphoma","33041-33042","North Dakota","38","50-54 years","50-54",31
,"Non-Hodgkin Lymphoma","33041-33042","North Dakota","38","55-59 years","55-59",55
,"Non-Hodgkin Lymphoma","33041-33042","North Dakota","38","60-64 years ","60-64",76
,"Non-Hodgkin Lymphoma","33041-33042","North Dakota","38","65-69 years","65-69",114
,"Non-Hodgkin Lymphoma","33041-33042","North Dakota","38","70-74 years","70-74",128
,"Non-Hodgkin Lymphoma","33041-33042","North Dakota","38","75-79 years","75-79",194
,"Non-Hodgkin Lymphoma","33041-33042","North Dakota","38","80-84 years","80-84",217
,"Non-Hodgkin Lymphoma","33041-33042","North Dakota","38","85+ years","85+",298
,"Non-Hodgkin Lymphoma","33041-33042","Ohio","39","5-9 years","5-9",18
,"Non-Hodgkin Lymphoma","33041-33042","Ohio","39","10-14 years","10-14",20
,"Non-Hodgkin Lymphoma","33041-33042","Ohio","39","15-19 years","15-19",28
,"Non-Hodgkin Lymphoma","33041-33042","Ohio","39","20-24 years","20-24",55
,"Non-Hodgkin Lymphoma","33041-33042","Ohio","39","25-29 years","25-29",70
,"Non-Hodgkin Lymphoma","33041-33042","Ohio","39","30-34 years","30-34",88
,"Non-Hodgkin Lymphoma","33041-33042","Ohio","39","35-39 years","35-39",165
,"Non-Hodgkin Lymphoma","33041-33042","Ohio","39","40-44 years","40-44",268
,"Non-Hodgkin Lymphoma","33041-33042","Ohio","39","45-49 years","45-49",473
,"Non-Hodgkin Lymphoma","33041-33042","Ohio","39","50-54 years","50-54",787
,"Non-Hodgkin Lymphoma","33041-33042","Ohio","39","55-59 years","55-59",1183
,"Non-Hodgkin Lymphoma","33041-33042","Ohio","39","60-64 years ","60-64",1640
,"Non-Hodgkin Lymphoma","33041-33042","Ohio","39","65-69 years","65-69",2270
,"Non-Hodgkin Lymphoma","33041-33042","Ohio","39","70-74 years","70-74",2884
,"Non-Hodgkin Lymphoma","33041-33042","Ohio","39","75-79 years","75-79",3514
,"Non-Hodgkin Lymphoma","33041-33042","Ohio","39","80-84 years","80-84",3586
,"Non-Hodgkin Lymphoma","33041-33042","Ohio","39","85+ years","85+",4102
,"Non-Hodgkin Lymphoma","33041-33042","Oklahoma","40","20-24 years","20-24",19
,"Non-Hodgkin Lymphoma","33041-33042","Oklahoma","40","25-29 years","25-29",25
,"Non-Hodgkin Lymphoma","33041-33042","Oklahoma","40","30-34 years","30-34",30
,"Non-Hodgkin Lymphoma","33041-33042","Oklahoma","40","35-39 years","35-39",51
,"Non-Hodgkin Lymphoma","33041-33042","Oklahoma","40","40-44 years","40-44",84
,"Non-Hodgkin Lymphoma","33041-33042","Oklahoma","40","45-49 years","45-49",158
,"Non-Hodgkin Lymphoma","33041-33042","Oklahoma","40","50-54 years","50-54",258
,"Non-Hodgkin Lymphoma","33041-33042","Oklahoma","40","55-59 years","55-59",373
,"Non-Hodgkin Lymphoma","33041-33042","Oklahoma","40","60-64 years ","60-64",562
,"Non-Hodgkin Lymphoma","33041-33042","Oklahoma","40","65-69 years","65-69",730
,"Non-Hodgkin Lymphoma","33041-33042","Oklahoma","40","70-74 years","70-74",974
,"Non-Hodgkin Lymphoma","33041-33042","Oklahoma","40","75-79 years","75-79",1041
,"Non-Hodgkin Lymphoma","33041-33042","Oklahoma","40","80-84 years","80-84",1009
,"Non-Hodgkin Lymphoma","33041-33042","Oklahoma","40","85+ years","85+",1098
,"Non-Hodgkin Lymphoma","33041-33042","Oregon","41","30-34 years","30-34",38
,"Non-Hodgkin Lymphoma","33041-33042","Oregon","41","35-39 years","35-39",36
,"Non-Hodgkin Lymphoma","33041-33042","Oregon","41","40-44 years","40-44",72
,"Non-Hodgkin Lymphoma","33041-33042","Oregon","41","45-49 years","45-49",133
,"Non-Hodgkin Lymphoma","33041-33042","Oregon","41","50-54 years","50-54",228
,"Non-Hodgkin Lymphoma","33041-33042","Oregon","41","55-59 years","55-59",371
,"Non-Hodgkin Lymphoma","33041-33042","Oregon","41","60-64 years ","60-64",513
,"Non-Hodgkin Lymphoma","33041-33042","Oregon","41","65-69 years","65-69",676
,"Non-Hodgkin Lymphoma","33041-33042","Oregon","41","70-74 years","70-74",892
,"Non-Hodgkin Lymphoma","33041-33042","Oregon","41","75-79 years","75-79",1079
,"Non-Hodgkin Lymphoma","33041-33042","Oregon","41","80-84 years","80-84",1165
,"Non-Hodgkin Lymphoma","33041-33042","Oregon","41","85+ years","85+",1614
,"Non-Hodgkin Lymphoma","33041-33042","Pennsylvania","42","10-14 years","10-14",24
,"Non-Hodgkin Lymphoma","33041-33042","Pennsylvania","42","15-19 years","15-19",36
,"Non-Hodgkin Lymphoma","33041-33042","Pennsylvania","42","20-24 years","20-24",58
,"Non-Hodgkin Lymphoma","33041-33042","Pennsylvania","42","25-29 years","25-29",54
,"Non-Hodgkin Lymphoma","33041-33042","Pennsylvania","42","30-34 years","30-34",99
,"Non-Hodgkin Lymphoma","33041-33042","Pennsylvania","42","35-39 years","35-39",177
,"Non-Hodgkin Lymphoma","33041-33042","Pennsylvania","42","40-44 years","40-44",280
,"Non-Hodgkin Lymphoma","33041-33042","Pennsylvania","42","45-49 years","45-49",514
,"Non-Hodgkin Lymphoma","33041-33042","Pennsylvania","42","50-54 years","50-54",859
,"Non-Hodgkin Lymphoma","33041-33042","Pennsylvania","42","55-59 years","55-59",1263
,"Non-Hodgkin Lymphoma","33041-33042","Pennsylvania","42","60-64 years ","60-64",1897
,"Non-Hodgkin Lymphoma","33041-33042","Pennsylvania","42","65-69 years","65-69",2453
,"Non-Hodgkin Lymphoma","33041-33042","Pennsylvania","42","70-74 years","70-74",3367
,"Non-Hodgkin Lymphoma","33041-33042","Pennsylvania","42","75-79 years","75-79",4160
,"Non-Hodgkin Lymphoma","33041-33042","Pennsylvania","42","80-84 years","80-84",4534
,"Non-Hodgkin Lymphoma","33041-33042","Pennsylvania","42","85+ years","85+",5554
,"Non-Hodgkin Lymphoma","33041-33042","Rhode Island","44","45-49 years","45-49",30
,"Non-Hodgkin Lymphoma","33041-33042","Rhode Island","44","50-54 years","50-54",59
,"Non-Hodgkin Lymphoma","33041-33042","Rhode Island","44","55-59 years","55-59",108
,"Non-Hodgkin Lymphoma","33041-33042","Rhode Island","44","60-64 years ","60-64",133
,"Non-Hodgkin Lymphoma","33041-33042","Rhode Island","44","65-69 years","65-69",173
,"Non-Hodgkin Lymphoma","33041-33042","Rhode Island","44","70-74 years","70-74",225
,"Non-Hodgkin Lymphoma","33041-33042","Rhode Island","44","75-79 years","75-79",310
,"Non-Hodgkin Lymphoma","33041-33042","Rhode Island","44","80-84 years","80-84",303
,"Non-Hodgkin Lymphoma","33041-33042","Rhode Island","44","85+ years","85+",480
,"Non-Hodgkin Lymphoma","33041-33042","South Carolina","45","20-24 years","20-24",24
,"Non-Hodgkin Lymphoma","33041-33042","South Carolina","45","25-29 years","25-29",32
,"Non-Hodgkin Lymphoma","33041-33042","South Carolina","45","30-34 years","30-34",50
,"Non-Hodgkin Lymphoma","33041-33042","South Carolina","45","35-39 years","35-39",61
,"Non-Hodgkin Lymphoma","33041-33042","South Carolina","45","40-44 years","40-44",94
,"Non-Hodgkin Lymphoma","33041-33042","South Carolina","45","45-49 years","45-49",152
,"Non-Hodgkin Lymphoma","33041-33042","South Carolina","45","50-54 years","50-54",250
,"Non-Hodgkin Lymphoma","33041-33042","South Carolina","45","55-59 years","55-59",416
,"Non-Hodgkin Lymphoma","33041-33042","South Carolina","45","60-64 years ","60-64",551
,"Non-Hodgkin Lymphoma","33041-33042","South Carolina","45","65-69 years","65-69",757
,"Non-Hodgkin Lymphoma","33041-33042","South Carolina","45","70-74 years","70-74",973
,"Non-Hodgkin Lymphoma","33041-33042","South Carolina","45","75-79 years","75-79",1127
,"Non-Hodgkin Lymphoma","33041-33042","South Carolina","45","80-84 years","80-84",1051
,"Non-Hodgkin Lymphoma","33041-33042","South Carolina","45","85+ years","85+",1137
,"Non-Hodgkin Lymphoma","33041-33042","South Dakota","46","45-49 years","45-49",28
,"Non-Hodgkin Lymphoma","33041-33042","South Dakota","46","50-54 years","50-54",41
,"Non-Hodgkin Lymphoma","33041-33042","South Dakota","46","55-59 years","55-59",71
,"Non-Hodgkin Lymphoma","33041-33042","South Dakota","46","60-64 years ","60-64",103
,"Non-Hodgkin Lymphoma","33041-33042","South Dakota","46","65-69 years","65-69",157
,"Non-Hodgkin Lymphoma","33041-33042","South Dakota","46","70-74 years","70-74",151
,"Non-Hodgkin Lymphoma","33041-33042","South Dakota","46","75-79 years","75-79",233
,"Non-Hodgkin Lymphoma","33041-33042","South Dakota","46","80-84 years","80-84",273
,"Non-Hodgkin Lymphoma","33041-33042","South Dakota","46","85+ years","85+",398
,"Non-Hodgkin Lymphoma","33041-33042","Tennessee","47","15-19 years","15-19",16
,"Non-Hodgkin Lymphoma","33041-33042","Tennessee","47","20-24 years","20-24",31
,"Non-Hodgkin Lymphoma","33041-33042","Tennessee","47","25-29 years","25-29",40
,"Non-Hodgkin Lymphoma","33041-33042","Tennessee","47","30-34 years","30-34",59
,"Non-Hodgkin Lymphoma","33041-33042","Tennessee","47","35-39 years","35-39",92
,"Non-Hodgkin Lymphoma","33041-33042","Tennessee","47","40-44 years","40-44",132
,"Non-Hodgkin Lymphoma","33041-33042","Tennessee","47","45-49 years","45-49",240
,"Non-Hodgkin Lymphoma","33041-33042","Tennessee","47","50-54 years","50-54",426
,"Non-Hodgkin Lymphoma","33041-33042","Tennessee","47","55-59 years","55-59",650
,"Non-Hodgkin Lymphoma","33041-33042","Tennessee","47","60-64 years ","60-64",957
,"Non-Hodgkin Lymphoma","33041-33042","Tennessee","47","65-69 years","65-69",1204
,"Non-Hodgkin Lymphoma","33041-33042","Tennessee","47","70-74 years","70-74",1556
,"Non-Hodgkin Lymphoma","33041-33042","Tennessee","47","75-79 years","75-79",1707
,"Non-Hodgkin Lymphoma","33041-33042","Tennessee","47","80-84 years","80-84",1683
,"Non-Hodgkin Lymphoma","33041-33042","Tennessee","47","85+ years","85+",1785
,"Non-Hodgkin Lymphoma","33041-33042","Texas","48","1-4 years","1-4",17
,"Non-Hodgkin Lymphoma","33041-33042","Texas","48","5-9 years","5-9",24
,"Non-Hodgkin Lymphoma","33041-33042","Texas","48","10-14 years","10-14",40
,"Non-Hodgkin Lymphoma","33041-33042","Texas","48","15-19 years","15-19",92
,"Non-Hodgkin Lymphoma","33041-33042","Texas","48","20-24 years","20-24",140
,"Non-Hodgkin Lymphoma","33041-33042","Texas","48","25-29 years","25-29",160
,"Non-Hodgkin Lymphoma","33041-33042","Texas","48","30-34 years","30-34",250
,"Non-Hodgkin Lymphoma","33041-33042","Texas","48","35-39 years","35-39",333
,"Non-Hodgkin Lymphoma","33041-33042","Texas","48","40-44 years","40-44",563
,"Non-Hodgkin Lymphoma","33041-33042","Texas","48","45-49 years","45-49",824
,"Non-Hodgkin Lymphoma","33041-33042","Texas","48","50-54 years","50-54",1251
,"Non-Hodgkin Lymphoma","33041-33042","Texas","48","55-59 years","55-59",1898
,"Non-Hodgkin Lymphoma","33041-33042","Texas","48","60-64 years ","60-64",2671
,"Non-Hodgkin Lymphoma","33041-33042","Texas","48","65-69 years","65-69",3199
,"Non-Hodgkin Lymphoma","33041-33042","Texas","48","70-74 years","70-74",4239
,"Non-Hodgkin Lymphoma","33041-33042","Texas","48","75-79 years","75-79",4642
,"Non-Hodgkin Lymphoma","33041-33042","Texas","48","80-84 years","80-84",4608
,"Non-Hodgkin Lymphoma","33041-33042","Texas","48","85+ years","85+",5297
,"Non-Hodgkin Lymphoma","33041-33042","Utah","49","30-34 years","30-34",19
,"Non-Hodgkin Lymphoma","33041-33042","Utah","49","35-39 years","35-39",29
,"Non-Hodgkin Lymphoma","33041-33042","Utah","49","40-44 years","40-44",25
,"Non-Hodgkin Lymphoma","33041-33042","Utah","49","45-49 years","45-49",65
,"Non-Hodgkin Lymphoma","33041-33042","Utah","49","50-54 years","50-54",96
,"Non-Hodgkin Lymphoma","33041-33042","Utah","49","55-59 years","55-59",148
,"Non-Hodgkin Lymphoma","33041-33042","Utah","49","60-64 years ","60-64",230
,"Non-Hodgkin Lymphoma","33041-33042","Utah","49","65-69 years","65-69",266
,"Non-Hodgkin Lymphoma","33041-33042","Utah","49","70-74 years","70-74",404
,"Non-Hodgkin Lymphoma","33041-33042","Utah","49","75-79 years","75-79",451
,"Non-Hodgkin Lymphoma","33041-33042","Utah","49","80-84 years","80-84",495
,"Non-Hodgkin Lymphoma","33041-33042","Utah","49","85+ years","85+",571
,"Non-Hodgkin Lymphoma","33041-33042","Vermont","50","45-49 years","45-49",27
,"Non-Hodgkin Lymphoma","33041-33042","Vermont","50","50-54 years","50-54",31
,"Non-Hodgkin Lymphoma","33041-33042","Vermont","50","55-59 years","55-59",57
,"Non-Hodgkin Lymphoma","33041-33042","Vermont","50","60-64 years ","60-64",106
,"Non-Hodgkin Lymphoma","33041-33042","Vermont","50","65-69 years","65-69",114
,"Non-Hodgkin Lymphoma","33041-33042","Vermont","50","70-74 years","70-74",158
,"Non-Hodgkin Lymphoma","33041-33042","Vermont","50","75-79 years","75-79",196
,"Non-Hodgkin Lymphoma","33041-33042","Vermont","50","80-84 years","80-84",170
,"Non-Hodgkin Lymphoma","33041-33042","Vermont","50","85+ years","85+",242
,"Non-Hodgkin Lymphoma","33041-33042","Virginia","51","15-19 years","15-19",21
,"Non-Hodgkin Lymphoma","33041-33042","Virginia","51","20-24 years","20-24",34
,"Non-Hodgkin Lymphoma","33041-33042","Virginia","51","25-29 years","25-29",61
,"Non-Hodgkin Lymphoma","33041-33042","Virginia","51","30-34 years","30-34",75
,"Non-Hodgkin Lymphoma","33041-33042","Virginia","51","35-39 years","35-39",99
,"Non-Hodgkin Lymphoma","33041-33042","Virginia","51","40-44 years","40-44",152
,"Non-Hodgkin Lymphoma","33041-33042","Virginia","51","45-49 years","45-49",290
,"Non-Hodgkin Lymphoma","33041-33042","Virginia","51","50-54 years","50-54",454
,"Non-Hodgkin Lymphoma","33041-33042","Virginia","51","55-59 years","55-59",704
,"Non-Hodgkin Lymphoma","33041-33042","Virginia","51","60-64 years ","60-64",960
,"Non-Hodgkin Lymphoma","33041-33042","Virginia","51","65-69 years","65-69",1175
,"Non-Hodgkin Lymphoma","33041-33042","Virginia","51","70-74 years","70-74",1519
,"Non-Hodgkin Lymphoma","33041-33042","Virginia","51","75-79 years","75-79",1755
,"Non-Hodgkin Lymphoma","33041-33042","Virginia","51","80-84 years","80-84",1796
,"Non-Hodgkin Lymphoma","33041-33042","Virginia","51","85+ years","85+",2115
,"Non-Hodgkin Lymphoma","33041-33042","Washington","53","10-14 years","10-14",16
,"Non-Hodgkin Lymphoma","33041-33042","Washington","53","15-19 years","15-19",26
,"Non-Hodgkin Lymphoma","33041-33042","Washington","53","20-24 years","20-24",29
,"Non-Hodgkin Lymphoma","33041-33042","Washington","53","25-29 years","25-29",28
,"Non-Hodgkin Lymphoma","33041-33042","Washington","53","30-34 years","30-34",55
,"Non-Hodgkin Lymphoma","33041-33042","Washington","53","35-39 years","35-39",95
,"Non-Hodgkin Lymphoma","33041-33042","Washington","53","40-44 years","40-44",123
,"Non-Hodgkin Lymphoma","33041-33042","Washington","53","45-49 years","45-49",206
,"Non-Hodgkin Lymphoma","33041-33042","Washington","53","50-54 years","50-54",397
,"Non-Hodgkin Lymphoma","33041-33042","Washington","53","55-59 years","55-59",557
,"Non-Hodgkin Lymphoma","33041-33042","Washington","53","60-64 years ","60-64",834
,"Non-Hodgkin Lymphoma","33041-33042","Washington","53","65-69 years","65-69",1115
,"Non-Hodgkin Lymphoma","33041-33042","Washington","53","70-74 years","70-74",1437
,"Non-Hodgkin Lymphoma","33041-33042","Washington","53","75-79 years","75-79",1629
,"Non-Hodgkin Lymphoma","33041-33042","Washington","53","80-84 years","80-84",1689
,"Non-Hodgkin Lymphoma","33041-33042","Washington","53","85+ years","85+",2317
,"Non-Hodgkin Lymphoma","33041-33042","West Virginia","54","35-39 years","35-39",27
,"Non-Hodgkin Lymphoma","33041-33042","West Virginia","54","40-44 years","40-44",49
,"Non-Hodgkin Lymphoma","33041-33042","West Virginia","54","45-49 years","45-49",81
,"Non-Hodgkin Lymphoma","33041-33042","West Virginia","54","50-54 years","50-54",141
,"Non-Hodgkin Lymphoma","33041-33042","West Virginia","54","55-59 years","55-59",234
,"Non-Hodgkin Lymphoma","33041-33042","West Virginia","54","60-64 years ","60-64",358
,"Non-Hodgkin Lymphoma","33041-33042","West Virginia","54","65-69 years","65-69",448
,"Non-Hodgkin Lymphoma","33041-33042","West Virginia","54","70-74 years","70-74",554
,"Non-Hodgkin Lymphoma","33041-33042","West Virginia","54","75-79 years","75-79",644
,"Non-Hodgkin Lymphoma","33041-33042","West Virginia","54","80-84 years","80-84",583
,"Non-Hodgkin Lymphoma","33041-33042","West Virginia","54","85+ years","85+",621
,"Non-Hodgkin Lymphoma","33041-33042","Wisconsin","55","15-19 years","15-19",23
,"Non-Hodgkin Lymphoma","33041-33042","Wisconsin","55","20-24 years","20-24",28
,"Non-Hodgkin Lymphoma","33041-33042","Wisconsin","55","25-29 years","25-29",26
,"Non-Hodgkin Lymphoma","33041-33042","Wisconsin","55","30-34 years","30-34",49
,"Non-Hodgkin Lymphoma","33041-33042","Wisconsin","55","35-39 years","35-39",54
,"Non-Hodgkin Lymphoma","33041-33042","Wisconsin","55","40-44 years","40-44",95
,"Non-Hodgkin Lymphoma","33041-33042","Wisconsin","55","45-49 years","45-49",194
,"Non-Hodgkin Lymphoma","33041-33042","Wisconsin","55","50-54 years","50-54",334
,"Non-Hodgkin Lymphoma","33041-33042","Wisconsin","55","55-59 years","55-59",502
,"Non-Hodgkin Lymphoma","33041-33042","Wisconsin","55","60-64 years ","60-64",716
,"Non-Hodgkin Lymphoma","33041-33042","Wisconsin","55","65-69 years","65-69",915
,"Non-Hodgkin Lymphoma","33041-33042","Wisconsin","55","70-74 years","70-74",1274
,"Non-Hodgkin Lymphoma","33041-33042","Wisconsin","55","75-79 years","75-79",1597
,"Non-Hodgkin Lymphoma","33041-33042","Wisconsin","55","80-84 years","80-84",1725
,"Non-Hodgkin Lymphoma","33041-33042","Wisconsin","55","85+ years","85+",2480
,"Non-Hodgkin Lymphoma","33041-33042","Wyoming","56","50-54 years","50-54",30
,"Non-Hodgkin Lymphoma","33041-33042","Wyoming","56","55-59 years","55-59",46
,"Non-Hodgkin Lymphoma","33041-33042","Wyoming","56","60-64 years ","60-64",58
,"Non-Hodgkin Lymphoma","33041-33042","Wyoming","56","65-69 years","65-69",96
,"Non-Hodgkin Lymphoma","33041-33042","Wyoming","56","70-74 years","70-74",95
,"Non-Hodgkin Lymphoma","33041-33042","Wyoming","56","75-79 years","75-79",134
,"Non-Hodgkin Lymphoma","33041-33042","Wyoming","56","80-84 years","80-84",139
,"Non-Hodgkin Lymphoma","33041-33042","Wyoming","56","85+ years","85+",157
,"Oral Cavity and Pharynx","20010-20100","Alabama","01","30-34 years","30-34",16
,"Oral Cavity and Pharynx","20010-20100","Alabama","01","35-39 years","35-39",30
,"Oral Cavity and Pharynx","20010-20100","Alabama","01","40-44 years","40-44",67
,"Oral Cavity and Pharynx","20010-20100","Alabama","01","45-49 years","45-49",186
,"Oral Cavity and Pharynx","20010-20100","Alabama","01","50-54 years","50-54",289
,"Oral Cavity and Pharynx","20010-20100","Alabama","01","55-59 years","55-59",406
,"Oral Cavity and Pharynx","20010-20100","Alabama","01","60-64 years ","60-64",501
,"Oral Cavity and Pharynx","20010-20100","Alabama","01","65-69 years","65-69",548
,"Oral Cavity and Pharynx","20010-20100","Alabama","01","70-74 years","70-74",482
,"Oral Cavity and Pharynx","20010-20100","Alabama","01","75-79 years","75-79",404
,"Oral Cavity and Pharynx","20010-20100","Alabama","01","80-84 years","80-84",346
,"Oral Cavity and Pharynx","20010-20100","Alabama","01","85+ years","85+",380
,"Oral Cavity and Pharynx","20010-20100","Alaska","02","50-54 years","50-54",19
,"Oral Cavity and Pharynx","20010-20100","Alaska","02","55-59 years","55-59",55
,"Oral Cavity and Pharynx","20010-20100","Alaska","02","60-64 years ","60-64",52
,"Oral Cavity and Pharynx","20010-20100","Alaska","02","65-69 years","65-69",60
,"Oral Cavity and Pharynx","20010-20100","Alaska","02","70-74 years","70-74",49
,"Oral Cavity and Pharynx","20010-20100","Alaska","02","75-79 years","75-79",28
,"Oral Cavity and Pharynx","20010-20100","Alaska","02","80-84 years","80-84",25
,"Oral Cavity and Pharynx","20010-20100","Alaska","02","85+ years","85+",21
,"Oral Cavity and Pharynx","20010-20100","Arizona","04","35-39 years","35-39",20
,"Oral Cavity and Pharynx","20010-20100","Arizona","04","40-44 years","40-44",48
,"Oral Cavity and Pharynx","20010-20100","Arizona","04","45-49 years","45-49",127
,"Oral Cavity and Pharynx","20010-20100","Arizona","04","50-54 years","50-54",193
,"Oral Cavity and Pharynx","20010-20100","Arizona","04","55-59 years","55-59",356
,"Oral Cavity and Pharynx","20010-20100","Arizona","04","60-64 years ","60-64",450
,"Oral Cavity and Pharynx","20010-20100","Arizona","04","65-69 years","65-69",517
,"Oral Cavity and Pharynx","20010-20100","Arizona","04","70-74 years","70-74",493
,"Oral Cavity and Pharynx","20010-20100","Arizona","04","75-79 years","75-79",452
,"Oral Cavity and Pharynx","20010-20100","Arizona","04","80-84 years","80-84",358
,"Oral Cavity and Pharynx","20010-20100","Arizona","04","85+ years","85+",425
,"Oral Cavity and Pharynx","20010-20100","Arkansas","05","35-39 years","35-39",17
,"Oral Cavity and Pharynx","20010-20100","Arkansas","05","40-44 years","40-44",52
,"Oral Cavity and Pharynx","20010-20100","Arkansas","05","45-49 years","45-49",92
,"Oral Cavity and Pharynx","20010-20100","Arkansas","05","50-54 years","50-54",179
,"Oral Cavity and Pharynx","20010-20100","Arkansas","05","55-59 years","55-59",280
,"Oral Cavity and Pharynx","20010-20100","Arkansas","05","60-64 years ","60-64",330
,"Oral Cavity and Pharynx","20010-20100","Arkansas","05","65-69 years","65-69",333
,"Oral Cavity and Pharynx","20010-20100","Arkansas","05","70-74 years","70-74",302
,"Oral Cavity and Pharynx","20010-20100","Arkansas","05","75-79 years","75-79",265
,"Oral Cavity and Pharynx","20010-20100","Arkansas","05","80-84 years","80-84",240
,"Oral Cavity and Pharynx","20010-20100","Arkansas","05","85+ years","85+",253
,"Oral Cavity and Pharynx","20010-20100","California","06","15-19 years","15-19",25
,"Oral Cavity and Pharynx","20010-20100","California","06","20-24 years","20-24",33
,"Oral Cavity and Pharynx","20010-20100","California","06","25-29 years","25-29",62
,"Oral Cavity and Pharynx","20010-20100","California","06","30-34 years","30-34",124
,"Oral Cavity and Pharynx","20010-20100","California","06","35-39 years","35-39",217
,"Oral Cavity and Pharynx","20010-20100","California","06","40-44 years","40-44",419
,"Oral Cavity and Pharynx","20010-20100","California","06","45-49 years","45-49",905
,"Oral Cavity and Pharynx","20010-20100","California","06","50-54 years","50-54",1549
,"Oral Cavity and Pharynx","20010-20100","California","06","55-59 years","55-59",2288
,"Oral Cavity and Pharynx","20010-20100","California","06","60-64 years ","60-64",2771
,"Oral Cavity and Pharynx","20010-20100","California","06","65-69 years","65-69",2826
,"Oral Cavity and Pharynx","20010-20100","California","06","70-74 years","70-74",2794
,"Oral Cavity and Pharynx","20010-20100","California","06","75-79 years","75-79",2567
,"Oral Cavity and Pharynx","20010-20100","California","06","80-84 years","80-84",2287
,"Oral Cavity and Pharynx","20010-20100","California","06","85+ years","85+",2921
,"Oral Cavity and Pharynx","20010-20100","Colorado","08","40-44 years","40-44",50
,"Oral Cavity and Pharynx","20010-20100","Colorado","08","45-49 years","45-49",101
,"Oral Cavity and Pharynx","20010-20100","Colorado","08","50-54 years","50-54",153
,"Oral Cavity and Pharynx","20010-20100","Colorado","08","55-59 years","55-59",243
,"Oral Cavity and Pharynx","20010-20100","Colorado","08","60-64 years ","60-64",289
,"Oral Cavity and Pharynx","20010-20100","Colorado","08","65-69 years","65-69",328
,"Oral Cavity and Pharynx","20010-20100","Colorado","08","70-74 years","70-74",311
,"Oral Cavity and Pharynx","20010-20100","Colorado","08","75-79 years","75-79",266
,"Oral Cavity and Pharynx","20010-20100","Colorado","08","80-84 years","80-84",232
,"Oral Cavity and Pharynx","20010-20100","Colorado","08","85+ years","85+",293
,"Oral Cavity and Pharynx","20010-20100","Connecticut","09","40-44 years","40-44",31
,"Oral Cavity and Pharynx","20010-20100","Connecticut","09","45-49 years","45-49",69
,"Oral Cavity and Pharynx","20010-20100","Connecticut","09","50-54 years","50-54",125
,"Oral Cavity and Pharynx","20010-20100","Connecticut","09","55-59 years","55-59",210
,"Oral Cavity and Pharynx","20010-20100","Connecticut","09","60-64 years ","60-64",240
,"Oral Cavity and Pharynx","20010-20100","Connecticut","09","65-69 years","65-69",263
,"Oral Cavity and Pharynx","20010-20100","Connecticut","09","70-74 years","70-74",237
,"Oral Cavity and Pharynx","20010-20100","Connecticut","09","75-79 years","75-79",220
,"Oral Cavity and Pharynx","20010-20100","Connecticut","09","80-84 years","80-84",211
,"Oral Cavity and Pharynx","20010-20100","Connecticut","09","85+ years","85+",320
,"Oral Cavity and Pharynx","20010-20100","Delaware","10","45-49 years","45-49",34
,"Oral Cavity and Pharynx","20010-20100","Delaware","10","50-54 years","50-54",52
,"Oral Cavity and Pharynx","20010-20100","Delaware","10","55-59 years","55-59",77
,"Oral Cavity and Pharynx","20010-20100","Delaware","10","60-64 years ","60-64",94
,"Oral Cavity and Pharynx","20010-20100","Delaware","10","65-69 years","65-69",90
,"Oral Cavity and Pharynx","20010-20100","Delaware","10","70-74 years","70-74",84
,"Oral Cavity and Pharynx","20010-20100","Delaware","10","75-79 years","75-79",64
,"Oral Cavity and Pharynx","20010-20100","Delaware","10","80-84 years","80-84",65
,"Oral Cavity and Pharynx","20010-20100","Delaware","10","85+ years","85+",61
,"Oral Cavity and Pharynx","20010-20100","District of Columbia","11","45-49 years","45-49",26
,"Oral Cavity and Pharynx","20010-20100","District of Columbia","11","50-54 years","50-54",42
,"Oral Cavity and Pharynx","20010-20100","District of Columbia","11","55-59 years","55-59",74
,"Oral Cavity and Pharynx","20010-20100","District of Columbia","11","60-64 years ","60-64",59
,"Oral Cavity and Pharynx","20010-20100","District of Columbia","11","65-69 years","65-69",70
,"Oral Cavity and Pharynx","20010-20100","District of Columbia","11","70-74 years","70-74",55
,"Oral Cavity and Pharynx","20010-20100","District of Columbia","11","75-79 years","75-79",46
,"Oral Cavity and Pharynx","20010-20100","District of Columbia","11","80-84 years","80-84",24
,"Oral Cavity and Pharynx","20010-20100","District of Columbia","11","85+ years","85+",60
,"Oral Cavity and Pharynx","20010-20100","Florida","12","20-24 years","20-24",16
,"Oral Cavity and Pharynx","20010-20100","Florida","12","25-29 years","25-29",23
,"Oral Cavity and Pharynx","20010-20100","Florida","12","30-34 years","30-34",46
,"Oral Cavity and Pharynx","20010-20100","Florida","12","35-39 years","35-39",98
,"Oral Cavity and Pharynx","20010-20100","Florida","12","40-44 years","40-44",269
,"Oral Cavity and Pharynx","20010-20100","Florida","12","45-49 years","45-49",584
,"Oral Cavity and Pharynx","20010-20100","Florida","12","50-54 years","50-54",1243
,"Oral Cavity and Pharynx","20010-20100","Florida","12","55-59 years","55-59",1859
,"Oral Cavity and Pharynx","20010-20100","Florida","12","60-64 years ","60-64",2202
,"Oral Cavity and Pharynx","20010-20100","Florida","12","65-69 years","65-69",2252
,"Oral Cavity and Pharynx","20010-20100","Florida","12","70-74 years","70-74",2134
,"Oral Cavity and Pharynx","20010-20100","Florida","12","75-79 years","75-79",1989
,"Oral Cavity and Pharynx","20010-20100","Florida","12","80-84 years","80-84",1609
,"Oral Cavity and Pharynx","20010-20100","Florida","12","85+ years","85+",1964
,"Oral Cavity and Pharynx","20010-20100","Georgia","13","25-29 years","25-29",20
,"Oral Cavity and Pharynx","20010-20100","Georgia","13","30-34 years","30-34",23
,"Oral Cavity and Pharynx","20010-20100","Georgia","13","35-39 years","35-39",48
,"Oral Cavity and Pharynx","20010-20100","Georgia","13","40-44 years","40-44",132
,"Oral Cavity and Pharynx","20010-20100","Georgia","13","45-49 years","45-49",262
,"Oral Cavity and Pharynx","20010-20100","Georgia","13","50-54 years","50-54",505
,"Oral Cavity and Pharynx","20010-20100","Georgia","13","55-59 years","55-59",785
,"Oral Cavity and Pharynx","20010-20100","Georgia","13","60-64 years ","60-64",855
,"Oral Cavity and Pharynx","20010-20100","Georgia","13","65-69 years","65-69",878
,"Oral Cavity and Pharynx","20010-20100","Georgia","13","70-74 years","70-74",699
,"Oral Cavity and Pharynx","20010-20100","Georgia","13","75-79 years","75-79",635
,"Oral Cavity and Pharynx","20010-20100","Georgia","13","80-84 years","80-84",493
,"Oral Cavity and Pharynx","20010-20100","Georgia","13","85+ years","85+",578
,"Oral Cavity and Pharynx","20010-20100","Hawaii","15","40-44 years","40-44",17
,"Oral Cavity and Pharynx","20010-20100","Hawaii","15","45-49 years","45-49",60
,"Oral Cavity and Pharynx","20010-20100","Hawaii","15","50-54 years","50-54",70
,"Oral Cavity and Pharynx","20010-20100","Hawaii","15","55-59 years","55-59",114
,"Oral Cavity and Pharynx","20010-20100","Hawaii","15","60-64 years ","60-64",131
,"Oral Cavity and Pharynx","20010-20100","Hawaii","15","65-69 years","65-69",120
,"Oral Cavity and Pharynx","20010-20100","Hawaii","15","70-74 years","70-74",122
,"Oral Cavity and Pharynx","20010-20100","Hawaii","15","75-79 years","75-79",130
,"Oral Cavity and Pharynx","20010-20100","Hawaii","15","80-84 years","80-84",107
,"Oral Cavity and Pharynx","20010-20100","Hawaii","15","85+ years","85+",162
,"Oral Cavity and Pharynx","20010-20100","Idaho","16","45-49 years","45-49",28
,"Oral Cavity and Pharynx","20010-20100","Idaho","16","50-54 years","50-54",62
,"Oral Cavity and Pharynx","20010-20100","Idaho","16","55-59 years","55-59",96
,"Oral Cavity and Pharynx","20010-20100","Idaho","16","60-64 years ","60-64",109
,"Oral Cavity and Pharynx","20010-20100","Idaho","16","65-69 years","65-69",138
,"Oral Cavity and Pharynx","20010-20100","Idaho","16","70-74 years","70-74",131
,"Oral Cavity and Pharynx","20010-20100","Idaho","16","75-79 years","75-79",135
,"Oral Cavity and Pharynx","20010-20100","Idaho","16","80-84 years","80-84",105
,"Oral Cavity and Pharynx","20010-20100","Idaho","16","85+ years","85+",118
,"Oral Cavity and Pharynx","20010-20100","Illinois","17","25-29 years","25-29",16
,"Oral Cavity and Pharynx","20010-20100","Illinois","17","30-34 years","30-34",27
,"Oral Cavity and Pharynx","20010-20100","Illinois","17","35-39 years","35-39",63
,"Oral Cavity and Pharynx","20010-20100","Illinois","17","40-44 years","40-44",165
,"Oral Cavity and Pharynx","20010-20100","Illinois","17","45-49 years","45-49",376
,"Oral Cavity and Pharynx","20010-20100","Illinois","17","50-54 years","50-54",653
,"Oral Cavity and Pharynx","20010-20100","Illinois","17","55-59 years","55-59",932
,"Oral Cavity and Pharynx","20010-20100","Illinois","17","60-64 years ","60-64",1128
,"Oral Cavity and Pharynx","20010-20100","Illinois","17","65-69 years","65-69",1097
,"Oral Cavity and Pharynx","20010-20100","Illinois","17","70-74 years","70-74",1013
,"Oral Cavity and Pharynx","20010-20100","Illinois","17","75-79 years","75-79",884
,"Oral Cavity and Pharynx","20010-20100","Illinois","17","80-84 years","80-84",762
,"Oral Cavity and Pharynx","20010-20100","Illinois","17","85+ years","85+",1013
,"Oral Cavity and Pharynx","20010-20100","Indiana","18","35-39 years","35-39",29
,"Oral Cavity and Pharynx","20010-20100","Indiana","18","40-44 years","40-44",70
,"Oral Cavity and Pharynx","20010-20100","Indiana","18","45-49 years","45-49",165
,"Oral Cavity and Pharynx","20010-20100","Indiana","18","50-54 years","50-54",344
,"Oral Cavity and Pharynx","20010-20100","Indiana","18","55-59 years","55-59",495
,"Oral Cavity and Pharynx","20010-20100","Indiana","18","60-64 years ","60-64",550
,"Oral Cavity and Pharynx","20010-20100","Indiana","18","65-69 years","65-69",520
,"Oral Cavity and Pharynx","20010-20100","Indiana","18","70-74 years","70-74",508
,"Oral Cavity and Pharynx","20010-20100","Indiana","18","75-79 years","75-79",462
,"Oral Cavity and Pharynx","20010-20100","Indiana","18","80-84 years","80-84",366
,"Oral Cavity and Pharynx","20010-20100","Indiana","18","85+ years","85+",490
,"Oral Cavity and Pharynx","20010-20100","Iowa","19","35-39 years","35-39",16
,"Oral Cavity and Pharynx","20010-20100","Iowa","19","40-44 years","40-44",38
,"Oral Cavity and Pharynx","20010-20100","Iowa","19","45-49 years","45-49",73
,"Oral Cavity and Pharynx","20010-20100","Iowa","19","50-54 years","50-54",157
,"Oral Cavity and Pharynx","20010-20100","Iowa","19","55-59 years","55-59",217
,"Oral Cavity and Pharynx","20010-20100","Iowa","19","60-64 years ","60-64",263
,"Oral Cavity and Pharynx","20010-20100","Iowa","19","65-69 years","65-69",257
,"Oral Cavity and Pharynx","20010-20100","Iowa","19","70-74 years","70-74",249
,"Oral Cavity and Pharynx","20010-20100","Iowa","19","75-79 years","75-79",245
,"Oral Cavity and Pharynx","20010-20100","Iowa","19","80-84 years","80-84",227
,"Oral Cavity and Pharynx","20010-20100","Iowa","19","85+ years","85+",324
,"Oral Cavity and Pharynx","20010-20100","Kansas","20","40-44 years","40-44",21
,"Oral Cavity and Pharynx","20010-20100","Kansas","20","45-49 years","45-49",45
,"Oral Cavity and Pharynx","20010-20100","Kansas","20","50-54 years","50-54",118
,"Oral Cavity and Pharynx","20010-20100","Kansas","20","55-59 years","55-59",191
,"Oral Cavity and Pharynx","20010-20100","Kansas","20","60-64 years ","60-64",231
,"Oral Cavity and Pharynx","20010-20100","Kansas","20","65-69 years","65-69",210
,"Oral Cavity and Pharynx","20010-20100","Kansas","20","70-74 years","70-74",202
,"Oral Cavity and Pharynx","20010-20100","Kansas","20","75-79 years","75-79",199
,"Oral Cavity and Pharynx","20010-20100","Kansas","20","80-84 years","80-84",171
,"Oral Cavity and Pharynx","20010-20100","Kansas","20","85+ years","85+",258
,"Oral Cavity and Pharynx","20010-20100","Kentucky","21","35-39 years","35-39",24
,"Oral Cavity and Pharynx","20010-20100","Kentucky","21","40-44 years","40-44",43
,"Oral Cavity and Pharynx","20010-20100","Kentucky","21","45-49 years","45-49",150
,"Oral Cavity and Pharynx","20010-20100","Kentucky","21","50-54 years","50-54",287
,"Oral Cavity and Pharynx","20010-20100","Kentucky","21","55-59 years","55-59",398
,"Oral Cavity and Pharynx","20010-20100","Kentucky","21","60-64 years ","60-64",507
,"Oral Cavity and Pharynx","20010-20100","Kentucky","21","65-69 years","65-69",492
,"Oral Cavity and Pharynx","20010-20100","Kentucky","21","70-74 years","70-74",430
,"Oral Cavity and Pharynx","20010-20100","Kentucky","21","75-79 years","75-79",358
,"Oral Cavity and Pharynx","20010-20100","Kentucky","21","80-84 years","80-84",279
,"Oral Cavity and Pharynx","20010-20100","Kentucky","21","85+ years","85+",376
,"Oral Cavity and Pharynx","20010-20100","Louisiana","22","35-39 years","35-39",25
,"Oral Cavity and Pharynx","20010-20100","Louisiana","22","40-44 years","40-44",70
,"Oral Cavity and Pharynx","20010-20100","Louisiana","22","45-49 years","45-49",192
,"Oral Cavity and Pharynx","20010-20100","Louisiana","22","50-54 years","50-54",391
,"Oral Cavity and Pharynx","20010-20100","Louisiana","22","55-59 years","55-59",523
,"Oral Cavity and Pharynx","20010-20100","Louisiana","22","60-64 years ","60-64",520
,"Oral Cavity and Pharynx","20010-20100","Louisiana","22","65-69 years","65-69",473
,"Oral Cavity and Pharynx","20010-20100","Louisiana","22","70-74 years","70-74",517
,"Oral Cavity and Pharynx","20010-20100","Louisiana","22","75-79 years","75-79",363
,"Oral Cavity and Pharynx","20010-20100","Louisiana","22","80-84 years","80-84",291
,"Oral Cavity and Pharynx","20010-20100","Louisiana","22","85+ years","85+",317
,"Oral Cavity and Pharynx","20010-20100","Maine","23","45-49 years","45-49",38
,"Oral Cavity and Pharynx","20010-20100","Maine","23","50-54 years","50-54",77
,"Oral Cavity and Pharynx","20010-20100","Maine","23","55-59 years","55-59",122
,"Oral Cavity and Pharynx","20010-20100","Maine","23","60-64 years ","60-64",165
,"Oral Cavity and Pharynx","20010-20100","Maine","23","65-69 years","65-69",181
,"Oral Cavity and Pharynx","20010-20100","Maine","23","70-74 years","70-74",148
,"Oral Cavity and Pharynx","20010-20100","Maine","23","75-79 years","75-79",137
,"Oral Cavity and Pharynx","20010-20100","Maine","23","80-84 years","80-84",113
,"Oral Cavity and Pharynx","20010-20100","Maine","23","85+ years","85+",166
,"Oral Cavity and Pharynx","20010-20100","Maryland","24","30-34 years","30-34",21
,"Oral Cavity and Pharynx","20010-20100","Maryland","24","35-39 years","35-39",32
,"Oral Cavity and Pharynx","20010-20100","Maryland","24","40-44 years","40-44",68
,"Oral Cavity and Pharynx","20010-20100","Maryland","24","45-49 years","45-49",175
,"Oral Cavity and Pharynx","20010-20100","Maryland","24","50-54 years","50-54",280
,"Oral Cavity and Pharynx","20010-20100","Maryland","24","55-59 years","55-59",446
,"Oral Cavity and Pharynx","20010-20100","Maryland","24","60-64 years ","60-64",477
,"Oral Cavity and Pharynx","20010-20100","Maryland","24","65-69 years","65-69",471
,"Oral Cavity and Pharynx","20010-20100","Maryland","24","70-74 years","70-74",467
,"Oral Cavity and Pharynx","20010-20100","Maryland","24","75-79 years","75-79",451
,"Oral Cavity and Pharynx","20010-20100","Maryland","24","80-84 years","80-84",330
,"Oral Cavity and Pharynx","20010-20100","Maryland","24","85+ years","85+",418
,"Oral Cavity and Pharynx","20010-20100","Massachusetts","25","35-39 years","35-39",28
,"Oral Cavity and Pharynx","20010-20100","Massachusetts","25","40-44 years","40-44",78
,"Oral Cavity and Pharynx","20010-20100","Massachusetts","25","45-49 years","45-49",153
,"Oral Cavity and Pharynx","20010-20100","Massachusetts","25","50-54 years","50-54",302
,"Oral Cavity and Pharynx","20010-20100","Massachusetts","25","55-59 years","55-59",498
,"Oral Cavity and Pharynx","20010-20100","Massachusetts","25","60-64 years ","60-64",571
,"Oral Cavity and Pharynx","20010-20100","Massachusetts","25","65-69 years","65-69",577
,"Oral Cavity and Pharynx","20010-20100","Massachusetts","25","70-74 years","70-74",560
,"Oral Cavity and Pharynx","20010-20100","Massachusetts","25","75-79 years","75-79",537
,"Oral Cavity and Pharynx","20010-20100","Massachusetts","25","80-84 years","80-84",449
,"Oral Cavity and Pharynx","20010-20100","Massachusetts","25","85+ years","85+",662
,"Oral Cavity and Pharynx","20010-20100","Michigan","26","25-29 years","25-29",17
,"Oral Cavity and Pharynx","20010-20100","Michigan","26","30-34 years","30-34",27
,"Oral Cavity and Pharynx","20010-20100","Michigan","26","35-39 years","35-39",50
,"Oral Cavity and Pharynx","20010-20100","Michigan","26","40-44 years","40-44",150
,"Oral Cavity and Pharynx","20010-20100","Michigan","26","45-49 years","45-49",299
,"Oral Cavity and Pharynx","20010-20100","Michigan","26","50-54 years","50-54",542
,"Oral Cavity and Pharynx","20010-20100","Michigan","26","55-59 years","55-59",819
,"Oral Cavity and Pharynx","20010-20100","Michigan","26","60-64 years ","60-64",968
,"Oral Cavity and Pharynx","20010-20100","Michigan","26","65-69 years","65-69",981
,"Oral Cavity and Pharynx","20010-20100","Michigan","26","70-74 years","70-74",882
,"Oral Cavity and Pharynx","20010-20100","Michigan","26","75-79 years","75-79",763
,"Oral Cavity and Pharynx","20010-20100","Michigan","26","80-84 years","80-84",644
,"Oral Cavity and Pharynx","20010-20100","Michigan","26","85+ years","85+",818
,"Oral Cavity and Pharynx","20010-20100","Minnesota","27","35-39 years","35-39",23
,"Oral Cavity and Pharynx","20010-20100","Minnesota","27","40-44 years","40-44",39
,"Oral Cavity and Pharynx","20010-20100","Minnesota","27","45-49 years","45-49",105
,"Oral Cavity and Pharynx","20010-20100","Minnesota","27","50-54 years","50-54",213
,"Oral Cavity and Pharynx","20010-20100","Minnesota","27","55-59 years","55-59",327
,"Oral Cavity and Pharynx","20010-20100","Minnesota","27","60-64 years ","60-64",388
,"Oral Cavity and Pharynx","20010-20100","Minnesota","27","65-69 years","65-69",432
,"Oral Cavity and Pharynx","20010-20100","Minnesota","27","70-74 years","70-74",410
,"Oral Cavity and Pharynx","20010-20100","Minnesota","27","75-79 years","75-79",324
,"Oral Cavity and Pharynx","20010-20100","Minnesota","27","80-84 years","80-84",309
,"Oral Cavity and Pharynx","20010-20100","Minnesota","27","85+ years","85+",476
,"Oral Cavity and Pharynx","20010-20100","Mississippi","28","35-39 years","35-39",26
,"Oral Cavity and Pharynx","20010-20100","Mississippi","28","40-44 years","40-44",54
,"Oral Cavity and Pharynx","20010-20100","Mississippi","28","45-49 years","45-49",155
,"Oral Cavity and Pharynx","20010-20100","Mississippi","28","50-54 years","50-54",263
,"Oral Cavity and Pharynx","20010-20100","Mississippi","28","55-59 years","55-59",377
,"Oral Cavity and Pharynx","20010-20100","Mississippi","28","60-64 years ","60-64",432
,"Oral Cavity and Pharynx","20010-20100","Mississippi","28","65-69 years","65-69",376
,"Oral Cavity and Pharynx","20010-20100","Mississippi","28","70-74 years","70-74",296
,"Oral Cavity and Pharynx","20010-20100","Mississippi","28","75-79 years","75-79",228
,"Oral Cavity and Pharynx","20010-20100","Mississippi","28","80-84 years","80-84",188
,"Oral Cavity and Pharynx","20010-20100","Mississippi","28","85+ years","85+",213
,"Oral Cavity and Pharynx","20010-20100","Missouri","29","35-39 years","35-39",29
,"Oral Cavity and Pharynx","20010-20100","Missouri","29","40-44 years","40-44",63
,"Oral Cavity and Pharynx","20010-20100","Missouri","29","45-49 years","45-49",191
,"Oral Cavity and Pharynx","20010-20100","Missouri","29","50-54 years","50-54",333
,"Oral Cavity and Pharynx","20010-20100","Missouri","29","55-59 years","55-59",525
,"Oral Cavity and Pharynx","20010-20100","Missouri","29","60-64 years ","60-64",581
,"Oral Cavity and Pharynx","20010-20100","Missouri","29","65-69 years","65-69",572
,"Oral Cavity and Pharynx","20010-20100","Missouri","29","70-74 years","70-74",519
,"Oral Cavity and Pharynx","20010-20100","Missouri","29","75-79 years","75-79",433
,"Oral Cavity and Pharynx","20010-20100","Missouri","29","80-84 years","80-84",368
,"Oral Cavity and Pharynx","20010-20100","Missouri","29","85+ years","85+",513
,"Oral Cavity and Pharynx","20010-20100","Montana","30","45-49 years","45-49",20
,"Oral Cavity and Pharynx","20010-20100","Montana","30","50-54 years","50-54",49
,"Oral Cavity and Pharynx","20010-20100","Montana","30","55-59 years","55-59",73
,"Oral Cavity and Pharynx","20010-20100","Montana","30","60-64 years ","60-64",83
,"Oral Cavity and Pharynx","20010-20100","Montana","30","65-69 years","65-69",110
,"Oral Cavity and Pharynx","20010-20100","Montana","30","70-74 years","70-74",95
,"Oral Cavity and Pharynx","20010-20100","Montana","30","75-79 years","75-79",83
,"Oral Cavity and Pharynx","20010-20100","Montana","30","80-84 years","80-84",60
,"Oral Cavity and Pharynx","20010-20100","Montana","30","85+ years","85+",83
,"Oral Cavity and Pharynx","20010-20100","Nebraska","31","45-49 years","45-49",38
,"Oral Cavity and Pharynx","20010-20100","Nebraska","31","50-54 years","50-54",74
,"Oral Cavity and Pharynx","20010-20100","Nebraska","31","55-59 years","55-59",118
,"Oral Cavity and Pharynx","20010-20100","Nebraska","31","60-64 years ","60-64",147
,"Oral Cavity and Pharynx","20010-20100","Nebraska","31","65-69 years","65-69",148
,"Oral Cavity and Pharynx","20010-20100","Nebraska","31","70-74 years","70-74",140
,"Oral Cavity and Pharynx","20010-20100","Nebraska","31","75-79 years","75-79",133
,"Oral Cavity and Pharynx","20010-20100","Nebraska","31","80-84 years","80-84",111
,"Oral Cavity and Pharynx","20010-20100","Nebraska","31","85+ years","85+",178
,"Oral Cavity and Pharynx","20010-20100","Nevada","32","40-44 years","40-44",28
,"Oral Cavity and Pharynx","20010-20100","Nevada","32","45-49 years","45-49",50
,"Oral Cavity and Pharynx","20010-20100","Nevada","32","50-54 years","50-54",105
,"Oral Cavity and Pharynx","20010-20100","Nevada","32","55-59 years","55-59",186
,"Oral Cavity and Pharynx","20010-20100","Nevada","32","60-64 years ","60-64",232
,"Oral Cavity and Pharynx","20010-20100","Nevada","32","65-69 years","65-69",277
,"Oral Cavity and Pharynx","20010-20100","Nevada","32","70-74 years","70-74",256
,"Oral Cavity and Pharynx","20010-20100","Nevada","32","75-79 years","75-79",245
,"Oral Cavity and Pharynx","20010-20100","Nevada","32","80-84 years","80-84",141
,"Oral Cavity and Pharynx","20010-20100","Nevada","32","85+ years","85+",153
,"Oral Cavity and Pharynx","20010-20100","New Hampshire","33","40-44 years","40-44",18
,"Oral Cavity and Pharynx","20010-20100","New Hampshire","33","45-49 years","45-49",39
,"Oral Cavity and Pharynx","20010-20100","New Hampshire","33","50-54 years","50-54",67
,"Oral Cavity and Pharynx","20010-20100","New Hampshire","33","55-59 years","55-59",97
,"Oral Cavity and Pharynx","20010-20100","New Hampshire","33","60-64 years ","60-64",135
,"Oral Cavity and Pharynx","20010-20100","New Hampshire","33","65-69 years","65-69",139
,"Oral Cavity and Pharynx","20010-20100","New Hampshire","33","70-74 years","70-74",138
,"Oral Cavity and Pharynx","20010-20100","New Hampshire","33","75-79 years","75-79",94
,"Oral Cavity and Pharynx","20010-20100","New Hampshire","33","80-84 years","80-84",91
,"Oral Cavity and Pharynx","20010-20100","New Hampshire","33","85+ years","85+",110
,"Oral Cavity and Pharynx","20010-20100","New Jersey","34","30-34 years","30-34",22
,"Oral Cavity and Pharynx","20010-20100","New Jersey","34","35-39 years","35-39",31
,"Oral Cavity and Pharynx","20010-20100","New Jersey","34","40-44 years","40-44",87
,"Oral Cavity and Pharynx","20010-20100","New Jersey","34","45-49 years","45-49",220
,"Oral Cavity and Pharynx","20010-20100","New Jersey","34","50-54 years","50-54",373
,"Oral Cavity and Pharynx","20010-20100","New Jersey","34","55-59 years","55-59",569
,"Oral Cavity and Pharynx","20010-20100","New Jersey","34","60-64 years ","60-64",640
,"Oral Cavity and Pharynx","20010-20100","New Jersey","34","65-69 years","65-69",625
,"Oral Cavity and Pharynx","20010-20100","New Jersey","34","70-74 years","70-74",636
,"Oral Cavity and Pharynx","20010-20100","New Jersey","34","75-79 years","75-79",570
,"Oral Cavity and Pharynx","20010-20100","New Jersey","34","80-84 years","80-84",539
,"Oral Cavity and Pharynx","20010-20100","New Jersey","34","85+ years","85+",685
,"Oral Cavity and Pharynx","20010-20100","New Mexico","35","40-44 years","40-44",24
,"Oral Cavity and Pharynx","20010-20100","New Mexico","35","45-49 years","45-49",37
,"Oral Cavity and Pharynx","20010-20100","New Mexico","35","50-54 years","50-54",67
,"Oral Cavity and Pharynx","20010-20100","New Mexico","35","55-59 years","55-59",116
,"Oral Cavity and Pharynx","20010-20100","New Mexico","35","60-64 years ","60-64",168
,"Oral Cavity and Pharynx","20010-20100","New Mexico","35","65-69 years","65-69",184
,"Oral Cavity and Pharynx","20010-20100","New Mexico","35","70-74 years","70-74",155
,"Oral Cavity and Pharynx","20010-20100","New Mexico","35","75-79 years","75-79",120
,"Oral Cavity and Pharynx","20010-20100","New Mexico","35","80-84 years","80-84",119
,"Oral Cavity and Pharynx","20010-20100","New Mexico","35","85+ years","85+",137
,"Oral Cavity and Pharynx","20010-20100","New York","36","20-24 years","20-24",27
,"Oral Cavity and Pharynx","20010-20100","New York","36","25-29 years","25-29",24
,"Oral Cavity and Pharynx","20010-20100","New York","36","30-34 years","30-34",36
,"Oral Cavity and Pharynx","20010-20100","New York","36","35-39 years","35-39",113
,"Oral Cavity and Pharynx","20010-20100","New York","36","40-44 years","40-44",185
,"Oral Cavity and Pharynx","20010-20100","New York","36","45-49 years","45-49",547
,"Oral Cavity and Pharynx","20010-20100","New York","36","50-54 years","50-54",957
,"Oral Cavity and Pharynx","20010-20100","New York","36","55-59 years","55-59",1324
,"Oral Cavity and Pharynx","20010-20100","New York","36","60-64 years ","60-64",1475
,"Oral Cavity and Pharynx","20010-20100","New York","36","65-69 years","65-69",1507
,"Oral Cavity and Pharynx","20010-20100","New York","36","70-74 years","70-74",1383
,"Oral Cavity and Pharynx","20010-20100","New York","36","75-79 years","75-79",1307
,"Oral Cavity and Pharynx","20010-20100","New York","36","80-84 years","80-84",1103
,"Oral Cavity and Pharynx","20010-20100","New York","36","85+ years","85+",1495
,"Oral Cavity and Pharynx","20010-20100","North Carolina","37","30-34 years","30-34",18
,"Oral Cavity and Pharynx","20010-20100","North Carolina","37","35-39 years","35-39",46
,"Oral Cavity and Pharynx","20010-20100","North Carolina","37","40-44 years","40-44",120
,"Oral Cavity and Pharynx","20010-20100","North Carolina","37","45-49 years","45-49",307
,"Oral Cavity and Pharynx","20010-20100","North Carolina","37","50-54 years","50-54",526
,"Oral Cavity and Pharynx","20010-20100","North Carolina","37","55-59 years","55-59",707
,"Oral Cavity and Pharynx","20010-20100","North Carolina","37","60-64 years ","60-64",929
,"Oral Cavity and Pharynx","20010-20100","North Carolina","37","65-69 years","65-69",891
,"Oral Cavity and Pharynx","20010-20100","North Carolina","37","70-74 years","70-74",809
,"Oral Cavity and Pharynx","20010-20100","North Carolina","37","75-79 years","75-79",741
,"Oral Cavity and Pharynx","20010-20100","North Carolina","37","80-84 years","80-84",593
,"Oral Cavity and Pharynx","20010-20100","North Carolina","37","85+ years","85+",739
,"Oral Cavity and Pharynx","20010-20100","North Dakota","38","50-54 years","50-54",27
,"Oral Cavity and Pharynx","20010-20100","North Dakota","38","55-59 years","55-59",33
,"Oral Cavity and Pharynx","20010-20100","North Dakota","38","60-64 years ","60-64",49
,"Oral Cavity and Pharynx","20010-20100","North Dakota","38","65-69 years","65-69",54
,"Oral Cavity and Pharynx","20010-20100","North Dakota","38","70-74 years","70-74",71
,"Oral Cavity and Pharynx","20010-20100","North Dakota","38","75-79 years","75-79",56
,"Oral Cavity and Pharynx","20010-20100","North Dakota","38","80-84 years","80-84",57
,"Oral Cavity and Pharynx","20010-20100","North Dakota","38","85+ years","85+",48
,"Oral Cavity and Pharynx","20010-20100","Ohio","39","30-34 years","30-34",32
,"Oral Cavity and Pharynx","20010-20100","Ohio","39","35-39 years","35-39",65
,"Oral Cavity and Pharynx","20010-20100","Ohio","39","40-44 years","40-44",150
,"Oral Cavity and Pharynx","20010-20100","Ohio","39","45-49 years","45-49",364
,"Oral Cavity and Pharynx","20010-20100","Ohio","39","50-54 years","50-54",709
,"Oral Cavity and Pharynx","20010-20100","Ohio","39","55-59 years","55-59",1040
,"Oral Cavity and Pharynx","20010-20100","Ohio","39","60-64 years ","60-64",1185
,"Oral Cavity and Pharynx","20010-20100","Ohio","39","65-69 years","65-69",1092
,"Oral Cavity and Pharynx","20010-20100","Ohio","39","70-74 years","70-74",1067
,"Oral Cavity and Pharynx","20010-20100","Ohio","39","75-79 years","75-79",923
,"Oral Cavity and Pharynx","20010-20100","Ohio","39","80-84 years","80-84",842
,"Oral Cavity and Pharynx","20010-20100","Ohio","39","85+ years","85+",993
,"Oral Cavity and Pharynx","20010-20100","Oklahoma","40","35-39 years","35-39",20
,"Oral Cavity and Pharynx","20010-20100","Oklahoma","40","40-44 years","40-44",57
,"Oral Cavity and Pharynx","20010-20100","Oklahoma","40","45-49 years","45-49",98
,"Oral Cavity and Pharynx","20010-20100","Oklahoma","40","50-54 years","50-54",207
,"Oral Cavity and Pharynx","20010-20100","Oklahoma","40","55-59 years","55-59",320
,"Oral Cavity and Pharynx","20010-20100","Oklahoma","40","60-64 years ","60-64",375
,"Oral Cavity and Pharynx","20010-20100","Oklahoma","40","65-69 years","65-69",380
,"Oral Cavity and Pharynx","20010-20100","Oklahoma","40","70-74 years","70-74",344
,"Oral Cavity and Pharynx","20010-20100","Oklahoma","40","75-79 years","75-79",282
,"Oral Cavity and Pharynx","20010-20100","Oklahoma","40","80-84 years","80-84",250
,"Oral Cavity and Pharynx","20010-20100","Oklahoma","40","85+ years","85+",319
,"Oral Cavity and Pharynx","20010-20100","Oregon","41","35-39 years","35-39",21
,"Oral Cavity and Pharynx","20010-20100","Oregon","41","40-44 years","40-44",29
,"Oral Cavity and Pharynx","20010-20100","Oregon","41","45-49 years","45-49",84
,"Oral Cavity and Pharynx","20010-20100","Oregon","41","50-54 years","50-54",163
,"Oral Cavity and Pharynx","20010-20100","Oregon","41","55-59 years","55-59",279
,"Oral Cavity and Pharynx","20010-20100","Oregon","41","60-64 years ","60-64",375
,"Oral Cavity and Pharynx","20010-20100","Oregon","41","65-69 years","65-69",410
,"Oral Cavity and Pharynx","20010-20100","Oregon","41","70-74 years","70-74",374
,"Oral Cavity and Pharynx","20010-20100","Oregon","41","75-79 years","75-79",342
,"Oral Cavity and Pharynx","20010-20100","Oregon","41","80-84 years","80-84",284
,"Oral Cavity and Pharynx","20010-20100","Oregon","41","85+ years","85+",387
,"Oral Cavity and Pharynx","20010-20100","Pennsylvania","42","25-29 years","25-29",17
,"Oral Cavity and Pharynx","20010-20100","Pennsylvania","42","30-34 years","30-34",28
,"Oral Cavity and Pharynx","20010-20100","Pennsylvania","42","35-39 years","35-39",60
,"Oral Cavity and Pharynx","20010-20100","Pennsylvania","42","40-44 years","40-44",148
,"Oral Cavity and Pharynx","20010-20100","Pennsylvania","42","45-49 years","45-49",313
,"Oral Cavity and Pharynx","20010-20100","Pennsylvania","42","50-54 years","50-54",682
,"Oral Cavity and Pharynx","20010-20100","Pennsylvania","42","55-59 years","55-59",948
,"Oral Cavity and Pharynx","20010-20100","Pennsylvania","42","60-64 years ","60-64",1125
,"Oral Cavity and Pharynx","20010-20100","Pennsylvania","42","65-69 years","65-69",1090
,"Oral Cavity and Pharynx","20010-20100","Pennsylvania","42","70-74 years","70-74",1113
,"Oral Cavity and Pharynx","20010-20100","Pennsylvania","42","75-79 years","75-79",1035
,"Oral Cavity and Pharynx","20010-20100","Pennsylvania","42","80-84 years","80-84",922
,"Oral Cavity and Pharynx","20010-20100","Pennsylvania","42","85+ years","85+",1225
,"Oral Cavity and Pharynx","20010-20100","Rhode Island","44","50-54 years","50-54",45
,"Oral Cavity and Pharynx","20010-20100","Rhode Island","44","55-59 years","55-59",62
,"Oral Cavity and Pharynx","20010-20100","Rhode Island","44","60-64 years ","60-64",78
,"Oral Cavity and Pharynx","20010-20100","Rhode Island","44","65-69 years","65-69",82
,"Oral Cavity and Pharynx","20010-20100","Rhode Island","44","70-74 years","70-74",72
,"Oral Cavity and Pharynx","20010-20100","Rhode Island","44","75-79 years","75-79",78
,"Oral Cavity and Pharynx","20010-20100","Rhode Island","44","80-84 years","80-84",58
,"Oral Cavity and Pharynx","20010-20100","Rhode Island","44","85+ years","85+",93
,"Oral Cavity and Pharynx","20010-20100","South Carolina","45","35-39 years","35-39",37
,"Oral Cavity and Pharynx","20010-20100","South Carolina","45","40-44 years","40-44",70
,"Oral Cavity and Pharynx","20010-20100","South Carolina","45","45-49 years","45-49",201
,"Oral Cavity and Pharynx","20010-20100","South Carolina","45","50-54 years","50-54",382
,"Oral Cavity and Pharynx","20010-20100","South Carolina","45","55-59 years","55-59",498
,"Oral Cavity and Pharynx","20010-20100","South Carolina","45","60-64 years ","60-64",558
,"Oral Cavity and Pharynx","20010-20100","South Carolina","45","65-69 years","65-69",553
,"Oral Cavity and Pharynx","20010-20100","South Carolina","45","70-74 years","70-74",472
,"Oral Cavity and Pharynx","20010-20100","South Carolina","45","75-79 years","75-79",376
,"Oral Cavity and Pharynx","20010-20100","South Carolina","45","80-84 years","80-84",315
,"Oral Cavity and Pharynx","20010-20100","South Carolina","45","85+ years","85+",318
,"Oral Cavity and Pharynx","20010-20100","South Dakota","46","45-49 years","45-49",16
,"Oral Cavity and Pharynx","20010-20100","South Dakota","46","50-54 years","50-54",42
,"Oral Cavity and Pharynx","20010-20100","South Dakota","46","55-59 years","55-59",57
,"Oral Cavity and Pharynx","20010-20100","South Dakota","46","60-64 years ","60-64",58
,"Oral Cavity and Pharynx","20010-20100","South Dakota","46","65-69 years","65-69",63
,"Oral Cavity and Pharynx","20010-20100","South Dakota","46","70-74 years","70-74",60
,"Oral Cavity and Pharynx","20010-20100","South Dakota","46","75-79 years","75-79",49
,"Oral Cavity and Pharynx","20010-20100","South Dakota","46","80-84 years","80-84",37
,"Oral Cavity and Pharynx","20010-20100","South Dakota","46","85+ years","85+",87
,"Oral Cavity and Pharynx","20010-20100","Tennessee","47","30-34 years","30-34",23
,"Oral Cavity and Pharynx","20010-20100","Tennessee","47","35-39 years","35-39",38
,"Oral Cavity and Pharynx","20010-20100","Tennessee","47","40-44 years","40-44",103
,"Oral Cavity and Pharynx","20010-20100","Tennessee","47","45-49 years","45-49",274
,"Oral Cavity and Pharynx","20010-20100","Tennessee","47","50-54 years","50-54",444
,"Oral Cavity and Pharynx","20010-20100","Tennessee","47","55-59 years","55-59",649
,"Oral Cavity and Pharynx","20010-20100","Tennessee","47","60-64 years ","60-64",719
,"Oral Cavity and Pharynx","20010-20100","Tennessee","47","65-69 years","65-69",693
,"Oral Cavity and Pharynx","20010-20100","Tennessee","47","70-74 years","70-74",589
,"Oral Cavity and Pharynx","20010-20100","Tennessee","47","75-79 years","75-79",548
,"Oral Cavity and Pharynx","20010-20100","Tennessee","47","80-84 years","80-84",429
,"Oral Cavity and Pharynx","20010-20100","Tennessee","47","85+ years","85+",502
,"Oral Cavity and Pharynx","20010-20100","Texas","48","20-24 years","20-24",28
,"Oral Cavity and Pharynx","20010-20100","Texas","48","25-29 years","25-29",33
,"Oral Cavity and Pharynx","20010-20100","Texas","48","30-34 years","30-34",66
,"Oral Cavity and Pharynx","20010-20100","Texas","48","35-39 years","35-39",143
,"Oral Cavity and Pharynx","20010-20100","Texas","48","40-44 years","40-44",247
,"Oral Cavity and Pharynx","20010-20100","Texas","48","45-49 years","45-49",631
,"Oral Cavity and Pharynx","20010-20100","Texas","48","50-54 years","50-54",1264
,"Oral Cavity and Pharynx","20010-20100","Texas","48","55-59 years","55-59",1729
,"Oral Cavity and Pharynx","20010-20100","Texas","48","60-64 years ","60-64",2101
,"Oral Cavity and Pharynx","20010-20100","Texas","48","65-69 years","65-69",1963
,"Oral Cavity and Pharynx","20010-20100","Texas","48","70-74 years","70-74",1803
,"Oral Cavity and Pharynx","20010-20100","Texas","48","75-79 years","75-79",1519
,"Oral Cavity and Pharynx","20010-20100","Texas","48","80-84 years","80-84",1296
,"Oral Cavity and Pharynx","20010-20100","Texas","48","85+ years","85+",1384
,"Oral Cavity and Pharynx","20010-20100","Utah","49","40-44 years","40-44",17
,"Oral Cavity and Pharynx","20010-20100","Utah","49","45-49 years","45-49",30
,"Oral Cavity and Pharynx","20010-20100","Utah","49","50-54 years","50-54",51
,"Oral Cavity and Pharynx","20010-20100","Utah","49","55-59 years","55-59",78
,"Oral Cavity and Pharynx","20010-20100","Utah","49","60-64 years ","60-64",96
,"Oral Cavity and Pharynx","20010-20100","Utah","49","65-69 years","65-69",120
,"Oral Cavity and Pharynx","20010-20100","Utah","49","70-74 years","70-74",109
,"Oral Cavity and Pharynx","20010-20100","Utah","49","75-79 years","75-79",127
,"Oral Cavity and Pharynx","20010-20100","Utah","49","80-84 years","80-84",92
,"Oral Cavity and Pharynx","20010-20100","Utah","49","85+ years","85+",96
,"Oral Cavity and Pharynx","20010-20100","Vermont","50","45-49 years","45-49",20
,"Oral Cavity and Pharynx","20010-20100","Vermont","50","50-54 years","50-54",25
,"Oral Cavity and Pharynx","20010-20100","Vermont","50","55-59 years","55-59",51
,"Oral Cavity and Pharynx","20010-20100","Vermont","50","60-64 years ","60-64",71
,"Oral Cavity and Pharynx","20010-20100","Vermont","50","65-69 years","65-69",73
,"Oral Cavity and Pharynx","20010-20100","Vermont","50","70-74 years","70-74",73
,"Oral Cavity and Pharynx","20010-20100","Vermont","50","75-79 years","75-79",55
,"Oral Cavity and Pharynx","20010-20100","Vermont","50","80-84 years","80-84",49
,"Oral Cavity and Pharynx","20010-20100","Vermont","50","85+ years","85+",54
,"Oral Cavity and Pharynx","20010-20100","Virginia","51","30-34 years","30-34",21
,"Oral Cavity and Pharynx","20010-20100","Virginia","51","35-39 years","35-39",36
,"Oral Cavity and Pharynx","20010-20100","Virginia","51","40-44 years","40-44",87
,"Oral Cavity and Pharynx","20010-20100","Virginia","51","45-49 years","45-49",194
,"Oral Cavity and Pharynx","20010-20100","Virginia","51","50-54 years","50-54",396
,"Oral Cavity and Pharynx","20010-20100","Virginia","51","55-59 years","55-59",529
,"Oral Cavity and Pharynx","20010-20100","Virginia","51","60-64 years ","60-64",654
,"Oral Cavity and Pharynx","20010-20100","Virginia","51","65-69 years","65-69",622
,"Oral Cavity and Pharynx","20010-20100","Virginia","51","70-74 years","70-74",636
,"Oral Cavity and Pharynx","20010-20100","Virginia","51","75-79 years","75-79",573
,"Oral Cavity and Pharynx","20010-20100","Virginia","51","80-84 years","80-84",433
,"Oral Cavity and Pharynx","20010-20100","Virginia","51","85+ years","85+",530
,"Oral Cavity and Pharynx","20010-20100","Washington","53","30-34 years","30-34",27
,"Oral Cavity and Pharynx","20010-20100","Washington","53","35-39 years","35-39",34
,"Oral Cavity and Pharynx","20010-20100","Washington","53","40-44 years","40-44",79
,"Oral Cavity and Pharynx","20010-20100","Washington","53","45-49 years","45-49",163
,"Oral Cavity and Pharynx","20010-20100","Washington","53","50-54 years","50-54",335
,"Oral Cavity and Pharynx","20010-20100","Washington","53","55-59 years","55-59",500
,"Oral Cavity and Pharynx","20010-20100","Washington","53","60-64 years ","60-64",672
,"Oral Cavity and Pharynx","20010-20100","Washington","53","65-69 years","65-69",673
,"Oral Cavity and Pharynx","20010-20100","Washington","53","70-74 years","70-74",652
,"Oral Cavity and Pharynx","20010-20100","Washington","53","75-79 years","75-79",551
,"Oral Cavity and Pharynx","20010-20100","Washington","53","80-84 years","80-84",498
,"Oral Cavity and Pharynx","20010-20100","Washington","53","85+ years","85+",621
,"Oral Cavity and Pharynx","20010-20100","West Virginia","54","40-44 years","40-44",36
,"Oral Cavity and Pharynx","20010-20100","West Virginia","54","45-49 years","45-49",73
,"Oral Cavity and Pharynx","20010-20100","West Virginia","54","50-54 years","50-54",129
,"Oral Cavity and Pharynx","20010-20100","West Virginia","54","55-59 years","55-59",206
,"Oral Cavity and Pharynx","20010-20100","West Virginia","54","60-64 years ","60-64",230
,"Oral Cavity and Pharynx","20010-20100","West Virginia","54","65-69 years","65-69",205
,"Oral Cavity and Pharynx","20010-20100","West Virginia","54","70-74 years","70-74",186
,"Oral Cavity and Pharynx","20010-20100","West Virginia","54","75-79 years","75-79",160
,"Oral Cavity and Pharynx","20010-20100","West Virginia","54","80-84 years","80-84",126
,"Oral Cavity and Pharynx","20010-20100","West Virginia","54","85+ years","85+",151
,"Oral Cavity and Pharynx","20010-20100","Wisconsin","55","35-39 years","35-39",30
,"Oral Cavity and Pharynx","20010-20100","Wisconsin","55","40-44 years","40-44",62
,"Oral Cavity and Pharynx","20010-20100","Wisconsin","55","45-49 years","45-49",138
,"Oral Cavity and Pharynx","20010-20100","Wisconsin","55","50-54 years","50-54",249
,"Oral Cavity and Pharynx","20010-20100","Wisconsin","55","55-59 years","55-59",450
,"Oral Cavity and Pharynx","20010-20100","Wisconsin","55","60-64 years ","60-64",547
,"Oral Cavity and Pharynx","20010-20100","Wisconsin","55","65-69 years","65-69",503
,"Oral Cavity and Pharynx","20010-20100","Wisconsin","55","70-74 years","70-74",491
,"Oral Cavity and Pharynx","20010-20100","Wisconsin","55","75-79 years","75-79",453
,"Oral Cavity and Pharynx","20010-20100","Wisconsin","55","80-84 years","80-84",409
,"Oral Cavity and Pharynx","20010-20100","Wisconsin","55","85+ years","85+",512
,"Oral Cavity and Pharynx","20010-20100","Wyoming","56","50-54 years","50-54",25
,"Oral Cavity and Pharynx","20010-20100","Wyoming","56","55-59 years","55-59",27
,"Oral Cavity and Pharynx","20010-20100","Wyoming","56","60-64 years ","60-64",59
,"Oral Cavity and Pharynx","20010-20100","Wyoming","56","65-69 years","65-69",41
,"Oral Cavity and Pharynx","20010-20100","Wyoming","56","70-74 years","70-74",38
,"Oral Cavity and Pharynx","20010-20100","Wyoming","56","75-79 years","75-79",41
,"Oral Cavity and Pharynx","20010-20100","Wyoming","56","80-84 years","80-84",40
,"Oral Cavity and Pharynx","20010-20100","Wyoming","56","85+ years","85+",38
,"Ovary","27040","Alabama","01","25-29 years","25-29",19
,"Ovary","27040","Alabama","01","30-34 years","30-34",19
,"Ovary","27040","Alabama","01","35-39 years","35-39",34
,"Ovary","27040","Alabama","01","40-44 years","40-44",87
,"Ovary","27040","Alabama","01","45-49 years","45-49",165
,"Ovary","27040","Alabama","01","50-54 years","50-54",323
,"Ovary","27040","Alabama","01","55-59 years","55-59",476
,"Ovary","27040","Alabama","01","60-64 years ","60-64",631
,"Ovary","27040","Alabama","01","65-69 years","65-69",781
,"Ovary","27040","Alabama","01","70-74 years","70-74",853
,"Ovary","27040","Alabama","01","75-79 years","75-79",858
,"Ovary","27040","Alabama","01","80-84 years","80-84",723
,"Ovary","27040","Alabama","01","85+ years","85+",695
,"Ovary","27040","Alaska","02","45-49 years","45-49",25
,"Ovary","27040","Alaska","02","50-54 years","50-54",43
,"Ovary","27040","Alaska","02","55-59 years","55-59",47
,"Ovary","27040","Alaska","02","60-64 years ","60-64",63
,"Ovary","27040","Alaska","02","65-69 years","65-69",50
,"Ovary","27040","Alaska","02","70-74 years","70-74",50
,"Ovary","27040","Alaska","02","75-79 years","75-79",43
,"Ovary","27040","Alaska","02","80-84 years","80-84",34
,"Ovary","27040","Alaska","02","85+ years","85+",28
,"Ovary","27040","Arizona","04","25-29 years","25-29",17
,"Ovary","27040","Arizona","04","30-34 years","30-34",25
,"Ovary","27040","Arizona","04","35-39 years","35-39",55
,"Ovary","27040","Arizona","04","40-44 years","40-44",118
,"Ovary","27040","Arizona","04","45-49 years","45-49",218
,"Ovary","27040","Arizona","04","50-54 years","50-54",416
,"Ovary","27040","Arizona","04","55-59 years","55-59",568
,"Ovary","27040","Arizona","04","60-64 years ","60-64",719
,"Ovary","27040","Arizona","04","65-69 years","65-69",897
,"Ovary","27040","Arizona","04","70-74 years","70-74",910
,"Ovary","27040","Arizona","04","75-79 years","75-79",955
,"Ovary","27040","Arizona","04","80-84 years","80-84",786
,"Ovary","27040","Arizona","04","85+ years","85+",801
,"Ovary","27040","Arkansas","05","35-39 years","35-39",20
,"Ovary","27040","Arkansas","05","40-44 years","40-44",64
,"Ovary","27040","Arkansas","05","45-49 years","45-49",121
,"Ovary","27040","Arkansas","05","50-54 years","50-54",186
,"Ovary","27040","Arkansas","05","55-59 years","55-59",290
,"Ovary","27040","Arkansas","05","60-64 years ","60-64",342
,"Ovary","27040","Arkansas","05","65-69 years","65-69",428
,"Ovary","27040","Arkansas","05","70-74 years","70-74",419
,"Ovary","27040","Arkansas","05","75-79 years","75-79",497
,"Ovary","27040","Arkansas","05","80-84 years","80-84",400
,"Ovary","27040","Arkansas","05","85+ years","85+",416
,"Ovary","27040","California","06","15-19 years","15-19",21
,"Ovary","27040","California","06","20-24 years","20-24",45
,"Ovary","27040","California","06","25-29 years","25-29",92
,"Ovary","27040","California","06","30-34 years","30-34",169
,"Ovary","27040","California","06","35-39 years","35-39",353
,"Ovary","27040","California","06","40-44 years","40-44",707
,"Ovary","27040","California","06","45-49 years","45-49",1529
,"Ovary","27040","California","06","50-54 years","50-54",2594
,"Ovary","27040","California","06","55-59 years","55-59",3361
,"Ovary","27040","California","06","60-64 years ","60-64",4216
,"Ovary","27040","California","06","65-69 years","65-69",4532
,"Ovary","27040","California","06","70-74 years","70-74",4676
,"Ovary","27040","California","06","75-79 years","75-79",4667
,"Ovary","27040","California","06","80-84 years","80-84",4202
,"Ovary","27040","California","06","85+ years","85+",4628
,"Ovary","27040","Colorado","08","35-39 years","35-39",36
,"Ovary","27040","Colorado","08","40-44 years","40-44",105
,"Ovary","27040","Colorado","08","45-49 years","45-49",188
,"Ovary","27040","Colorado","08","50-54 years","50-54",339
,"Ovary","27040","Colorado","08","55-59 years","55-59",502
,"Ovary","27040","Colorado","08","60-64 years ","60-64",597
,"Ovary","27040","Colorado","08","65-69 years","65-69",608
,"Ovary","27040","Colorado","08","70-74 years","70-74",638
,"Ovary","27040","Colorado","08","75-79 years","75-79",630
,"Ovary","27040","Colorado","08","80-84 years","80-84",557
,"Ovary","27040","Colorado","08","85+ years","85+",527
,"Ovary","27040","Connecticut","09","35-39 years","35-39",22
,"Ovary","27040","Connecticut","09","40-44 years","40-44",65
,"Ovary","27040","Connecticut","09","45-49 years","45-49",146
,"Ovary","27040","Connecticut","09","50-54 years","50-54",255
,"Ovary","27040","Connecticut","09","55-59 years","55-59",329
,"Ovary","27040","Connecticut","09","60-64 years ","60-64",446
,"Ovary","27040","Connecticut","09","65-69 years","65-69",477
,"Ovary","27040","Connecticut","09","70-74 years","70-74",557
,"Ovary","27040","Connecticut","09","75-79 years","75-79",526
,"Ovary","27040","Connecticut","09","80-84 years","80-84",520
,"Ovary","27040","Connecticut","09","85+ years","85+",675
,"Ovary","27040","Delaware","10","40-44 years","40-44",16
,"Ovary","27040","Delaware","10","45-49 years","45-49",30
,"Ovary","27040","Delaware","10","50-54 years","50-54",65
,"Ovary","27040","Delaware","10","55-59 years","55-59",108
,"Ovary","27040","Delaware","10","60-64 years ","60-64",131
,"Ovary","27040","Delaware","10","65-69 years","65-69",148
,"Ovary","27040","Delaware","10","70-74 years","70-74",141
,"Ovary","27040","Delaware","10","75-79 years","75-79",146
,"Ovary","27040","Delaware","10","80-84 years","80-84",120
,"Ovary","27040","Delaware","10","85+ years","85+",126
,"Ovary","27040","District of Columbia","11","45-49 years","45-49",21
,"Ovary","27040","District of Columbia","11","50-54 years","50-54",44
,"Ovary","27040","District of Columbia","11","55-59 years","55-59",63
,"Ovary","27040","District of Columbia","11","60-64 years ","60-64",69
,"Ovary","27040","District of Columbia","11","65-69 years","65-69",88
,"Ovary","27040","District of Columbia","11","70-74 years","70-74",80
,"Ovary","27040","District of Columbia","11","75-79 years","75-79",73
,"Ovary","27040","District of Columbia","11","80-84 years","80-84",61
,"Ovary","27040","District of Columbia","11","85+ years","85+",87
,"Ovary","27040","Florida","12","20-24 years","20-24",24
,"Ovary","27040","Florida","12","25-29 years","25-29",33
,"Ovary","27040","Florida","12","30-34 years","30-34",72
,"Ovary","27040","Florida","12","35-39 years","35-39",149
,"Ovary","27040","Florida","12","40-44 years","40-44",351
,"Ovary","27040","Florida","12","45-49 years","45-49",749
,"Ovary","27040","Florida","12","50-54 years","50-54",1285
,"Ovary","27040","Florida","12","55-59 years","55-59",1922
,"Ovary","27040","Florida","12","60-64 years ","60-64",2478
,"Ovary","27040","Florida","12","65-69 years","65-69",2920
,"Ovary","27040","Florida","12","70-74 years","70-74",3240
,"Ovary","27040","Florida","12","75-79 years","75-79",3352
,"Ovary","27040","Florida","12","80-84 years","80-84",3069
,"Ovary","27040","Florida","12","85+ years","85+",3114
,"Ovary","27040","Georgia","13","20-24 years","20-24",16
,"Ovary","27040","Georgia","13","25-29 years","25-29",20
,"Ovary","27040","Georgia","13","30-34 years","30-34",43
,"Ovary","27040","Georgia","13","35-39 years","35-39",94
,"Ovary","27040","Georgia","13","40-44 years","40-44",206
,"Ovary","27040","Georgia","13","45-49 years","45-49",339
,"Ovary","27040","Georgia","13","50-54 years","50-54",594
,"Ovary","27040","Georgia","13","55-59 years","55-59",815
,"Ovary","27040","Georgia","13","60-64 years ","60-64",1048
,"Ovary","27040","Georgia","13","65-69 years","65-69",1241
,"Ovary","27040","Georgia","13","70-74 years","70-74",1314
,"Ovary","27040","Georgia","13","75-79 years","75-79",1246
,"Ovary","27040","Georgia","13","80-84 years","80-84",1041
,"Ovary","27040","Georgia","13","85+ years","85+",1001
,"Ovary","27040","Hawaii","15","40-44 years","40-44",26
,"Ovary","27040","Hawaii","15","45-49 years","45-49",37
,"Ovary","27040","Hawaii","15","50-54 years","50-54",76
,"Ovary","27040","Hawaii","15","55-59 years","55-59",115
,"Ovary","27040","Hawaii","15","60-64 years ","60-64",135
,"Ovary","27040","Hawaii","15","65-69 years","65-69",139
,"Ovary","27040","Hawaii","15","70-74 years","70-74",147
,"Ovary","27040","Hawaii","15","75-79 years","75-79",138
,"Ovary","27040","Hawaii","15","80-84 years","80-84",131
,"Ovary","27040","Hawaii","15","85+ years","85+",127
,"Ovary","27040","Idaho","16","40-44 years","40-44",27
,"Ovary","27040","Idaho","16","45-49 years","45-49",50
,"Ovary","27040","Idaho","16","50-54 years","50-54",84
,"Ovary","27040","Idaho","16","55-59 years","55-59",140
,"Ovary","27040","Idaho","16","60-64 years ","60-64",178
,"Ovary","27040","Idaho","16","65-69 years","65-69",220
,"Ovary","27040","Idaho","16","70-74 years","70-74",216
,"Ovary","27040","Idaho","16","75-79 years","75-79",210
,"Ovary","27040","Idaho","16","80-84 years","80-84",219
,"Ovary","27040","Idaho","16","85+ years","85+",215
,"Ovary","27040","Illinois","17","20-24 years","20-24",16
,"Ovary","27040","Illinois","17","25-29 years","25-29",21
,"Ovary","27040","Illinois","17","30-34 years","30-34",58
,"Ovary","27040","Illinois","17","35-39 years","35-39",122
,"Ovary","27040","Illinois","17","40-44 years","40-44",255
,"Ovary","27040","Illinois","17","45-49 years","45-49",538
,"Ovary","27040","Illinois","17","50-54 years","50-54",903
,"Ovary","27040","Illinois","17","55-59 years","55-59",1247
,"Ovary","27040","Illinois","17","60-64 years ","60-64",1522
,"Ovary","27040","Illinois","17","65-69 years","65-69",1673
,"Ovary","27040","Illinois","17","70-74 years","70-74",1823
,"Ovary","27040","Illinois","17","75-79 years","75-79",1858
,"Ovary","27040","Illinois","17","80-84 years","80-84",1681
,"Ovary","27040","Illinois","17","85+ years","85+",1899
,"Ovary","27040","Indiana","18","25-29 years","25-29",18
,"Ovary","27040","Indiana","18","30-34 years","30-34",30
,"Ovary","27040","Indiana","18","35-39 years","35-39",55
,"Ovary","27040","Indiana","18","40-44 years","40-44",108
,"Ovary","27040","Indiana","18","45-49 years","45-49",212
,"Ovary","27040","Indiana","18","50-54 years","50-54",484
,"Ovary","27040","Indiana","18","55-59 years","55-59",591
,"Ovary","27040","Indiana","18","60-64 years ","60-64",810
,"Ovary","27040","Indiana","18","65-69 years","65-69",903
,"Ovary","27040","Indiana","18","70-74 years","70-74",954
,"Ovary","27040","Indiana","18","75-79 years","75-79",1020
,"Ovary","27040","Indiana","18","80-84 years","80-84",929
,"Ovary","27040","Indiana","18","85+ years","85+",997
,"Ovary","27040","Iowa","19","40-44 years","40-44",49
,"Ovary","27040","Iowa","19","45-49 years","45-49",131
,"Ovary","27040","Iowa","19","50-54 years","50-54",208
,"Ovary","27040","Iowa","19","55-59 years","55-59",296
,"Ovary","27040","Iowa","19","60-64 years ","60-64",390
,"Ovary","27040","Iowa","19","65-69 years","65-69",472
,"Ovary","27040","Iowa","19","70-74 years","70-74",516
,"Ovary","27040","Iowa","19","75-79 years","75-79",546
,"Ovary","27040","Iowa","19","80-84 years","80-84",587
,"Ovary","27040","Iowa","19","85+ years","85+",640
,"Ovary","27040","Kansas","20","30-34 years","30-34",16
,"Ovary","27040","Kansas","20","35-39 years","35-39",28
,"Ovary","27040","Kansas","20","40-44 years","40-44",53
,"Ovary","27040","Kansas","20","45-49 years","45-49",111
,"Ovary","27040","Kansas","20","50-54 years","50-54",188
,"Ovary","27040","Kansas","20","55-59 years","55-59",272
,"Ovary","27040","Kansas","20","60-64 years ","60-64",310
,"Ovary","27040","Kansas","20","65-69 years","65-69",368
,"Ovary","27040","Kansas","20","70-74 years","70-74",447
,"Ovary","27040","Kansas","20","75-79 years","75-79",433
,"Ovary","27040","Kansas","20","80-84 years","80-84",421
,"Ovary","27040","Kansas","20","85+ years","85+",475
,"Ovary","27040","Kentucky","21","25-29 years","25-29",16
,"Ovary","27040","Kentucky","21","30-34 years","30-34",21
,"Ovary","27040","Kentucky","21","35-39 years","35-39",42
,"Ovary","27040","Kentucky","21","40-44 years","40-44",73
,"Ovary","27040","Kentucky","21","45-49 years","45-49",164
,"Ovary","27040","Kentucky","21","50-54 years","50-54",297
,"Ovary","27040","Kentucky","21","55-59 years","55-59",400
,"Ovary","27040","Kentucky","21","60-64 years ","60-64",535
,"Ovary","27040","Kentucky","21","65-69 years","65-69",567
,"Ovary","27040","Kentucky","21","70-74 years","70-74",603
,"Ovary","27040","Kentucky","21","75-79 years","75-79",622
,"Ovary","27040","Kentucky","21","80-84 years","80-84",557
,"Ovary","27040","Kentucky","21","85+ years","85+",588
,"Ovary","27040","Louisiana","22","25-29 years","25-29",19
,"Ovary","27040","Louisiana","22","30-34 years","30-34",21
,"Ovary","27040","Louisiana","22","35-39 years","35-39",51
,"Ovary","27040","Louisiana","22","40-44 years","40-44",92
,"Ovary","27040","Louisiana","22","45-49 years","45-49",141
,"Ovary","27040","Louisiana","22","50-54 years","50-54",284
,"Ovary","27040","Louisiana","22","55-59 years","55-59",370
,"Ovary","27040","Louisiana","22","60-64 years ","60-64",480
,"Ovary","27040","Louisiana","22","65-69 years","65-69",574
,"Ovary","27040","Louisiana","22","70-74 years","70-74",609
,"Ovary","27040","Louisiana","22","75-79 years","75-79",626
,"Ovary","27040","Louisiana","22","80-84 years","80-84",533
,"Ovary","27040","Louisiana","22","85+ years","85+",535
,"Ovary","27040","Maine","23","40-44 years","40-44",20
,"Ovary","27040","Maine","23","45-49 years","45-49",51
,"Ovary","27040","Maine","23","50-54 years","50-54",116
,"Ovary","27040","Maine","23","55-59 years","55-59",140
,"Ovary","27040","Maine","23","60-64 years ","60-64",217
,"Ovary","27040","Maine","23","65-69 years","65-69",212
,"Ovary","27040","Maine","23","70-74 years","70-74",208
,"Ovary","27040","Maine","23","75-79 years","75-79",248
,"Ovary","27040","Maine","23","80-84 years","80-84",210
,"Ovary","27040","Maine","23","85+ years","85+",220
,"Ovary","27040","Maryland","24","30-34 years","30-34",23
,"Ovary","27040","Maryland","24","35-39 years","35-39",50
,"Ovary","27040","Maryland","24","40-44 years","40-44",110
,"Ovary","27040","Maryland","24","45-49 years","45-49",203
,"Ovary","27040","Maryland","24","50-54 years","50-54",406
,"Ovary","27040","Maryland","24","55-59 years","55-59",566
,"Ovary","27040","Maryland","24","60-64 years ","60-64",732
,"Ovary","27040","Maryland","24","65-69 years","65-69",836
,"Ovary","27040","Maryland","24","70-74 years","70-74",779
,"Ovary","27040","Maryland","24","75-79 years","75-79",817
,"Ovary","27040","Maryland","24","80-84 years","80-84",670
,"Ovary","27040","Maryland","24","85+ years","85+",715
,"Ovary","27040","Massachusetts","25","30-34 years","30-34",29
,"Ovary","27040","Massachusetts","25","35-39 years","35-39",53
,"Ovary","27040","Massachusetts","25","40-44 years","40-44",136
,"Ovary","27040","Massachusetts","25","45-49 years","45-49",258
,"Ovary","27040","Massachusetts","25","50-54 years","50-54",457
,"Ovary","27040","Massachusetts","25","55-59 years","55-59",712
,"Ovary","27040","Massachusetts","25","60-64 years ","60-64",870
,"Ovary","27040","Massachusetts","25","65-69 years","65-69",931
,"Ovary","27040","Massachusetts","25","70-74 years","70-74",1044
,"Ovary","27040","Massachusetts","25","75-79 years","75-79",1050
,"Ovary","27040","Massachusetts","25","80-84 years","80-84",997
,"Ovary","27040","Massachusetts","25","85+ years","85+",1173
,"Ovary","27040","Michigan","26","25-29 years","25-29",30
,"Ovary","27040","Michigan","26","30-34 years","30-34",49
,"Ovary","27040","Michigan","26","35-39 years","35-39",102
,"Ovary","27040","Michigan","26","40-44 years","40-44",195
,"Ovary","27040","Michigan","26","45-49 years","45-49",446
,"Ovary","27040","Michigan","26","50-54 years","50-54",805
,"Ovary","27040","Michigan","26","55-59 years","55-59",1084
,"Ovary","27040","Michigan","26","60-64 years ","60-64",1287
,"Ovary","27040","Michigan","26","65-69 years","65-69",1401
,"Ovary","27040","Michigan","26","70-74 years","70-74",1551
,"Ovary","27040","Michigan","26","75-79 years","75-79",1603
,"Ovary","27040","Michigan","26","80-84 years","80-84",1447
,"Ovary","27040","Michigan","26","85+ years","85+",1470
,"Ovary","27040","Minnesota","27","35-39 years","35-39",39
,"Ovary","27040","Minnesota","27","40-44 years","40-44",66
,"Ovary","27040","Minnesota","27","45-49 years","45-49",184
,"Ovary","27040","Minnesota","27","50-54 years","50-54",321
,"Ovary","27040","Minnesota","27","55-59 years","55-59",498
,"Ovary","27040","Minnesota","27","60-64 years ","60-64",560
,"Ovary","27040","Minnesota","27","65-69 years","65-69",705
,"Ovary","27040","Minnesota","27","70-74 years","70-74",746
,"Ovary","27040","Minnesota","27","75-79 years","75-79",720
,"Ovary","27040","Minnesota","27","80-84 years","80-84",711
,"Ovary","27040","Minnesota","27","85+ years","85+",867
,"Ovary","27040","Mississippi","28","35-39 years","35-39",27
,"Ovary","27040","Mississippi","28","40-44 years","40-44",62
,"Ovary","27040","Mississippi","28","45-49 years","45-49",117
,"Ovary","27040","Mississippi","28","50-54 years","50-54",177
,"Ovary","27040","Mississippi","28","55-59 years","55-59",234
,"Ovary","27040","Mississippi","28","60-64 years ","60-64",324
,"Ovary","27040","Mississippi","28","65-69 years","65-69",413
,"Ovary","27040","Mississippi","28","70-74 years","70-74",381
,"Ovary","27040","Mississippi","28","75-79 years","75-79",423
,"Ovary","27040","Mississippi","28","80-84 years","80-84",344
,"Ovary","27040","Mississippi","28","85+ years","85+",347
,"Ovary","27040","Missouri","29","30-34 years","30-34",18
,"Ovary","27040","Missouri","29","35-39 years","35-39",40
,"Ovary","27040","Missouri","29","40-44 years","40-44",113
,"Ovary","27040","Missouri","29","45-49 years","45-49",206
,"Ovary","27040","Missouri","29","50-54 years","50-54",399
,"Ovary","27040","Missouri","29","55-59 years","55-59",537
,"Ovary","27040","Missouri","29","60-64 years ","60-64",694
,"Ovary","27040","Missouri","29","65-69 years","65-69",825
,"Ovary","27040","Missouri","29","70-74 years","70-74",855
,"Ovary","27040","Missouri","29","75-79 years","75-79",871
,"Ovary","27040","Missouri","29","80-84 years","80-84",840
,"Ovary","27040","Missouri","29","85+ years","85+",888
,"Ovary","27040","Montana","30","45-49 years","45-49",32
,"Ovary","27040","Montana","30","50-54 years","50-54",66
,"Ovary","27040","Montana","30","55-59 years","55-59",123
,"Ovary","27040","Montana","30","60-64 years ","60-64",153
,"Ovary","27040","Montana","30","65-69 years","65-69",155
,"Ovary","27040","Montana","30","70-74 years","70-74",140
,"Ovary","27040","Montana","30","75-79 years","75-79",158
,"Ovary","27040","Montana","30","80-84 years","80-84",178
,"Ovary","27040","Montana","30","85+ years","85+",166
,"Ovary","27040","Nebraska","31","40-44 years","40-44",33
,"Ovary","27040","Nebraska","31","45-49 years","45-49",72
,"Ovary","27040","Nebraska","31","50-54 years","50-54",112
,"Ovary","27040","Nebraska","31","55-59 years","55-59",141
,"Ovary","27040","Nebraska","31","60-64 years ","60-64",215
,"Ovary","27040","Nebraska","31","65-69 years","65-69",235
,"Ovary","27040","Nebraska","31","70-74 years","70-74",234
,"Ovary","27040","Nebraska","31","75-79 years","75-79",259
,"Ovary","27040","Nebraska","31","80-84 years","80-84",253
,"Ovary","27040","Nebraska","31","85+ years","85+",296
,"Ovary","27040","Nevada","32","35-39 years","35-39",23
,"Ovary","27040","Nevada","32","40-44 years","40-44",55
,"Ovary","27040","Nevada","32","45-49 years","45-49",102
,"Ovary","27040","Nevada","32","50-54 years","50-54",179
,"Ovary","27040","Nevada","32","55-59 years","55-59",227
,"Ovary","27040","Nevada","32","60-64 years ","60-64",307
,"Ovary","27040","Nevada","32","65-69 years","65-69",357
,"Ovary","27040","Nevada","32","70-74 years","70-74",350
,"Ovary","27040","Nevada","32","75-79 years","75-79",337
,"Ovary","27040","Nevada","32","80-84 years","80-84",247
,"Ovary","27040","Nevada","32","85+ years","85+",220
,"Ovary","27040","New Hampshire","33","40-44 years","40-44",22
,"Ovary","27040","New Hampshire","33","45-49 years","45-49",62
,"Ovary","27040","New Hampshire","33","50-54 years","50-54",100
,"Ovary","27040","New Hampshire","33","55-59 years","55-59",152
,"Ovary","27040","New Hampshire","33","60-64 years ","60-64",155
,"Ovary","27040","New Hampshire","33","65-69 years","65-69",198
,"Ovary","27040","New Hampshire","33","70-74 years","70-74",175
,"Ovary","27040","New Hampshire","33","75-79 years","75-79",209
,"Ovary","27040","New Hampshire","33","80-84 years","80-84",177
,"Ovary","27040","New Hampshire","33","85+ years","85+",190
,"Ovary","27040","New Jersey","34","25-29 years","25-29",18
,"Ovary","27040","New Jersey","34","30-34 years","30-34",32
,"Ovary","27040","New Jersey","34","35-39 years","35-39",81
,"Ovary","27040","New Jersey","34","40-44 years","40-44",179
,"Ovary","27040","New Jersey","34","45-49 years","45-49",375
,"Ovary","27040","New Jersey","34","50-54 years","50-54",676
,"Ovary","27040","New Jersey","34","55-59 years","55-59",967
,"Ovary","27040","New Jersey","34","60-64 years ","60-64",1158
,"Ovary","27040","New Jersey","34","65-69 years","65-69",1258
,"Ovary","27040","New Jersey","34","70-74 years","70-74",1357
,"Ovary","27040","New Jersey","34","75-79 years","75-79",1408
,"Ovary","27040","New Jersey","34","80-84 years","80-84",1298
,"Ovary","27040","New Jersey","34","85+ years","85+",1460
,"Ovary","27040","New Mexico","35","40-44 years","40-44",30
,"Ovary","27040","New Mexico","35","45-49 years","45-49",85
,"Ovary","27040","New Mexico","35","50-54 years","50-54",152
,"Ovary","27040","New Mexico","35","55-59 years","55-59",220
,"Ovary","27040","New Mexico","35","60-64 years ","60-64",246
,"Ovary","27040","New Mexico","35","65-69 years","65-69",262
,"Ovary","27040","New Mexico","35","70-74 years","70-74",326
,"Ovary","27040","New Mexico","35","75-79 years","75-79",298
,"Ovary","27040","New Mexico","35","80-84 years","80-84",218
,"Ovary","27040","New Mexico","35","85+ years","85+",222
,"Ovary","27040","New York","36","20-24 years","20-24",26
,"Ovary","27040","New York","36","25-29 years","25-29",33
,"Ovary","27040","New York","36","30-34 years","30-34",78
,"Ovary","27040","New York","36","35-39 years","35-39",152
,"Ovary","27040","New York","36","40-44 years","40-44",353
,"Ovary","27040","New York","36","45-49 years","45-49",849
,"Ovary","27040","New York","36","50-54 years","50-54",1484
,"Ovary","27040","New York","36","55-59 years","55-59",2089
,"Ovary","27040","New York","36","60-64 years ","60-64",2615
,"Ovary","27040","New York","36","65-69 years","65-69",2867
,"Ovary","27040","New York","36","70-74 years","70-74",2886
,"Ovary","27040","New York","36","75-79 years","75-79",2987
,"Ovary","27040","New York","36","80-84 years","80-84",2621
,"Ovary","27040","New York","36","85+ years","85+",2983
,"Ovary","27040","North Carolina","37","25-29 years","25-29",23
,"Ovary","27040","North Carolina","37","30-34 years","30-34",38
,"Ovary","27040","North Carolina","37","35-39 years","35-39",80
,"Ovary","27040","North Carolina","37","40-44 years","40-44",171
,"Ovary","27040","North Carolina","37","45-49 years","45-49",351
,"Ovary","27040","North Carolina","37","50-54 years","50-54",556
,"Ovary","27040","North Carolina","37","55-59 years","55-59",785
,"Ovary","27040","North Carolina","37","60-64 years ","60-64",1047
,"Ovary","27040","North Carolina","37","65-69 years","65-69",1287
,"Ovary","27040","North Carolina","37","70-74 years","70-74",1363
,"Ovary","27040","North Carolina","37","75-79 years","75-79",1333
,"Ovary","27040","North Carolina","37","80-84 years","80-84",1209
,"Ovary","27040","North Carolina","37","85+ years","85+",1244
,"Ovary","27040","North Dakota","38","45-49 years","45-49",24
,"Ovary","27040","North Dakota","38","50-54 years","50-54",35
,"Ovary","27040","North Dakota","38","55-59 years","55-59",52
,"Ovary","27040","North Dakota","38","60-64 years ","60-64",78
,"Ovary","27040","North Dakota","38","65-69 years","65-69",79
,"Ovary","27040","North Dakota","38","70-74 years","70-74",86
,"Ovary","27040","North Dakota","38","75-79 years","75-79",100
,"Ovary","27040","North Dakota","38","80-84 years","80-84",92
,"Ovary","27040","North Dakota","38","85+ years","85+",106
,"Ovary","27040","Ohio","39","25-29 years","25-29",29
,"Ovary","27040","Ohio","39","30-34 years","30-34",51
,"Ovary","27040","Ohio","39","35-39 years","35-39",100
,"Ovary","27040","Ohio","39","40-44 years","40-44",246
,"Ovary","27040","Ohio","39","45-49 years","45-49",500
,"Ovary","27040","Ohio","39","50-54 years","50-54",837
,"Ovary","27040","Ohio","39","55-59 years","55-59",1145
,"Ovary","27040","Ohio","39","60-64 years ","60-64",1550
,"Ovary","27040","Ohio","39","65-69 years","65-69",1746
,"Ovary","27040","Ohio","39","70-74 years","70-74",1753
,"Ovary","27040","Ohio","39","75-79 years","75-79",1847
,"Ovary","27040","Ohio","39","80-84 years","80-84",1699
,"Ovary","27040","Ohio","39","85+ years","85+",1752
,"Ovary","27040","Oklahoma","40","30-34 years","30-34",17
,"Ovary","27040","Oklahoma","40","35-39 years","35-39",37
,"Ovary","27040","Oklahoma","40","40-44 years","40-44",59
,"Ovary","27040","Oklahoma","40","45-49 years","45-49",147
,"Ovary","27040","Oklahoma","40","50-54 years","50-54",234
,"Ovary","27040","Oklahoma","40","55-59 years","55-59",378
,"Ovary","27040","Oklahoma","40","60-64 years ","60-64",445
,"Ovary","27040","Oklahoma","40","65-69 years","65-69",553
,"Ovary","27040","Oklahoma","40","70-74 years","70-74",592
,"Ovary","27040","Oklahoma","40","75-79 years","75-79",558
,"Ovary","27040","Oklahoma","40","80-84 years","80-84",523
,"Ovary","27040","Oklahoma","40","85+ years","85+",529
,"Ovary","27040","Oregon","41","30-34 years","30-34",19
,"Ovary","27040","Oregon","41","35-39 years","35-39",28
,"Ovary","27040","Oregon","41","40-44 years","40-44",76
,"Ovary","27040","Oregon","41","45-49 years","45-49",154
,"Ovary","27040","Oregon","41","50-54 years","50-54",312
,"Ovary","27040","Oregon","41","55-59 years","55-59",444
,"Ovary","27040","Oregon","41","60-64 years ","60-64",550
,"Ovary","27040","Oregon","41","65-69 years","65-69",668
,"Ovary","27040","Oregon","41","70-74 years","70-74",660
,"Ovary","27040","Oregon","41","75-79 years","75-79",684
,"Ovary","27040","Oregon","41","80-84 years","80-84",630
,"Ovary","27040","Oregon","41","85+ years","85+",683
,"Ovary","27040","Pennsylvania","42","25-29 years","25-29",30
,"Ovary","27040","Pennsylvania","42","30-34 years","30-34",63
,"Ovary","27040","Pennsylvania","42","35-39 years","35-39",120
,"Ovary","27040","Pennsylvania","42","40-44 years","40-44",252
,"Ovary","27040","Pennsylvania","42","45-49 years","45-49",589
,"Ovary","27040","Pennsylvania","42","50-54 years","50-54",987
,"Ovary","27040","Pennsylvania","42","55-59 years","55-59",1451
,"Ovary","27040","Pennsylvania","42","60-64 years ","60-64",1796
,"Ovary","27040","Pennsylvania","42","65-69 years","65-69",2075
,"Ovary","27040","Pennsylvania","42","70-74 years","70-74",2255
,"Ovary","27040","Pennsylvania","42","75-79 years","75-79",2386
,"Ovary","27040","Pennsylvania","42","80-84 years","80-84",2283
,"Ovary","27040","Pennsylvania","42","85+ years","85+",2498
,"Ovary","27040","Rhode Island","44","40-44 years","40-44",18
,"Ovary","27040","Rhode Island","44","45-49 years","45-49",35
,"Ovary","27040","Rhode Island","44","50-54 years","50-54",88
,"Ovary","27040","Rhode Island","44","55-59 years","55-59",112
,"Ovary","27040","Rhode Island","44","60-64 years ","60-64",141
,"Ovary","27040","Rhode Island","44","65-69 years","65-69",144
,"Ovary","27040","Rhode Island","44","70-74 years","70-74",151
,"Ovary","27040","Rhode Island","44","75-79 years","75-79",160
,"Ovary","27040","Rhode Island","44","80-84 years","80-84",171
,"Ovary","27040","Rhode Island","44","85+ years","85+",185
,"Ovary","27040","South Carolina","45","30-34 years","30-34",26
,"Ovary","27040","South Carolina","45","35-39 years","35-39",42
,"Ovary","27040","South Carolina","45","40-44 years","40-44",83
,"Ovary","27040","South Carolina","45","45-49 years","45-49",152
,"Ovary","27040","South Carolina","45","50-54 years","50-54",260
,"Ovary","27040","South Carolina","45","55-59 years","55-59",395
,"Ovary","27040","South Carolina","45","60-64 years ","60-64",529
,"Ovary","27040","South Carolina","45","65-69 years","65-69",620
,"Ovary","27040","South Carolina","45","70-74 years","70-74",677
,"Ovary","27040","South Carolina","45","75-79 years","75-79",714
,"Ovary","27040","South Carolina","45","80-84 years","80-84",573
,"Ovary","27040","South Carolina","45","85+ years","85+",550
,"Ovary","27040","South Dakota","46","45-49 years","45-49",24
,"Ovary","27040","South Dakota","46","50-54 years","50-54",60
,"Ovary","27040","South Dakota","46","55-59 years","55-59",71
,"Ovary","27040","South Dakota","46","60-64 years ","60-64",88
,"Ovary","27040","South Dakota","46","65-69 years","65-69",108
,"Ovary","27040","South Dakota","46","70-74 years","70-74",133
,"Ovary","27040","South Dakota","46","75-79 years","75-79",134
,"Ovary","27040","South Dakota","46","80-84 years","80-84",141
,"Ovary","27040","South Dakota","46","85+ years","85+",159
,"Ovary","27040","Tennessee","47","25-29 years","25-29",25
,"Ovary","27040","Tennessee","47","30-34 years","30-34",37
,"Ovary","27040","Tennessee","47","35-39 years","35-39",77
,"Ovary","27040","Tennessee","47","40-44 years","40-44",126
,"Ovary","27040","Tennessee","47","45-49 years","45-49",235
,"Ovary","27040","Tennessee","47","50-54 years","50-54",468
,"Ovary","27040","Tennessee","47","55-59 years","55-59",589
,"Ovary","27040","Tennessee","47","60-64 years ","60-64",786
,"Ovary","27040","Tennessee","47","65-69 years","65-69",964
,"Ovary","27040","Tennessee","47","70-74 years","70-74",1047
,"Ovary","27040","Tennessee","47","75-79 years","75-79",944
,"Ovary","27040","Tennessee","47","80-84 years","80-84",867
,"Ovary","27040","Tennessee","47","85+ years","85+",863
,"Ovary","27040","Texas","48","15-19 years","15-19",16
,"Ovary","27040","Texas","48","20-24 years","20-24",32
,"Ovary","27040","Texas","48","25-29 years","25-29",76
,"Ovary","27040","Texas","48","30-34 years","30-34",106
,"Ovary","27040","Texas","48","35-39 years","35-39",239
,"Ovary","27040","Texas","48","40-44 years","40-44",437
,"Ovary","27040","Texas","48","45-49 years","45-49",898
,"Ovary","27040","Texas","48","50-54 years","50-54",1350
,"Ovary","27040","Texas","48","55-59 years","55-59",1885
,"Ovary","27040","Texas","48","60-64 years ","60-64",2434
,"Ovary","27040","Texas","48","65-69 years","65-69",2569
,"Ovary","27040","Texas","48","70-74 years","70-74",2763
,"Ovary","27040","Texas","48","75-79 years","75-79",2714
,"Ovary","27040","Texas","48","80-84 years","80-84",2275
,"Ovary","27040","Texas","48","85+ years","85+",2390
,"Ovary","27040","Utah","49","35-39 years","35-39",17
,"Ovary","27040","Utah","49","40-44 years","40-44",50
,"Ovary","27040","Utah","49","45-49 years","45-49",73
,"Ovary","27040","Utah","49","50-54 years","50-54",120
,"Ovary","27040","Utah","49","55-59 years","55-59",205
,"Ovary","27040","Utah","49","60-64 years ","60-64",240
,"Ovary","27040","Utah","49","65-69 years","65-69",260
,"Ovary","27040","Utah","49","70-74 years","70-74",258
,"Ovary","27040","Utah","49","75-79 years","75-79",286
,"Ovary","27040","Utah","49","80-84 years","80-84",251
,"Ovary","27040","Utah","49","85+ years","85+",237
,"Ovary","27040","Vermont","50","45-49 years","45-49",30
,"Ovary","27040","Vermont","50","50-54 years","50-54",35
,"Ovary","27040","Vermont","50","55-59 years","55-59",62
,"Ovary","27040","Vermont","50","60-64 years ","60-64",77
,"Ovary","27040","Vermont","50","65-69 years","65-69",102
,"Ovary","27040","Vermont","50","70-74 years","70-74",88
,"Ovary","27040","Vermont","50","75-79 years","75-79",113
,"Ovary","27040","Vermont","50","80-84 years","80-84",68
,"Ovary","27040","Vermont","50","85+ years","85+",96
,"Ovary","27040","Virginia","51","25-29 years","25-29",19
,"Ovary","27040","Virginia","51","30-34 years","30-34",29
,"Ovary","27040","Virginia","51","35-39 years","35-39",62
,"Ovary","27040","Virginia","51","40-44 years","40-44",159
,"Ovary","27040","Virginia","51","45-49 years","45-49",293
,"Ovary","27040","Virginia","51","50-54 years","50-54",546
,"Ovary","27040","Virginia","51","55-59 years","55-59",733
,"Ovary","27040","Virginia","51","60-64 years ","60-64",1000
,"Ovary","27040","Virginia","51","65-69 years","65-69",1117
,"Ovary","27040","Virginia","51","70-74 years","70-74",1136
,"Ovary","27040","Virginia","51","75-79 years","75-79",1145
,"Ovary","27040","Virginia","51","80-84 years","80-84",1000
,"Ovary","27040","Virginia","51","85+ years","85+",1055
,"Ovary","27040","Washington","53","25-29 years","25-29",18
,"Ovary","27040","Washington","53","30-34 years","30-34",22
,"Ovary","27040","Washington","53","35-39 years","35-39",56
,"Ovary","27040","Washington","53","40-44 years","40-44",105
,"Ovary","27040","Washington","53","45-49 years","45-49",272
,"Ovary","27040","Washington","53","50-54 years","50-54",499
,"Ovary","27040","Washington","53","55-59 years","55-59",698
,"Ovary","27040","Washington","53","60-64 years ","60-64",909
,"Ovary","27040","Washington","53","65-69 years","65-69",987
,"Ovary","27040","Washington","53","70-74 years","70-74",1061
,"Ovary","27040","Washington","53","75-79 years","75-79",1063
,"Ovary","27040","Washington","53","80-84 years","80-84",975
,"Ovary","27040","Washington","53","85+ years","85+",1068
,"Ovary","27040","West Virginia","54","35-39 years","35-39",19
,"Ovary","27040","West Virginia","54","40-44 years","40-44",40
,"Ovary","27040","West Virginia","54","45-49 years","45-49",75
,"Ovary","27040","West Virginia","54","50-54 years","50-54",155
,"Ovary","27040","West Virginia","54","55-59 years","55-59",269
,"Ovary","27040","West Virginia","54","60-64 years ","60-64",284
,"Ovary","27040","West Virginia","54","65-69 years","65-69",335
,"Ovary","27040","West Virginia","54","70-74 years","70-74",332
,"Ovary","27040","West Virginia","54","75-79 years","75-79",324
,"Ovary","27040","West Virginia","54","80-84 years","80-84",287
,"Ovary","27040","West Virginia","54","85+ years","85+",294
,"Ovary","27040","Wisconsin","55","30-34 years","30-34",25
,"Ovary","27040","Wisconsin","55","35-39 years","35-39",46
,"Ovary","27040","Wisconsin","55","40-44 years","40-44",105
,"Ovary","27040","Wisconsin","55","45-49 years","45-49",208
,"Ovary","27040","Wisconsin","55","50-54 years","50-54",417
,"Ovary","27040","Wisconsin","55","55-59 years","55-59",533
,"Ovary","27040","Wisconsin","55","60-64 years ","60-64",738
,"Ovary","27040","Wisconsin","55","65-69 years","65-69",790
,"Ovary","27040","Wisconsin","55","70-74 years","70-74",859
,"Ovary","27040","Wisconsin","55","75-79 years","75-79",890
,"Ovary","27040","Wisconsin","55","80-84 years","80-84",872
,"Ovary","27040","Wisconsin","55","85+ years","85+",936
,"Ovary","27040","Wyoming","56","45-49 years","45-49",20
,"Ovary","27040","Wyoming","56","50-54 years","50-54",39
,"Ovary","27040","Wyoming","56","55-59 years","55-59",58
,"Ovary","27040","Wyoming","56","60-64 years ","60-64",71
,"Ovary","27040","Wyoming","56","65-69 years","65-69",69
,"Ovary","27040","Wyoming","56","70-74 years","70-74",88
,"Ovary","27040","Wyoming","56","75-79 years","75-79",73
,"Ovary","27040","Wyoming","56","80-84 years","80-84",61
,"Ovary","27040","Wyoming","56","85+ years","85+",70
,"Pancreas","21100","Alabama","01","30-34 years","30-34",16
,"Pancreas","21100","Alabama","01","35-39 years","35-39",54
,"Pancreas","21100","Alabama","01","40-44 years","40-44",146
,"Pancreas","21100","Alabama","01","45-49 years","45-49",367
,"Pancreas","21100","Alabama","01","50-54 years","50-54",735
,"Pancreas","21100","Alabama","01","55-59 years","55-59",1259
,"Pancreas","21100","Alabama","01","60-64 years ","60-64",1647
,"Pancreas","21100","Alabama","01","65-69 years","65-69",2021
,"Pancreas","21100","Alabama","01","70-74 years","70-74",2224
,"Pancreas","21100","Alabama","01","75-79 years","75-79",2104
,"Pancreas","21100","Alabama","01","80-84 years","80-84",1786
,"Pancreas","21100","Alabama","01","85+ years","85+",1875
,"Pancreas","21100","Alaska","02","45-49 years","45-49",46
,"Pancreas","21100","Alaska","02","50-54 years","50-54",98
,"Pancreas","21100","Alaska","02","55-59 years","55-59",145
,"Pancreas","21100","Alaska","02","60-64 years ","60-64",188
,"Pancreas","21100","Alaska","02","65-69 years","65-69",203
,"Pancreas","21100","Alaska","02","70-74 years","70-74",202
,"Pancreas","21100","Alaska","02","75-79 years","75-79",175
,"Pancreas","21100","Alaska","02","80-84 years","80-84",108
,"Pancreas","21100","Alaska","02","85+ years","85+",111
,"Pancreas","21100","Arizona","04","30-34 years","30-34",23
,"Pancreas","21100","Arizona","04","35-39 years","35-39",50
,"Pancreas","21100","Arizona","04","40-44 years","40-44",134
,"Pancreas","21100","Arizona","04","45-49 years","45-49",317
,"Pancreas","21100","Arizona","04","50-54 years","50-54",638
,"Pancreas","21100","Arizona","04","55-59 years","55-59",1216
,"Pancreas","21100","Arizona","04","60-64 years ","60-64",1843
,"Pancreas","21100","Arizona","04","65-69 years","65-69",2395
,"Pancreas","21100","Arizona","04","70-74 years","70-74",2595
,"Pancreas","21100","Arizona","04","75-79 years","75-79",2701
,"Pancreas","21100","Arizona","04","80-84 years","80-84",2316
,"Pancreas","21100","Arizona","04","85+ years","85+",2388
,"Pancreas","21100","Arkansas","05","30-34 years","30-34",19
,"Pancreas","21100","Arkansas","05","35-39 years","35-39",44
,"Pancreas","21100","Arkansas","05","40-44 years","40-44",104
,"Pancreas","21100","Arkansas","05","45-49 years","45-49",221
,"Pancreas","21100","Arkansas","05","50-54 years","50-54",441
,"Pancreas","21100","Arkansas","05","55-59 years","55-59",679
,"Pancreas","21100","Arkansas","05","60-64 years ","60-64",975
,"Pancreas","21100","Arkansas","05","65-69 years","65-69",1173
,"Pancreas","21100","Arkansas","05","70-74 years","70-74",1264
,"Pancreas","21100","Arkansas","05","75-79 years","75-79",1300
,"Pancreas","21100","Arkansas","05","80-84 years","80-84",1114
,"Pancreas","21100","Arkansas","05","85+ years","85+",1179
,"Pancreas","21100","California","06","20-24 years","20-24",16
,"Pancreas","21100","California","06","25-29 years","25-29",31
,"Pancreas","21100","California","06","30-34 years","30-34",105
,"Pancreas","21100","California","06","35-39 years","35-39",328
,"Pancreas","21100","California","06","40-44 years","40-44",859
,"Pancreas","21100","California","06","45-49 years","45-49",2062
,"Pancreas","21100","California","06","50-54 years","50-54",3846
,"Pancreas","21100","California","06","55-59 years","55-59",6478
,"Pancreas","21100","California","06","60-64 years ","60-64",9565
,"Pancreas","21100","California","06","65-69 years","65-69",11344
,"Pancreas","21100","California","06","70-74 years","70-74",12730
,"Pancreas","21100","California","06","75-79 years","75-79",13146
,"Pancreas","21100","California","06","80-84 years","80-84",12422
,"Pancreas","21100","California","06","85+ years","85+",14761
,"Pancreas","21100","Colorado","08","35-39 years","35-39",47
,"Pancreas","21100","Colorado","08","40-44 years","40-44",113
,"Pancreas","21100","Colorado","08","45-49 years","45-49",240
,"Pancreas","21100","Colorado","08","50-54 years","50-54",544
,"Pancreas","21100","Colorado","08","55-59 years","55-59",867
,"Pancreas","21100","Colorado","08","60-64 years ","60-64",1330
,"Pancreas","21100","Colorado","08","65-69 years","65-69",1546
,"Pancreas","21100","Colorado","08","70-74 years","70-74",1669
,"Pancreas","21100","Colorado","08","75-79 years","75-79",1614
,"Pancreas","21100","Colorado","08","80-84 years","80-84",1386
,"Pancreas","21100","Colorado","08","85+ years","85+",1534
,"Pancreas","21100","Connecticut","09","35-39 years","35-39",30
,"Pancreas","21100","Connecticut","09","40-44 years","40-44",101
,"Pancreas","21100","Connecticut","09","45-49 years","45-49",210
,"Pancreas","21100","Connecticut","09","50-54 years","50-54",452
,"Pancreas","21100","Connecticut","09","55-59 years","55-59",785
,"Pancreas","21100","Connecticut","09","60-64 years ","60-64",1110
,"Pancreas","21100","Connecticut","09","65-69 years","65-69",1348
,"Pancreas","21100","Connecticut","09","70-74 years","70-74",1528
,"Pancreas","21100","Connecticut","09","75-79 years","75-79",1786
,"Pancreas","21100","Connecticut","09","80-84 years","80-84",1705
,"Pancreas","21100","Connecticut","09","85+ years","85+",2043
,"Pancreas","21100","Delaware","10","40-44 years","40-44",21
,"Pancreas","21100","Delaware","10","45-49 years","45-49",65
,"Pancreas","21100","Delaware","10","50-54 years","50-54",126
,"Pancreas","21100","Delaware","10","55-59 years","55-59",226
,"Pancreas","21100","Delaware","10","60-64 years ","60-64",303
,"Pancreas","21100","Delaware","10","65-69 years","65-69",414
,"Pancreas","21100","Delaware","10","70-74 years","70-74",476
,"Pancreas","21100","Delaware","10","75-79 years","75-79",421
,"Pancreas","21100","Delaware","10","80-84 years","80-84",435
,"Pancreas","21100","Delaware","10","85+ years","85+",372
,"Pancreas","21100","District of Columbia","11","40-44 years","40-44",17
,"Pancreas","21100","District of Columbia","11","45-49 years","45-49",35
,"Pancreas","21100","District of Columbia","11","50-54 years","50-54",90
,"Pancreas","21100","District of Columbia","11","55-59 years","55-59",175
,"Pancreas","21100","District of Columbia","11","60-64 years ","60-64",210
,"Pancreas","21100","District of Columbia","11","65-69 years","65-69",242
,"Pancreas","21100","District of Columbia","11","70-74 years","70-74",264
,"Pancreas","21100","District of Columbia","11","75-79 years","75-79",260
,"Pancreas","21100","District of Columbia","11","80-84 years","80-84",227
,"Pancreas","21100","District of Columbia","11","85+ years","85+",293
,"Pancreas","21100","Florida","12","25-29 years","25-29",20
,"Pancreas","21100","Florida","12","30-34 years","30-34",51
,"Pancreas","21100","Florida","12","35-39 years","35-39",201
,"Pancreas","21100","Florida","12","40-44 years","40-44",459
,"Pancreas","21100","Florida","12","45-49 years","45-49",1239
,"Pancreas","21100","Florida","12","50-54 years","50-54",2518
,"Pancreas","21100","Florida","12","55-59 years","55-59",4287
,"Pancreas","21100","Florida","12","60-64 years ","60-64",6189
,"Pancreas","21100","Florida","12","65-69 years","65-69",8218
,"Pancreas","21100","Florida","12","70-74 years","70-74",9822
,"Pancreas","21100","Florida","12","75-79 years","75-79",10119
,"Pancreas","21100","Florida","12","80-84 years","80-84",9303
,"Pancreas","21100","Florida","12","85+ years","85+",10641
,"Pancreas","21100","Georgia","13","30-34 years","30-34",36
,"Pancreas","21100","Georgia","13","35-39 years","35-39",84
,"Pancreas","21100","Georgia","13","40-44 years","40-44",283
,"Pancreas","21100","Georgia","13","45-49 years","45-49",676
,"Pancreas","21100","Georgia","13","50-54 years","50-54",1271
,"Pancreas","21100","Georgia","13","55-59 years","55-59",2022
,"Pancreas","21100","Georgia","13","60-64 years ","60-64",2676
,"Pancreas","21100","Georgia","13","65-69 years","65-69",3311
,"Pancreas","21100","Georgia","13","70-74 years","70-74",3444
,"Pancreas","21100","Georgia","13","75-79 years","75-79",3216
,"Pancreas","21100","Georgia","13","80-84 years","80-84",2609
,"Pancreas","21100","Georgia","13","85+ years","85+",2739
,"Pancreas","21100","Hawaii","15","35-39 years","35-39",22
,"Pancreas","21100","Hawaii","15","40-44 years","40-44",34
,"Pancreas","21100","Hawaii","15","45-49 years","45-49",90
,"Pancreas","21100","Hawaii","15","50-54 years","50-54",182
,"Pancreas","21100","Hawaii","15","55-59 years","55-59",308
,"Pancreas","21100","Hawaii","15","60-64 years ","60-64",404
,"Pancreas","21100","Hawaii","15","65-69 years","65-69",507
,"Pancreas","21100","Hawaii","15","70-74 years","70-74",616
,"Pancreas","21100","Hawaii","15","75-79 years","75-79",585
,"Pancreas","21100","Hawaii","15","80-84 years","80-84",611
,"Pancreas","21100","Hawaii","15","85+ years","85+",742
,"Pancreas","21100","Idaho","16","35-39 years","35-39",16
,"Pancreas","21100","Idaho","16","40-44 years","40-44",35
,"Pancreas","21100","Idaho","16","45-49 years","45-49",95
,"Pancreas","21100","Idaho","16","50-54 years","50-54",156
,"Pancreas","21100","Idaho","16","55-59 years","55-59",308
,"Pancreas","21100","Idaho","16","60-64 years ","60-64",484
,"Pancreas","21100","Idaho","16","65-69 years","65-69",570
,"Pancreas","21100","Idaho","16","70-74 years","70-74",640
,"Pancreas","21100","Idaho","16","75-79 years","75-79",657
,"Pancreas","21100","Idaho","16","80-84 years","80-84",528
,"Pancreas","21100","Idaho","16","85+ years","85+",600
,"Pancreas","21100","Illinois","17","25-29 years","25-29",17
,"Pancreas","21100","Illinois","17","30-34 years","30-34",42
,"Pancreas","21100","Illinois","17","35-39 years","35-39",124
,"Pancreas","21100","Illinois","17","40-44 years","40-44",331
,"Pancreas","21100","Illinois","17","45-49 years","45-49",832
,"Pancreas","21100","Illinois","17","50-54 years","50-54",1711
,"Pancreas","21100","Illinois","17","55-59 years","55-59",2970
,"Pancreas","21100","Illinois","17","60-64 years ","60-64",3895
,"Pancreas","21100","Illinois","17","65-69 years","65-69",4741
,"Pancreas","21100","Illinois","17","70-74 years","70-74",5293
,"Pancreas","21100","Illinois","17","75-79 years","75-79",5478
,"Pancreas","21100","Illinois","17","80-84 years","80-84",4913
,"Pancreas","21100","Illinois","17","85+ years","85+",5733
,"Pancreas","21100","Indiana","18","30-34 years","30-34",18
,"Pancreas","21100","Indiana","18","35-39 years","35-39",82
,"Pancreas","21100","Indiana","18","40-44 years","40-44",183
,"Pancreas","21100","Indiana","18","45-49 years","45-49",483
,"Pancreas","21100","Indiana","18","50-54 years","50-54",964
,"Pancreas","21100","Indiana","18","55-59 years","55-59",1569
,"Pancreas","21100","Indiana","18","60-64 years ","60-64",2169
,"Pancreas","21100","Indiana","18","65-69 years","65-69",2535
,"Pancreas","21100","Indiana","18","70-74 years","70-74",2806
,"Pancreas","21100","Indiana","18","75-79 years","75-79",2715
,"Pancreas","21100","Indiana","18","80-84 years","80-84",2385
,"Pancreas","21100","Indiana","18","85+ years","85+",2627
,"Pancreas","21100","Iowa","19","35-39 years","35-39",33
,"Pancreas","21100","Iowa","19","40-44 years","40-44",85
,"Pancreas","21100","Iowa","19","45-49 years","45-49",212
,"Pancreas","21100","Iowa","19","50-54 years","50-54",396
,"Pancreas","21100","Iowa","19","55-59 years","55-59",640
,"Pancreas","21100","Iowa","19","60-64 years ","60-64",986
,"Pancreas","21100","Iowa","19","65-69 years","65-69",1184
,"Pancreas","21100","Iowa","19","70-74 years","70-74",1311
,"Pancreas","21100","Iowa","19","75-79 years","75-79",1431
,"Pancreas","21100","Iowa","19","80-84 years","80-84",1349
,"Pancreas","21100","Iowa","19","85+ years","85+",1589
,"Pancreas","21100","Kansas","20","35-39 years","35-39",32
,"Pancreas","21100","Kansas","20","40-44 years","40-44",90
,"Pancreas","21100","Kansas","20","45-49 years","45-49",165
,"Pancreas","21100","Kansas","20","50-54 years","50-54",374
,"Pancreas","21100","Kansas","20","55-59 years","55-59",604
,"Pancreas","21100","Kansas","20","60-64 years ","60-64",849
,"Pancreas","21100","Kansas","20","65-69 years","65-69",1045
,"Pancreas","21100","Kansas","20","70-74 years","70-74",1164
,"Pancreas","21100","Kansas","20","75-79 years","75-79",1221
,"Pancreas","21100","Kansas","20","80-84 years","80-84",1130
,"Pancreas","21100","Kansas","20","85+ years","85+",1339
,"Pancreas","21100","Kentucky","21","30-34 years","30-34",16
,"Pancreas","21100","Kentucky","21","35-39 years","35-39",58
,"Pancreas","21100","Kentucky","21","40-44 years","40-44",139
,"Pancreas","21100","Kentucky","21","45-49 years","45-49",325
,"Pancreas","21100","Kentucky","21","50-54 years","50-54",692
,"Pancreas","21100","Kentucky","21","55-59 years","55-59",1100
,"Pancreas","21100","Kentucky","21","60-64 years ","60-64",1515
,"Pancreas","21100","Kentucky","21","65-69 years","65-69",1788
,"Pancreas","21100","Kentucky","21","70-74 years","70-74",1876
,"Pancreas","21100","Kentucky","21","75-79 years","75-79",1797
,"Pancreas","21100","Kentucky","21","80-84 years","80-84",1464
,"Pancreas","21100","Kentucky","21","85+ years","85+",1517
,"Pancreas","21100","Louisiana","22","30-34 years","30-34",16
,"Pancreas","21100","Louisiana","22","35-39 years","35-39",65
,"Pancreas","21100","Louisiana","22","40-44 years","40-44",164
,"Pancreas","21100","Louisiana","22","45-49 years","45-49",347
,"Pancreas","21100","Louisiana","22","50-54 years","50-54",752
,"Pancreas","21100","Louisiana","22","55-59 years","55-59",1227
,"Pancreas","21100","Louisiana","22","60-64 years ","60-64",1609
,"Pancreas","21100","Louisiana","22","65-69 years","65-69",1871
,"Pancreas","21100","Louisiana","22","70-74 years","70-74",2080
,"Pancreas","21100","Louisiana","22","75-79 years","75-79",2000
,"Pancreas","21100","Louisiana","22","80-84 years","80-84",1834
,"Pancreas","21100","Louisiana","22","85+ years","85+",1780
,"Pancreas","21100","Maine","23","40-44 years","40-44",37
,"Pancreas","21100","Maine","23","45-49 years","45-49",96
,"Pancreas","21100","Maine","23","50-54 years","50-54",229
,"Pancreas","21100","Maine","23","55-59 years","55-59",358
,"Pancreas","21100","Maine","23","60-64 years ","60-64",490
,"Pancreas","21100","Maine","23","65-69 years","65-69",649
,"Pancreas","21100","Maine","23","70-74 years","70-74",691
,"Pancreas","21100","Maine","23","75-79 years","75-79",707
,"Pancreas","21100","Maine","23","80-84 years","80-84",616
,"Pancreas","21100","Maine","23","85+ years","85+",727
,"Pancreas","21100","Maryland","24","35-39 years","35-39",54
,"Pancreas","21100","Maryland","24","40-44 years","40-44",169
,"Pancreas","21100","Maryland","24","45-49 years","45-49",419
,"Pancreas","21100","Maryland","24","50-54 years","50-54",795
,"Pancreas","21100","Maryland","24","55-59 years","55-59",1425
,"Pancreas","21100","Maryland","24","60-64 years ","60-64",1787
,"Pancreas","21100","Maryland","24","65-69 years","65-69",2171
,"Pancreas","21100","Maryland","24","70-74 years","70-74",2398
,"Pancreas","21100","Maryland","24","75-79 years","75-79",2382
,"Pancreas","21100","Maryland","24","80-84 years","80-84",2153
,"Pancreas","21100","Maryland","24","85+ years","85+",2340
,"Pancreas","21100","Massachusetts","25","30-34 years","30-34",16
,"Pancreas","21100","Massachusetts","25","35-39 years","35-39",76
,"Pancreas","21100","Massachusetts","25","40-44 years","40-44",171
,"Pancreas","21100","Massachusetts","25","45-49 years","45-49",402
,"Pancreas","21100","Massachusetts","25","50-54 years","50-54",916
,"Pancreas","21100","Massachusetts","25","55-59 years","55-59",1461
,"Pancreas","21100","Massachusetts","25","60-64 years ","60-64",1993
,"Pancreas","21100","Massachusetts","25","65-69 years","65-69",2524
,"Pancreas","21100","Massachusetts","25","70-74 years","70-74",2886
,"Pancreas","21100","Massachusetts","25","75-79 years","75-79",3207
,"Pancreas","21100","Massachusetts","25","80-84 years","80-84",3055
,"Pancreas","21100","Massachusetts","25","85+ years","85+",3744
,"Pancreas","21100","Michigan","26","30-34 years","30-34",35
,"Pancreas","21100","Michigan","26","35-39 years","35-39",115
,"Pancreas","21100","Michigan","26","40-44 years","40-44",311
,"Pancreas","21100","Michigan","26","45-49 years","45-49",746
,"Pancreas","21100","Michigan","26","50-54 years","50-54",1500
,"Pancreas","21100","Michigan","26","55-59 years","55-59",2690
,"Pancreas","21100","Michigan","26","60-64 years ","60-64",3508
,"Pancreas","21100","Michigan","26","65-69 years","65-69",4260
,"Pancreas","21100","Michigan","26","70-74 years","70-74",4659
,"Pancreas","21100","Michigan","26","75-79 years","75-79",4526
,"Pancreas","21100","Michigan","26","80-84 years","80-84",4206
,"Pancreas","21100","Michigan","26","85+ years","85+",4516
,"Pancreas","21100","Minnesota","27","30-34 years","30-34",16
,"Pancreas","21100","Minnesota","27","35-39 years","35-39",52
,"Pancreas","21100","Minnesota","27","40-44 years","40-44",146
,"Pancreas","21100","Minnesota","27","45-49 years","45-49",305
,"Pancreas","21100","Minnesota","27","50-54 years","50-54",623
,"Pancreas","21100","Minnesota","27","55-59 years","55-59",1090
,"Pancreas","21100","Minnesota","27","60-64 years ","60-64",1577
,"Pancreas","21100","Minnesota","27","65-69 years","65-69",1764
,"Pancreas","21100","Minnesota","27","70-74 years","70-74",2142
,"Pancreas","21100","Minnesota","27","75-79 years","75-79",2125
,"Pancreas","21100","Minnesota","27","80-84 years","80-84",2033
,"Pancreas","21100","Minnesota","27","85+ years","85+",2584
,"Pancreas","21100","Mississippi","28","35-39 years","35-39",49
,"Pancreas","21100","Mississippi","28","40-44 years","40-44",112
,"Pancreas","21100","Mississippi","28","45-49 years","45-49",246
,"Pancreas","21100","Mississippi","28","50-54 years","50-54",471
,"Pancreas","21100","Mississippi","28","55-59 years","55-59",760
,"Pancreas","21100","Mississippi","28","60-64 years ","60-64",1085
,"Pancreas","21100","Mississippi","28","65-69 years","65-69",1276
,"Pancreas","21100","Mississippi","28","70-74 years","70-74",1324
,"Pancreas","21100","Mississippi","28","75-79 years","75-79",1286
,"Pancreas","21100","Mississippi","28","80-84 years","80-84",1117
,"Pancreas","21100","Mississippi","28","85+ years","85+",1170
,"Pancreas","21100","Missouri","29","30-34 years","30-34",23
,"Pancreas","21100","Missouri","29","35-39 years","35-39",79
,"Pancreas","21100","Missouri","29","40-44 years","40-44",161
,"Pancreas","21100","Missouri","29","45-49 years","45-49",432
,"Pancreas","21100","Missouri","29","50-54 years","50-54",909
,"Pancreas","21100","Missouri","29","55-59 years","55-59",1440
,"Pancreas","21100","Missouri","29","60-64 years ","60-64",2011
,"Pancreas","21100","Missouri","29","65-69 years","65-69",2391
,"Pancreas","21100","Missouri","29","70-74 years","70-74",2725
,"Pancreas","21100","Missouri","29","75-79 years","75-79",2704
,"Pancreas","21100","Missouri","29","80-84 years","80-84",2375
,"Pancreas","21100","Missouri","29","85+ years","85+",2649
,"Pancreas","21100","Montana","30","40-44 years","40-44",20
,"Pancreas","21100","Montana","30","45-49 years","45-49",58
,"Pancreas","21100","Montana","30","50-54 years","50-54",135
,"Pancreas","21100","Montana","30","55-59 years","55-59",214
,"Pancreas","21100","Montana","30","60-64 years ","60-64",343
,"Pancreas","21100","Montana","30","65-69 years","65-69",364
,"Pancreas","21100","Montana","30","70-74 years","70-74",443
,"Pancreas","21100","Montana","30","75-79 years","75-79",453
,"Pancreas","21100","Montana","30","80-84 years","80-84",365
,"Pancreas","21100","Montana","30","85+ years","85+",448
,"Pancreas","21100","Nebraska","31","40-44 years","40-44",49
,"Pancreas","21100","Nebraska","31","45-49 years","45-49",119
,"Pancreas","21100","Nebraska","31","50-54 years","50-54",222
,"Pancreas","21100","Nebraska","31","55-59 years","55-59",363
,"Pancreas","21100","Nebraska","31","60-64 years ","60-64",499
,"Pancreas","21100","Nebraska","31","65-69 years","65-69",659
,"Pancreas","21100","Nebraska","31","70-74 years","70-74",740
,"Pancreas","21100","Nebraska","31","75-79 years","75-79",817
,"Pancreas","21100","Nebraska","31","80-84 years","80-84",763
,"Pancreas","21100","Nebraska","31","85+ years","85+",869
,"Pancreas","21100","Nevada","32","35-39 years","35-39",25
,"Pancreas","21100","Nevada","32","40-44 years","40-44",73
,"Pancreas","21100","Nevada","32","45-49 years","45-49",170
,"Pancreas","21100","Nevada","32","50-54 years","50-54",333
,"Pancreas","21100","Nevada","32","55-59 years","55-59",538
,"Pancreas","21100","Nevada","32","60-64 years ","60-64",857
,"Pancreas","21100","Nevada","32","65-69 years","65-69",1069
,"Pancreas","21100","Nevada","32","70-74 years","70-74",1115
,"Pancreas","21100","Nevada","32","75-79 years","75-79",1008
,"Pancreas","21100","Nevada","32","80-84 years","80-84",805
,"Pancreas","21100","Nevada","32","85+ years","85+",705
,"Pancreas","21100","New Hampshire","33","35-39 years","35-39",16
,"Pancreas","21100","New Hampshire","33","40-44 years","40-44",36
,"Pancreas","21100","New Hampshire","33","45-49 years","45-49",106
,"Pancreas","21100","New Hampshire","33","50-54 years","50-54",184
,"Pancreas","21100","New Hampshire","33","55-59 years","55-59",328
,"Pancreas","21100","New Hampshire","33","60-64 years ","60-64",451
,"Pancreas","21100","New Hampshire","33","65-69 years","65-69",546
,"Pancreas","21100","New Hampshire","33","70-74 years","70-74",600
,"Pancreas","21100","New Hampshire","33","75-79 years","75-79",582
,"Pancreas","21100","New Hampshire","33","80-84 years","80-84",544
,"Pancreas","21100","New Hampshire","33","85+ years","85+",614
,"Pancreas","21100","New Jersey","34","30-34 years","30-34",25
,"Pancreas","21100","New Jersey","34","35-39 years","35-39",64
,"Pancreas","21100","New Jersey","34","40-44 years","40-44",232
,"Pancreas","21100","New Jersey","34","45-49 years","45-49",537
,"Pancreas","21100","New Jersey","34","50-54 years","50-54",1131
,"Pancreas","21100","New Jersey","34","55-59 years","55-59",1999
,"Pancreas","21100","New Jersey","34","60-64 years ","60-64",2775
,"Pancreas","21100","New Jersey","34","65-69 years","65-69",3301
,"Pancreas","21100","New Jersey","34","70-74 years","70-74",3812
,"Pancreas","21100","New Jersey","34","75-79 years","75-79",4220
,"Pancreas","21100","New Jersey","34","80-84 years","80-84",3863
,"Pancreas","21100","New Jersey","34","85+ years","85+",4636
,"Pancreas","21100","New Mexico","35","35-39 years","35-39",23
,"Pancreas","21100","New Mexico","35","40-44 years","40-44",36
,"Pancreas","21100","New Mexico","35","45-49 years","45-49",102
,"Pancreas","21100","New Mexico","35","50-54 years","50-54",227
,"Pancreas","21100","New Mexico","35","55-59 years","55-59",399
,"Pancreas","21100","New Mexico","35","60-64 years ","60-64",604
,"Pancreas","21100","New Mexico","35","65-69 years","65-69",770
,"Pancreas","21100","New Mexico","35","70-74 years","70-74",823
,"Pancreas","21100","New Mexico","35","75-79 years","75-79",784
,"Pancreas","21100","New Mexico","35","80-84 years","80-84",666
,"Pancreas","21100","New Mexico","35","85+ years","85+",668
,"Pancreas","21100","New York","36","30-34 years","30-34",61
,"Pancreas","21100","New York","36","35-39 years","35-39",186
,"Pancreas","21100","New York","36","40-44 years","40-44",521
,"Pancreas","21100","New York","36","45-49 years","45-49",1213
,"Pancreas","21100","New York","36","50-54 years","50-54",2559
,"Pancreas","21100","New York","36","55-59 years","55-59",4230
,"Pancreas","21100","New York","36","60-64 years ","60-64",5986
,"Pancreas","21100","New York","36","65-69 years","65-69",7281
,"Pancreas","21100","New York","36","70-74 years","70-74",8223
,"Pancreas","21100","New York","36","75-79 years","75-79",8660
,"Pancreas","21100","New York","36","80-84 years","80-84",8205
,"Pancreas","21100","New York","36","85+ years","85+",9856
,"Pancreas","21100","North Carolina","37","30-34 years","30-34",35
,"Pancreas","21100","North Carolina","37","35-39 years","35-39",89
,"Pancreas","21100","North Carolina","37","40-44 years","40-44",285
,"Pancreas","21100","North Carolina","37","45-49 years","45-49",615
,"Pancreas","21100","North Carolina","37","50-54 years","50-54",1279
,"Pancreas","21100","North Carolina","37","55-59 years","55-59",2136
,"Pancreas","21100","North Carolina","37","60-64 years ","60-64",3104
,"Pancreas","21100","North Carolina","37","65-69 years","65-69",3664
,"Pancreas","21100","North Carolina","37","70-74 years","70-74",4027
,"Pancreas","21100","North Carolina","37","75-79 years","75-79",3951
,"Pancreas","21100","North Carolina","37","80-84 years","80-84",3336
,"Pancreas","21100","North Carolina","37","85+ years","85+",3423
,"Pancreas","21100","North Dakota","38","45-49 years","45-49",33
,"Pancreas","21100","North Dakota","38","50-54 years","50-54",77
,"Pancreas","21100","North Dakota","38","55-59 years","55-59",119
,"Pancreas","21100","North Dakota","38","60-64 years ","60-64",170
,"Pancreas","21100","North Dakota","38","65-69 years","65-69",260
,"Pancreas","21100","North Dakota","38","70-74 years","70-74",302
,"Pancreas","21100","North Dakota","38","75-79 years","75-79",304
,"Pancreas","21100","North Dakota","38","80-84 years","80-84",287
,"Pancreas","21100","North Dakota","38","85+ years","85+",367
,"Pancreas","21100","Ohio","39","30-34 years","30-34",47
,"Pancreas","21100","Ohio","39","35-39 years","35-39",134
,"Pancreas","21100","Ohio","39","40-44 years","40-44",349
,"Pancreas","21100","Ohio","39","45-49 years","45-49",889
,"Pancreas","21100","Ohio","39","50-54 years","50-54",1800
,"Pancreas","21100","Ohio","39","55-59 years","55-59",2901
,"Pancreas","21100","Ohio","39","60-64 years ","60-64",4001
,"Pancreas","21100","Ohio","39","65-69 years","65-69",4830
,"Pancreas","21100","Ohio","39","70-74 years","70-74",5298
,"Pancreas","21100","Ohio","39","75-79 years","75-79",5464
,"Pancreas","21100","Ohio","39","80-84 years","80-84",4845
,"Pancreas","21100","Ohio","39","85+ years","85+",5257
,"Pancreas","21100","Oklahoma","40","35-39 years","35-39",48
,"Pancreas","21100","Oklahoma","40","40-44 years","40-44",126
,"Pancreas","21100","Oklahoma","40","45-49 years","45-49",249
,"Pancreas","21100","Oklahoma","40","50-54 years","50-54",511
,"Pancreas","21100","Oklahoma","40","55-59 years","55-59",860
,"Pancreas","21100","Oklahoma","40","60-64 years ","60-64",1195
,"Pancreas","21100","Oklahoma","40","65-69 years","65-69",1441
,"Pancreas","21100","Oklahoma","40","70-74 years","70-74",1595
,"Pancreas","21100","Oklahoma","40","75-79 years","75-79",1496
,"Pancreas","21100","Oklahoma","40","80-84 years","80-84",1332
,"Pancreas","21100","Oklahoma","40","85+ years","85+",1361
,"Pancreas","21100","Oregon","41","35-39 years","35-39",37
,"Pancreas","21100","Oregon","41","40-44 years","40-44",99
,"Pancreas","21100","Oregon","41","45-49 years","45-49",241
,"Pancreas","21100","Oregon","41","50-54 years","50-54",478
,"Pancreas","21100","Oregon","41","55-59 years","55-59",886
,"Pancreas","21100","Oregon","41","60-64 years ","60-64",1306
,"Pancreas","21100","Oregon","41","65-69 years","65-69",1580
,"Pancreas","21100","Oregon","41","70-74 years","70-74",1797
,"Pancreas","21100","Oregon","41","75-79 years","75-79",1806
,"Pancreas","21100","Oregon","41","80-84 years","80-84",1558
,"Pancreas","21100","Oregon","41","85+ years","85+",1788
,"Pancreas","21100","Pennsylvania","42","25-29 years","25-29",17
,"Pancreas","21100","Pennsylvania","42","30-34 years","30-34",51
,"Pancreas","21100","Pennsylvania","42","35-39 years","35-39",110
,"Pancreas","21100","Pennsylvania","42","40-44 years","40-44",354
,"Pancreas","21100","Pennsylvania","42","45-49 years","45-49",912
,"Pancreas","21100","Pennsylvania","42","50-54 years","50-54",1859
,"Pancreas","21100","Pennsylvania","42","55-59 years","55-59",3212
,"Pancreas","21100","Pennsylvania","42","60-64 years ","60-64",4520
,"Pancreas","21100","Pennsylvania","42","65-69 years","65-69",5590
,"Pancreas","21100","Pennsylvania","42","70-74 years","70-74",6442
,"Pancreas","21100","Pennsylvania","42","75-79 years","75-79",6745
,"Pancreas","21100","Pennsylvania","42","80-84 years","80-84",6368
,"Pancreas","21100","Pennsylvania","42","85+ years","85+",7322
,"Pancreas","21100","Rhode Island","44","40-44 years","40-44",25
,"Pancreas","21100","Rhode Island","44","45-49 years","45-49",66
,"Pancreas","21100","Rhode Island","44","50-54 years","50-54",124
,"Pancreas","21100","Rhode Island","44","55-59 years","55-59",248
,"Pancreas","21100","Rhode Island","44","60-64 years ","60-64",326
,"Pancreas","21100","Rhode Island","44","65-69 years","65-69",379
,"Pancreas","21100","Rhode Island","44","70-74 years","70-74",473
,"Pancreas","21100","Rhode Island","44","75-79 years","75-79",503
,"Pancreas","21100","Rhode Island","44","80-84 years","80-84",494
,"Pancreas","21100","Rhode Island","44","85+ years","85+",630
,"Pancreas","21100","South Carolina","45","35-39 years","35-39",56
,"Pancreas","21100","South Carolina","45","40-44 years","40-44",140
,"Pancreas","21100","South Carolina","45","45-49 years","45-49",355
,"Pancreas","21100","South Carolina","45","50-54 years","50-54",709
,"Pancreas","21100","South Carolina","45","55-59 years","55-59",1141
,"Pancreas","21100","South Carolina","45","60-64 years ","60-64",1634
,"Pancreas","21100","South Carolina","45","65-69 years","65-69",1990
,"Pancreas","21100","South Carolina","45","70-74 years","70-74",2118
,"Pancreas","21100","South Carolina","45","75-79 years","75-79",2118
,"Pancreas","21100","South Carolina","45","80-84 years","80-84",1682
,"Pancreas","21100","South Carolina","45","85+ years","85+",1723
,"Pancreas","21100","South Dakota","46","40-44 years","40-44",21
,"Pancreas","21100","South Dakota","46","45-49 years","45-49",49
,"Pancreas","21100","South Dakota","46","50-54 years","50-54",105
,"Pancreas","21100","South Dakota","46","55-59 years","55-59",193
,"Pancreas","21100","South Dakota","46","60-64 years ","60-64",228
,"Pancreas","21100","South Dakota","46","65-69 years","65-69",295
,"Pancreas","21100","South Dakota","46","70-74 years","70-74",375
,"Pancreas","21100","South Dakota","46","75-79 years","75-79",351
,"Pancreas","21100","South Dakota","46","80-84 years","80-84",365
,"Pancreas","21100","South Dakota","46","85+ years","85+",438
,"Pancreas","21100","Tennessee","47","30-34 years","30-34",19
,"Pancreas","21100","Tennessee","47","35-39 years","35-39",82
,"Pancreas","21100","Tennessee","47","40-44 years","40-44",200
,"Pancreas","21100","Tennessee","47","45-49 years","45-49",503
,"Pancreas","21100","Tennessee","47","50-54 years","50-54",960
,"Pancreas","21100","Tennessee","47","55-59 years","55-59",1601
,"Pancreas","21100","Tennessee","47","60-64 years ","60-64",2191
,"Pancreas","21100","Tennessee","47","65-69 years","65-69",2565
,"Pancreas","21100","Tennessee","47","70-74 years","70-74",2839
,"Pancreas","21100","Tennessee","47","75-79 years","75-79",2715
,"Pancreas","21100","Tennessee","47","80-84 years","80-84",2224
,"Pancreas","21100","Tennessee","47","85+ years","85+",2229
,"Pancreas","21100","Texas","48","25-29 years","25-29",29
,"Pancreas","21100","Texas","48","30-34 years","30-34",87
,"Pancreas","21100","Texas","48","35-39 years","35-39",226
,"Pancreas","21100","Texas","48","40-44 years","40-44",656
,"Pancreas","21100","Texas","48","45-49 years","45-49",1467
,"Pancreas","21100","Texas","48","50-54 years","50-54",2788
,"Pancreas","21100","Texas","48","55-59 years","55-59",4603
,"Pancreas","21100","Texas","48","60-64 years ","60-64",6369
,"Pancreas","21100","Texas","48","65-69 years","65-69",7488
,"Pancreas","21100","Texas","48","70-74 years","70-74",8109
,"Pancreas","21100","Texas","48","75-79 years","75-79",7801
,"Pancreas","21100","Texas","48","80-84 years","80-84",6824
,"Pancreas","21100","Texas","48","85+ years","85+",7207
,"Pancreas","21100","Utah","49","35-39 years","35-39",20
,"Pancreas","21100","Utah","49","40-44 years","40-44",38
,"Pancreas","21100","Utah","49","45-49 years","45-49",105
,"Pancreas","21100","Utah","49","50-54 years","50-54",217
,"Pancreas","21100","Utah","49","55-59 years","55-59",366
,"Pancreas","21100","Utah","49","60-64 years ","60-64",554
,"Pancreas","21100","Utah","49","65-69 years","65-69",659
,"Pancreas","21100","Utah","49","70-74 years","70-74",698
,"Pancreas","21100","Utah","49","75-79 years","75-79",697
,"Pancreas","21100","Utah","49","80-84 years","80-84",606
,"Pancreas","21100","Utah","49","85+ years","85+",664
,"Pancreas","21100","Vermont","50","45-49 years","45-49",53
,"Pancreas","21100","Vermont","50","50-54 years","50-54",106
,"Pancreas","21100","Vermont","50","55-59 years","55-59",135
,"Pancreas","21100","Vermont","50","60-64 years ","60-64",210
,"Pancreas","21100","Vermont","50","65-69 years","65-69",270
,"Pancreas","21100","Vermont","50","70-74 years","70-74",313
,"Pancreas","21100","Vermont","50","75-79 years","75-79",285
,"Pancreas","21100","Vermont","50","80-84 years","80-84",260
,"Pancreas","21100","Vermont","50","85+ years","85+",293
,"Pancreas","21100","Virginia","51","30-34 years","30-34",24
,"Pancreas","21100","Virginia","51","35-39 years","35-39",74
,"Pancreas","21100","Virginia","51","40-44 years","40-44",216
,"Pancreas","21100","Virginia","51","45-49 years","45-49",539
,"Pancreas","21100","Virginia","51","50-54 years","50-54",1040
,"Pancreas","21100","Virginia","51","55-59 years","55-59",1812
,"Pancreas","21100","Virginia","51","60-64 years ","60-64",2478
,"Pancreas","21100","Virginia","51","65-69 years","65-69",2981
,"Pancreas","21100","Virginia","51","70-74 years","70-74",3168
,"Pancreas","21100","Virginia","51","75-79 years","75-79",3248
,"Pancreas","21100","Virginia","51","80-84 years","80-84",2769
,"Pancreas","21100","Virginia","51","85+ years","85+",2987
,"Pancreas","21100","Washington","53","35-39 years","35-39",63
,"Pancreas","21100","Washington","53","40-44 years","40-44",174
,"Pancreas","21100","Washington","53","45-49 years","45-49",409
,"Pancreas","21100","Washington","53","50-54 years","50-54",829
,"Pancreas","21100","Washington","53","55-59 years","55-59",1352
,"Pancreas","21100","Washington","53","60-64 years ","60-64",2115
,"Pancreas","21100","Washington","53","65-69 years","65-69",2504
,"Pancreas","21100","Washington","53","70-74 years","70-74",2742
,"Pancreas","21100","Washington","53","75-79 years","75-79",2705
,"Pancreas","21100","Washington","53","80-84 years","80-84",2419
,"Pancreas","21100","Washington","53","85+ years","85+",2834
,"Pancreas","21100","West Virginia","54","35-39 years","35-39",26
,"Pancreas","21100","West Virginia","54","40-44 years","40-44",59
,"Pancreas","21100","West Virginia","54","45-49 years","45-49",163
,"Pancreas","21100","West Virginia","54","50-54 years","50-54",305
,"Pancreas","21100","West Virginia","54","55-59 years","55-59",499
,"Pancreas","21100","West Virginia","54","60-64 years ","60-64",657
,"Pancreas","21100","West Virginia","54","65-69 years","65-69",791
,"Pancreas","21100","West Virginia","54","70-74 years","70-74",813
,"Pancreas","21100","West Virginia","54","75-79 years","75-79",862
,"Pancreas","21100","West Virginia","54","80-84 years","80-84",707
,"Pancreas","21100","West Virginia","54","85+ years","85+",706
,"Pancreas","21100","Wisconsin","55","35-39 years","35-39",46
,"Pancreas","21100","Wisconsin","55","40-44 years","40-44",159
,"Pancreas","21100","Wisconsin","55","45-49 years","45-49",342
,"Pancreas","21100","Wisconsin","55","50-54 years","50-54",775
,"Pancreas","21100","Wisconsin","55","55-59 years","55-59",1403
,"Pancreas","21100","Wisconsin","55","60-64 years ","60-64",1874
,"Pancreas","21100","Wisconsin","55","65-69 years","65-69",2326
,"Pancreas","21100","Wisconsin","55","70-74 years","70-74",2555
,"Pancreas","21100","Wisconsin","55","75-79 years","75-79",2685
,"Pancreas","21100","Wisconsin","55","80-84 years","80-84",2357
,"Pancreas","21100","Wisconsin","55","85+ years","85+",2855
,"Pancreas","21100","Wyoming","56","45-49 years","45-49",29
,"Pancreas","21100","Wyoming","56","50-54 years","50-54",75
,"Pancreas","21100","Wyoming","56","55-59 years","55-59",133
,"Pancreas","21100","Wyoming","56","60-64 years ","60-64",164
,"Pancreas","21100","Wyoming","56","65-69 years","65-69",197
,"Pancreas","21100","Wyoming","56","70-74 years","70-74",218
,"Pancreas","21100","Wyoming","56","75-79 years","75-79",218
,"Pancreas","21100","Wyoming","56","80-84 years","80-84",181
,"Pancreas","21100","Wyoming","56","85+ years","85+",202
,"Prostate","28010","Alabama","01","45-49 years","45-49",38
,"Prostate","28010","Alabama","01","50-54 years","50-54",181
,"Prostate","28010","Alabama","01","55-59 years","55-59",399
,"Prostate","28010","Alabama","01","60-64 years ","60-64",754
,"Prostate","28010","Alabama","01","65-69 years","65-69",1180
,"Prostate","28010","Alabama","01","70-74 years","70-74",1718
,"Prostate","28010","Alabama","01","75-79 years","75-79",2169
,"Prostate","28010","Alabama","01","80-84 years","80-84",2414
,"Prostate","28010","Alabama","01","85+ years","85+",3322
,"Prostate","28010","Alaska","02","50-54 years","50-54",19
,"Prostate","28010","Alaska","02","55-59 years","55-59",30
,"Prostate","28010","Alaska","02","60-64 years ","60-64",73
,"Prostate","28010","Alaska","02","65-69 years","65-69",111
,"Prostate","28010","Alaska","02","70-74 years","70-74",132
,"Prostate","28010","Alaska","02","75-79 years","75-79",152
,"Prostate","28010","Alaska","02","80-84 years","80-84",164
,"Prostate","28010","Alaska","02","85+ years","85+",212
,"Prostate","28010","Arizona","04","45-49 years","45-49",35
,"Prostate","28010","Arizona","04","50-54 years","50-54",134
,"Prostate","28010","Arizona","04","55-59 years","55-59",317
,"Prostate","28010","Arizona","04","60-64 years ","60-64",709
,"Prostate","28010","Arizona","04","65-69 years","65-69",1241
,"Prostate","28010","Arizona","04","70-74 years","70-74",1867
,"Prostate","28010","Arizona","04","75-79 years","75-79",2514
,"Prostate","28010","Arizona","04","80-84 years","80-84",2811
,"Prostate","28010","Arizona","04","85+ years","85+",4329
,"Prostate","28010","Arkansas","05","45-49 years","45-49",23
,"Prostate","28010","Arkansas","05","50-54 years","50-54",77
,"Prostate","28010","Arkansas","05","55-59 years","55-59",191
,"Prostate","28010","Arkansas","05","60-64 years ","60-64",407
,"Prostate","28010","Arkansas","05","65-69 years","65-69",634
,"Prostate","28010","Arkansas","05","70-74 years","70-74",941
,"Prostate","28010","Arkansas","05","75-79 years","75-79",1239
,"Prostate","28010","Arkansas","05","80-84 years","80-84",1507
,"Prostate","28010","Arkansas","05","85+ years","85+",2153
,"Prostate","28010","California","06","40-44 years","40-44",53
,"Prostate","28010","California","06","45-49 years","45-49",201
,"Prostate","28010","California","06","50-54 years","50-54",768
,"Prostate","28010","California","06","55-59 years","55-59",1983
,"Prostate","28010","California","06","60-64 years ","60-64",4024
,"Prostate","28010","California","06","65-69 years","65-69",6270
,"Prostate","28010","California","06","70-74 years","70-74",8858
,"Prostate","28010","California","06","75-79 years","75-79",12222
,"Prostate","28010","California","06","80-84 years","80-84",14580
,"Prostate","28010","California","06","85+ years","85+",25072
,"Prostate","28010","Colorado","08","45-49 years","45-49",34
,"Prostate","28010","Colorado","08","50-54 years","50-54",84
,"Prostate","28010","Colorado","08","55-59 years","55-59",252
,"Prostate","28010","Colorado","08","60-64 years ","60-64",579
,"Prostate","28010","Colorado","08","65-69 years","65-69",893
,"Prostate","28010","Colorado","08","70-74 years","70-74",1220
,"Prostate","28010","Colorado","08","75-79 years","75-79",1639
,"Prostate","28010","Colorado","08","80-84 years","80-84",1998
,"Prostate","28010","Colorado","08","85+ years","85+",3103
,"Prostate","28010","Connecticut","09","45-49 years","45-49",18
,"Prostate","28010","Connecticut","09","50-54 years","50-54",75
,"Prostate","28010","Connecticut","09","55-59 years","55-59",200
,"Prostate","28010","Connecticut","09","60-64 years ","60-64",406
,"Prostate","28010","Connecticut","09","65-69 years","65-69",584
,"Prostate","28010","Connecticut","09","70-74 years","70-74",1016
,"Prostate","28010","Connecticut","09","75-79 years","75-79",1343
,"Prostate","28010","Connecticut","09","80-84 years","80-84",1761
,"Prostate","28010","Connecticut","09","85+ years","85+",3043
,"Prostate","28010","Delaware","10","50-54 years","50-54",24
,"Prostate","28010","Delaware","10","55-59 years","55-59",73
,"Prostate","28010","Delaware","10","60-64 years ","60-64",125
,"Prostate","28010","Delaware","10","65-69 years","65-69",212
,"Prostate","28010","Delaware","10","70-74 years","70-74",289
,"Prostate","28010","Delaware","10","75-79 years","75-79",403
,"Prostate","28010","Delaware","10","80-84 years","80-84",403
,"Prostate","28010","Delaware","10","85+ years","85+",604
,"Prostate","28010","District of Columbia","11","50-54 years","50-54",39
,"Prostate","28010","District of Columbia","11","55-59 years","55-59",62
,"Prostate","28010","District of Columbia","11","60-64 years ","60-64",117
,"Prostate","28010","District of Columbia","11","65-69 years","65-69",166
,"Prostate","28010","District of Columbia","11","70-74 years","70-74",278
,"Prostate","28010","District of Columbia","11","75-79 years","75-79",276
,"Prostate","28010","District of Columbia","11","80-84 years","80-84",336
,"Prostate","28010","District of Columbia","11","85+ years","85+",580
,"Prostate","28010","Florida","12","40-44 years","40-44",38
,"Prostate","28010","Florida","12","45-49 years","45-49",141
,"Prostate","28010","Florida","12","50-54 years","50-54",462
,"Prostate","28010","Florida","12","55-59 years","55-59",1231
,"Prostate","28010","Florida","12","60-64 years ","60-64",2528
,"Prostate","28010","Florida","12","65-69 years","65-69",4281
,"Prostate","28010","Florida","12","70-74 years","70-74",6734
,"Prostate","28010","Florida","12","75-79 years","75-79",8882
,"Prostate","28010","Florida","12","80-84 years","80-84",10394
,"Prostate","28010","Florida","12","85+ years","85+",16608
,"Prostate","28010","Georgia","13","40-44 years","40-44",22
,"Prostate","28010","Georgia","13","45-49 years","45-49",78
,"Prostate","28010","Georgia","13","50-54 years","50-54",287
,"Prostate","28010","Georgia","13","55-59 years","55-59",655
,"Prostate","28010","Georgia","13","60-64 years ","60-64",1350
,"Prostate","28010","Georgia","13","65-69 years","65-69",2045
,"Prostate","28010","Georgia","13","70-74 years","70-74",2716
,"Prostate","28010","Georgia","13","75-79 years","75-79",3237
,"Prostate","28010","Georgia","13","80-84 years","80-84",3464
,"Prostate","28010","Georgia","13","85+ years","85+",4695
,"Prostate","28010","Hawaii","15","50-54 years","50-54",22
,"Prostate","28010","Hawaii","15","55-59 years","55-59",60
,"Prostate","28010","Hawaii","15","60-64 years ","60-64",150
,"Prostate","28010","Hawaii","15","65-69 years","65-69",220
,"Prostate","28010","Hawaii","15","70-74 years","70-74",321
,"Prostate","28010","Hawaii","15","75-79 years","75-79",424
,"Prostate","28010","Hawaii","15","80-84 years","80-84",499
,"Prostate","28010","Hawaii","15","85+ years","85+",957
,"Prostate","28010","Idaho","16","50-54 years","50-54",32
,"Prostate","28010","Idaho","16","55-59 years","55-59",84
,"Prostate","28010","Idaho","16","60-64 years ","60-64",181
,"Prostate","28010","Idaho","16","65-69 years","65-69",315
,"Prostate","28010","Idaho","16","70-74 years","70-74",478
,"Prostate","28010","Idaho","16","75-79 years","75-79",677
,"Prostate","28010","Idaho","16","80-84 years","80-84",780
,"Prostate","28010","Idaho","16","85+ years","85+",1289
,"Prostate","28010","Illinois","17","40-44 years","40-44",29
,"Prostate","28010","Illinois","17","45-49 years","45-49",80
,"Prostate","28010","Illinois","17","50-54 years","50-54",312
,"Prostate","28010","Illinois","17","55-59 years","55-59",788
,"Prostate","28010","Illinois","17","60-64 years ","60-64",1654
,"Prostate","28010","Illinois","17","65-69 years","65-69",2469
,"Prostate","28010","Illinois","17","70-74 years","70-74",3500
,"Prostate","28010","Illinois","17","75-79 years","75-79",4854
,"Prostate","28010","Illinois","17","80-84 years","80-84",5642
,"Prostate","28010","Illinois","17","85+ years","85+",9009
,"Prostate","28010","Indiana","18","45-49 years","45-49",41
,"Prostate","28010","Indiana","18","50-54 years","50-54",143
,"Prostate","28010","Indiana","18","55-59 years","55-59",411
,"Prostate","28010","Indiana","18","60-64 years ","60-64",806
,"Prostate","28010","Indiana","18","65-69 years","65-69",1283
,"Prostate","28010","Indiana","18","70-74 years","70-74",1851
,"Prostate","28010","Indiana","18","75-79 years","75-79",2509
,"Prostate","28010","Indiana","18","80-84 years","80-84",2841
,"Prostate","28010","Indiana","18","85+ years","85+",4424
,"Prostate","28010","Iowa","19","50-54 years","50-54",67
,"Prostate","28010","Iowa","19","55-59 years","55-59",180
,"Prostate","28010","Iowa","19","60-64 years ","60-64",336
,"Prostate","28010","Iowa","19","65-69 years","65-69",597
,"Prostate","28010","Iowa","19","70-74 years","70-74",953
,"Prostate","28010","Iowa","19","75-79 years","75-79",1334
,"Prostate","28010","Iowa","19","80-84 years","80-84",1667
,"Prostate","28010","Iowa","19","85+ years","85+",2964
,"Prostate","28010","Kansas","20","45-49 years","45-49",20
,"Prostate","28010","Kansas","20","50-54 years","50-54",52
,"Prostate","28010","Kansas","20","55-59 years","55-59",143
,"Prostate","28010","Kansas","20","60-64 years ","60-64",316
,"Prostate","28010","Kansas","20","65-69 years","65-69",505
,"Prostate","28010","Kansas","20","70-74 years","70-74",729
,"Prostate","28010","Kansas","20","75-79 years","75-79",996
,"Prostate","28010","Kansas","20","80-84 years","80-84",1240
,"Prostate","28010","Kansas","20","85+ years","85+",2201
,"Prostate","28010","Kentucky","21","45-49 years","45-49",30
,"Prostate","28010","Kentucky","21","50-54 years","50-54",117
,"Prostate","28010","Kentucky","21","55-59 years","55-59",248
,"Prostate","28010","Kentucky","21","60-64 years ","60-64",507
,"Prostate","28010","Kentucky","21","65-69 years","65-69",837
,"Prostate","28010","Kentucky","21","70-74 years","70-74",1305
,"Prostate","28010","Kentucky","21","75-79 years","75-79",1635
,"Prostate","28010","Kentucky","21","80-84 years","80-84",1779
,"Prostate","28010","Kentucky","21","85+ years","85+",2683
,"Prostate","28010","Louisiana","22","45-49 years","45-49",44
,"Prostate","28010","Louisiana","22","50-54 years","50-54",166
,"Prostate","28010","Louisiana","22","55-59 years","55-59",335
,"Prostate","28010","Louisiana","22","60-64 years ","60-64",696
,"Prostate","28010","Louisiana","22","65-69 years","65-69",1033
,"Prostate","28010","Louisiana","22","70-74 years","70-74",1408
,"Prostate","28010","Louisiana","22","75-79 years","75-79",1814
,"Prostate","28010","Louisiana","22","80-84 years","80-84",1956
,"Prostate","28010","Louisiana","22","85+ years","85+",2866
,"Prostate","28010","Maine","23","50-54 years","50-54",25
,"Prostate","28010","Maine","23","55-59 years","55-59",93
,"Prostate","28010","Maine","23","60-64 years ","60-64",180
,"Prostate","28010","Maine","23","65-69 years","65-69",290
,"Prostate","28010","Maine","23","70-74 years","70-74",421
,"Prostate","28010","Maine","23","75-79 years","75-79",637
,"Prostate","28010","Maine","23","80-84 years","80-84",728
,"Prostate","28010","Maine","23","85+ years","85+",1228
,"Prostate","28010","Maryland","24","45-49 years","45-49",51
,"Prostate","28010","Maryland","24","50-54 years","50-54",178
,"Prostate","28010","Maryland","24","55-59 years","55-59",368
,"Prostate","28010","Maryland","24","60-64 years ","60-64",755
,"Prostate","28010","Maryland","24","65-69 years","65-69",1165
,"Prostate","28010","Maryland","24","70-74 years","70-74",1683
,"Prostate","28010","Maryland","24","75-79 years","75-79",2145
,"Prostate","28010","Maryland","24","80-84 years","80-84",2457
,"Prostate","28010","Maryland","24","85+ years","85+",3729
,"Prostate","28010","Massachusetts","25","45-49 years","45-49",35
,"Prostate","28010","Massachusetts","25","50-54 years","50-54",138
,"Prostate","28010","Massachusetts","25","55-59 years","55-59",344
,"Prostate","28010","Massachusetts","25","60-64 years ","60-64",665
,"Prostate","28010","Massachusetts","25","65-69 years","65-69",1188
,"Prostate","28010","Massachusetts","25","70-74 years","70-74",1693
,"Prostate","28010","Massachusetts","25","75-79 years","75-79",2434
,"Prostate","28010","Massachusetts","25","80-84 years","80-84",3173
,"Prostate","28010","Massachusetts","25","85+ years","85+",5489
,"Prostate","28010","Michigan","26","40-44 years","40-44",22
,"Prostate","28010","Michigan","26","45-49 years","45-49",79
,"Prostate","28010","Michigan","26","50-54 years","50-54",237
,"Prostate","28010","Michigan","26","55-59 years","55-59",637
,"Prostate","28010","Michigan","26","60-64 years ","60-64",1226
,"Prostate","28010","Michigan","26","65-69 years","65-69",2016
,"Prostate","28010","Michigan","26","70-74 years","70-74",2923
,"Prostate","28010","Michigan","26","75-79 years","75-79",3772
,"Prostate","28010","Michigan","26","80-84 years","80-84",4444
,"Prostate","28010","Michigan","26","85+ years","85+",7171
,"Prostate","28010","Minnesota","27","45-49 years","45-49",26
,"Prostate","28010","Minnesota","27","50-54 years","50-54",122
,"Prostate","28010","Minnesota","27","55-59 years","55-59",260
,"Prostate","28010","Minnesota","27","60-64 years ","60-64",558
,"Prostate","28010","Minnesota","27","65-69 years","65-69",982
,"Prostate","28010","Minnesota","27","70-74 years","70-74",1398
,"Prostate","28010","Minnesota","27","75-79 years","75-79",2015
,"Prostate","28010","Minnesota","27","80-84 years","80-84",2574
,"Prostate","28010","Minnesota","27","85+ years","85+",4620
,"Prostate","28010","Mississippi","28","45-49 years","45-49",35
,"Prostate","28010","Mississippi","28","50-54 years","50-54",109
,"Prostate","28010","Mississippi","28","55-59 years","55-59",299
,"Prostate","28010","Mississippi","28","60-64 years ","60-64",548
,"Prostate","28010","Mississippi","28","65-69 years","65-69",859
,"Prostate","28010","Mississippi","28","70-74 years","70-74",1119
,"Prostate","28010","Mississippi","28","75-79 years","75-79",1339
,"Prostate","28010","Mississippi","28","80-84 years","80-84",1464
,"Prostate","28010","Mississippi","28","85+ years","85+",2250
,"Prostate","28010","Missouri","29","45-49 years","45-49",40
,"Prostate","28010","Missouri","29","50-54 years","50-54",151
,"Prostate","28010","Missouri","29","55-59 years","55-59",349
,"Prostate","28010","Missouri","29","60-64 years ","60-64",707
,"Prostate","28010","Missouri","29","65-69 years","65-69",1133
,"Prostate","28010","Missouri","29","70-74 years","70-74",1654
,"Prostate","28010","Missouri","29","75-79 years","75-79",2220
,"Prostate","28010","Missouri","29","80-84 years","80-84",2638
,"Prostate","28010","Missouri","29","85+ years","85+",4066
,"Prostate","28010","Montana","30","50-54 years","50-54",28
,"Prostate","28010","Montana","30","55-59 years","55-59",71
,"Prostate","28010","Montana","30","60-64 years ","60-64",140
,"Prostate","28010","Montana","30","65-69 years","65-69",220
,"Prostate","28010","Montana","30","70-74 years","70-74",331
,"Prostate","28010","Montana","30","75-79 years","75-79",502
,"Prostate","28010","Montana","30","80-84 years","80-84",589
,"Prostate","28010","Montana","30","85+ years","85+",978
,"Prostate","28010","Nebraska","31","50-54 years","50-54",36
,"Prostate","28010","Nebraska","31","55-59 years","55-59",82
,"Prostate","28010","Nebraska","31","60-64 years ","60-64",200
,"Prostate","28010","Nebraska","31","65-69 years","65-69",320
,"Prostate","28010","Nebraska","31","70-74 years","70-74",517
,"Prostate","28010","Nebraska","31","75-79 years","75-79",700
,"Prostate","28010","Nebraska","31","80-84 years","80-84",891
,"Prostate","28010","Nebraska","31","85+ years","85+",1519
,"Prostate","28010","Nevada","32","50-54 years","50-54",72
,"Prostate","28010","Nevada","32","55-59 years","55-59",148
,"Prostate","28010","Nevada","32","60-64 years ","60-64",327
,"Prostate","28010","Nevada","32","65-69 years","65-69",575
,"Prostate","28010","Nevada","32","70-74 years","70-74",895
,"Prostate","28010","Nevada","32","75-79 years","75-79",1023
,"Prostate","28010","Nevada","32","80-84 years","80-84",1054
,"Prostate","28010","Nevada","32","85+ years","85+",1433
,"Prostate","28010","New Hampshire","33","50-54 years","50-54",20
,"Prostate","28010","New Hampshire","33","55-59 years","55-59",74
,"Prostate","28010","New Hampshire","33","60-64 years ","60-64",154
,"Prostate","28010","New Hampshire","33","65-69 years","65-69",256
,"Prostate","28010","New Hampshire","33","70-74 years","70-74",376
,"Prostate","28010","New Hampshire","33","75-79 years","75-79",507
,"Prostate","28010","New Hampshire","33","80-84 years","80-84",652
,"Prostate","28010","New Hampshire","33","85+ years","85+",1034
,"Prostate","28010","New Jersey","34","45-49 years","45-49",65
,"Prostate","28010","New Jersey","34","50-54 years","50-54",182
,"Prostate","28010","New Jersey","34","55-59 years","55-59",477
,"Prostate","28010","New Jersey","34","60-64 years ","60-64",996
,"Prostate","28010","New Jersey","34","65-69 years","65-69",1609
,"Prostate","28010","New Jersey","34","70-74 years","70-74",2324
,"Prostate","28010","New Jersey","34","75-79 years","75-79",3174
,"Prostate","28010","New Jersey","34","80-84 years","80-84",3674
,"Prostate","28010","New Jersey","34","85+ years","85+",6294
,"Prostate","28010","New Mexico","35","45-49 years","45-49",16
,"Prostate","28010","New Mexico","35","50-54 years","50-54",38
,"Prostate","28010","New Mexico","35","55-59 years","55-59",104
,"Prostate","28010","New Mexico","35","60-64 years ","60-64",233
,"Prostate","28010","New Mexico","35","65-69 years","65-69",404
,"Prostate","28010","New Mexico","35","70-74 years","70-74",618
,"Prostate","28010","New Mexico","35","75-79 years","75-79",838
,"Prostate","28010","New Mexico","35","80-84 years","80-84",935
,"Prostate","28010","New Mexico","35","85+ years","85+",1498
,"Prostate","28010","New York","36","40-44 years","40-44",19
,"Prostate","28010","New York","36","45-49 years","45-49",128
,"Prostate","28010","New York","36","50-54 years","50-54",404
,"Prostate","28010","New York","36","55-59 years","55-59",1123
,"Prostate","28010","New York","36","60-64 years ","60-64",2193
,"Prostate","28010","New York","36","65-69 years","65-69",3581
,"Prostate","28010","New York","36","70-74 years","70-74",5314
,"Prostate","28010","New York","36","75-79 years","75-79",7127
,"Prostate","28010","New York","36","80-84 years","80-84",8143
,"Prostate","28010","New York","36","85+ years","85+",13418
,"Prostate","28010","North Carolina","37","40-44 years","40-44",16
,"Prostate","28010","North Carolina","37","45-49 years","45-49",80
,"Prostate","28010","North Carolina","37","50-54 years","50-54",271
,"Prostate","28010","North Carolina","37","55-59 years","55-59",622
,"Prostate","28010","North Carolina","37","60-64 years ","60-64",1306
,"Prostate","28010","North Carolina","37","65-69 years","65-69",2140
,"Prostate","28010","North Carolina","37","70-74 years","70-74",2968
,"Prostate","28010","North Carolina","37","75-79 years","75-79",3693
,"Prostate","28010","North Carolina","37","80-84 years","80-84",4073
,"Prostate","28010","North Carolina","37","85+ years","85+",5828
,"Prostate","28010","North Dakota","38","55-59 years","55-59",28
,"Prostate","28010","North Dakota","38","60-64 years ","60-64",72
,"Prostate","28010","North Dakota","38","65-69 years","65-69",141
,"Prostate","28010","North Dakota","38","70-74 years","70-74",218
,"Prostate","28010","North Dakota","38","75-79 years","75-79",317
,"Prostate","28010","North Dakota","38","80-84 years","80-84",333
,"Prostate","28010","North Dakota","38","85+ years","85+",698
,"Prostate","28010","Ohio","39","40-44 years","40-44",16
,"Prostate","28010","Ohio","39","45-49 years","45-49",95
,"Prostate","28010","Ohio","39","50-54 years","50-54",294
,"Prostate","28010","Ohio","39","55-59 years","55-59",760
,"Prostate","28010","Ohio","39","60-64 years ","60-64",1489
,"Prostate","28010","Ohio","39","65-69 years","65-69",2541
,"Prostate","28010","Ohio","39","70-74 years","70-74",3663
,"Prostate","28010","Ohio","39","75-79 years","75-79",4839
,"Prostate","28010","Ohio","39","80-84 years","80-84",5591
,"Prostate","28010","Ohio","39","85+ years","85+",8468
,"Prostate","28010","Oklahoma","40","45-49 years","45-49",22
,"Prostate","28010","Oklahoma","40","50-54 years","50-54",98
,"Prostate","28010","Oklahoma","40","55-59 years","55-59",242
,"Prostate","28010","Oklahoma","40","60-64 years ","60-64",486
,"Prostate","28010","Oklahoma","40","65-69 years","65-69",812
,"Prostate","28010","Oklahoma","40","70-74 years","70-74",1183
,"Prostate","28010","Oklahoma","40","75-79 years","75-79",1524
,"Prostate","28010","Oklahoma","40","80-84 years","80-84",1672
,"Prostate","28010","Oklahoma","40","85+ years","85+",2444
,"Prostate","28010","Oregon","41","45-49 years","45-49",22
,"Prostate","28010","Oregon","41","50-54 years","50-54",100
,"Prostate","28010","Oregon","41","55-59 years","55-59",249
,"Prostate","28010","Oregon","41","60-64 years ","60-64",512
,"Prostate","28010","Oregon","41","65-69 years","65-69",837
,"Prostate","28010","Oregon","41","70-74 years","70-74",1262
,"Prostate","28010","Oregon","41","75-79 years","75-79",1672
,"Prostate","28010","Oregon","41","80-84 years","80-84",1957
,"Prostate","28010","Oregon","41","85+ years","85+",3403
,"Prostate","28010","Pennsylvania","42","40-44 years","40-44",18
,"Prostate","28010","Pennsylvania","42","45-49 years","45-49",98
,"Prostate","28010","Pennsylvania","42","50-54 years","50-54",326
,"Prostate","28010","Pennsylvania","42","55-59 years","55-59",829
,"Prostate","28010","Pennsylvania","42","60-64 years ","60-64",1634
,"Prostate","28010","Pennsylvania","42","65-69 years","65-69",2756
,"Prostate","28010","Pennsylvania","42","70-74 years","70-74",4059
,"Prostate","28010","Pennsylvania","42","75-79 years","75-79",5570
,"Prostate","28010","Pennsylvania","42","80-84 years","80-84",7002
,"Prostate","28010","Pennsylvania","42","85+ years","85+",11016
,"Prostate","28010","Rhode Island","44","50-54 years","50-54",26
,"Prostate","28010","Rhode Island","44","55-59 years","55-59",56
,"Prostate","28010","Rhode Island","44","60-64 years ","60-64",114
,"Prostate","28010","Rhode Island","44","65-69 years","65-69",199
,"Prostate","28010","Rhode Island","44","70-74 years","70-74",275
,"Prostate","28010","Rhode Island","44","75-79 years","75-79",425
,"Prostate","28010","Rhode Island","44","80-84 years","80-84",571
,"Prostate","28010","Rhode Island","44","85+ years","85+",887
,"Prostate","28010","South Carolina","45","45-49 years","45-49",36
,"Prostate","28010","South Carolina","45","50-54 years","50-54",133
,"Prostate","28010","South Carolina","45","55-59 years","55-59",336
,"Prostate","28010","South Carolina","45","60-64 years ","60-64",726
,"Prostate","28010","South Carolina","45","65-69 years","65-69",1255
,"Prostate","28010","South Carolina","45","70-74 years","70-74",1610
,"Prostate","28010","South Carolina","45","75-79 years","75-79",2070
,"Prostate","28010","South Carolina","45","80-84 years","80-84",2250
,"Prostate","28010","South Carolina","45","85+ years","85+",3093
,"Prostate","28010","South Dakota","46","50-54 years","50-54",17
,"Prostate","28010","South Dakota","46","55-59 years","55-59",50
,"Prostate","28010","South Dakota","46","60-64 years ","60-64",94
,"Prostate","28010","South Dakota","46","65-69 years","65-69",143
,"Prostate","28010","South Dakota","46","70-74 years","70-74",234
,"Prostate","28010","South Dakota","46","75-79 years","75-79",374
,"Prostate","28010","South Dakota","46","80-84 years","80-84",471
,"Prostate","28010","South Dakota","46","85+ years","85+",775
,"Prostate","28010","Tennessee","47","45-49 years","45-49",40
,"Prostate","28010","Tennessee","47","50-54 years","50-54",167
,"Prostate","28010","Tennessee","47","55-59 years","55-59",452
,"Prostate","28010","Tennessee","47","60-64 years ","60-64",896
,"Prostate","28010","Tennessee","47","65-69 years","65-69",1381
,"Prostate","28010","Tennessee","47","70-74 years","70-74",1987
,"Prostate","28010","Tennessee","47","75-79 years","75-79",2494
,"Prostate","28010","Tennessee","47","80-84 years","80-84",2807
,"Prostate","28010","Tennessee","47","85+ years","85+",3913
,"Prostate","28010","Texas","48","40-44 years","40-44",34
,"Prostate","28010","Texas","48","45-49 years","45-49",152
,"Prostate","28010","Texas","48","50-54 years","50-54",522
,"Prostate","28010","Texas","48","55-59 years","55-59",1292
,"Prostate","28010","Texas","48","60-64 years ","60-64",2583
,"Prostate","28010","Texas","48","65-69 years","65-69",4027
,"Prostate","28010","Texas","48","70-74 years","70-74",5601
,"Prostate","28010","Texas","48","75-79 years","75-79",7025
,"Prostate","28010","Texas","48","80-84 years","80-84",7769
,"Prostate","28010","Texas","48","85+ years","85+",11586
,"Prostate","28010","Utah","49","45-49 years","45-49",17
,"Prostate","28010","Utah","49","50-54 years","50-54",38
,"Prostate","28010","Utah","49","55-59 years","55-59",107
,"Prostate","28010","Utah","49","60-64 years ","60-64",226
,"Prostate","28010","Utah","49","65-69 years","65-69",391
,"Prostate","28010","Utah","49","70-74 years","70-74",558
,"Prostate","28010","Utah","49","75-79 years","75-79",761
,"Prostate","28010","Utah","49","80-84 years","80-84",946
,"Prostate","28010","Utah","49","85+ years","85+",1649
,"Prostate","28010","Vermont","50","55-59 years","55-59",44
,"Prostate","28010","Vermont","50","60-64 years ","60-64",79
,"Prostate","28010","Vermont","50","65-69 years","65-69",134
,"Prostate","28010","Vermont","50","70-74 years","70-74",194
,"Prostate","28010","Vermont","50","75-79 years","75-79",255
,"Prostate","28010","Vermont","50","80-84 years","80-84",337
,"Prostate","28010","Vermont","50","85+ years","85+",545
,"Prostate","28010","Virginia","51","45-49 years","45-49",47
,"Prostate","28010","Virginia","51","50-54 years","50-54",206
,"Prostate","28010","Virginia","51","55-59 years","55-59",515
,"Prostate","28010","Virginia","51","60-64 years ","60-64",974
,"Prostate","28010","Virginia","51","65-69 years","65-69",1502
,"Prostate","28010","Virginia","51","70-74 years","70-74",2343
,"Prostate","28010","Virginia","51","75-79 years","75-79",2913
,"Prostate","28010","Virginia","51","80-84 years","80-84",3445
,"Prostate","28010","Virginia","51","85+ years","85+",5012
,"Prostate","28010","Washington","53","45-49 years","45-49",44
,"Prostate","28010","Washington","53","50-54 years","50-54",146
,"Prostate","28010","Washington","53","55-59 years","55-59",381
,"Prostate","28010","Washington","53","60-64 years ","60-64",775
,"Prostate","28010","Washington","53","65-69 years","65-69",1307
,"Prostate","28010","Washington","53","70-74 years","70-74",1873
,"Prostate","28010","Washington","53","75-79 years","75-79",2407
,"Prostate","28010","Washington","53","80-84 years","80-84",2937
,"Prostate","28010","Washington","53","85+ years","85+",5004
,"Prostate","28010","West Virginia","54","50-54 years","50-54",43
,"Prostate","28010","West Virginia","54","55-59 years","55-59",115
,"Prostate","28010","West Virginia","54","60-64 years ","60-64",253
,"Prostate","28010","West Virginia","54","65-69 years","65-69",456
,"Prostate","28010","West Virginia","54","70-74 years","70-74",630
,"Prostate","28010","West Virginia","54","75-79 years","75-79",825
,"Prostate","28010","West Virginia","54","80-84 years","80-84",906
,"Prostate","28010","West Virginia","54","85+ years","85+",1277
,"Prostate","28010","Wisconsin","55","45-49 years","45-49",34
,"Prostate","28010","Wisconsin","55","50-54 years","50-54",137
,"Prostate","28010","Wisconsin","55","55-59 years","55-59",359
,"Prostate","28010","Wisconsin","55","60-64 years ","60-64",660
,"Prostate","28010","Wisconsin","55","65-69 years","65-69",1128
,"Prostate","28010","Wisconsin","55","70-74 years","70-74",1664
,"Prostate","28010","Wisconsin","55","75-79 years","75-79",2384
,"Prostate","28010","Wisconsin","55","80-84 years","80-84",2985
,"Prostate","28010","Wisconsin","55","85+ years","85+",5182
,"Prostate","28010","Wyoming","56","55-59 years","55-59",34
,"Prostate","28010","Wyoming","56","60-64 years ","60-64",65
,"Prostate","28010","Wyoming","56","65-69 years","65-69",113
,"Prostate","28010","Wyoming","56","70-74 years","70-74",148
,"Prostate","28010","Wyoming","56","75-79 years","75-79",190
,"Prostate","28010","Wyoming","56","80-84 years","80-84",269
,"Prostate","28010","Wyoming","56","85+ years","85+",353
,"Stomach","21020","Alabama","01","30-34 years","30-34",28
,"Stomach","21020","Alabama","01","35-39 years","35-39",54
,"Stomach","21020","Alabama","01","40-44 years","40-44",102
,"Stomach","21020","Alabama","01","45-49 years","45-49",131
,"Stomach","21020","Alabama","01","50-54 years","50-54",254
,"Stomach","21020","Alabama","01","55-59 years","55-59",377
,"Stomach","21020","Alabama","01","60-64 years ","60-64",444
,"Stomach","21020","Alabama","01","65-69 years","65-69",524
,"Stomach","21020","Alabama","01","70-74 years","70-74",589
,"Stomach","21020","Alabama","01","75-79 years","75-79",597
,"Stomach","21020","Alabama","01","80-84 years","80-84",553
,"Stomach","21020","Alabama","01","85+ years","85+",647
,"Stomach","21020","Alaska","02","35-39 years","35-39",16
,"Stomach","21020","Alaska","02","45-49 years","45-49",43
,"Stomach","21020","Alaska","02","50-54 years","50-54",54
,"Stomach","21020","Alaska","02","55-59 years","55-59",63
,"Stomach","21020","Alaska","02","60-64 years ","60-64",48
,"Stomach","21020","Alaska","02","65-69 years","65-69",82
,"Stomach","21020","Alaska","02","70-74 years","70-74",67
,"Stomach","21020","Alaska","02","75-79 years","75-79",60
,"Stomach","21020","Alaska","02","80-84 years","80-84",36
,"Stomach","21020","Alaska","02","85+ years","85+",45
,"Stomach","21020","Arizona","04","30-34 years","30-34",40
,"Stomach","21020","Arizona","04","35-39 years","35-39",83
,"Stomach","21020","Arizona","04","40-44 years","40-44",139
,"Stomach","21020","Arizona","04","45-49 years","45-49",177
,"Stomach","21020","Arizona","04","50-54 years","50-54",258
,"Stomach","21020","Arizona","04","55-59 years","55-59",337
,"Stomach","21020","Arizona","04","60-64 years ","60-64",429
,"Stomach","21020","Arizona","04","65-69 years","65-69",577
,"Stomach","21020","Arizona","04","70-74 years","70-74",624
,"Stomach","21020","Arizona","04","75-79 years","75-79",716
,"Stomach","21020","Arizona","04","80-84 years","80-84",569
,"Stomach","21020","Arizona","04","85+ years","85+",715
,"Stomach","21020","Arkansas","05","35-39 years","35-39",32
,"Stomach","21020","Arkansas","05","40-44 years","40-44",52
,"Stomach","21020","Arkansas","05","45-49 years","45-49",92
,"Stomach","21020","Arkansas","05","50-54 years","50-54",126
,"Stomach","21020","Arkansas","05","55-59 years","55-59",210
,"Stomach","21020","Arkansas","05","60-64 years ","60-64",272
,"Stomach","21020","Arkansas","05","65-69 years","65-69",289
,"Stomach","21020","Arkansas","05","70-74 years","70-74",338
,"Stomach","21020","Arkansas","05","75-79 years","75-79",321
,"Stomach","21020","Arkansas","05","80-84 years","80-84",326
,"Stomach","21020","Arkansas","05","85+ years","85+",349
,"Stomach","21020","California","06","20-24 years","20-24",75
,"Stomach","21020","California","06","25-29 years","25-29",177
,"Stomach","21020","California","06","30-34 years","30-34",359
,"Stomach","21020","California","06","35-39 years","35-39",712
,"Stomach","21020","California","06","40-44 years","40-44",1122
,"Stomach","21020","California","06","45-49 years","45-49",1645
,"Stomach","21020","California","06","50-54 years","50-54",2260
,"Stomach","21020","California","06","55-59 years","55-59",2863
,"Stomach","21020","California","06","60-64 years ","60-64",3471
,"Stomach","21020","California","06","65-69 years","65-69",3865
,"Stomach","21020","California","06","70-74 years","70-74",4385
,"Stomach","21020","California","06","75-79 years","75-79",4775
,"Stomach","21020","California","06","80-84 years","80-84",4623
,"Stomach","21020","California","06","85+ years","85+",6027
,"Stomach","21020","Colorado","08","30-34 years","30-34",36
,"Stomach","21020","Colorado","08","35-39 years","35-39",57
,"Stomach","21020","Colorado","08","40-44 years","40-44",82
,"Stomach","21020","Colorado","08","45-49 years","45-49",134
,"Stomach","21020","Colorado","08","50-54 years","50-54",186
,"Stomach","21020","Colorado","08","55-59 years","55-59",240
,"Stomach","21020","Colorado","08","60-64 years ","60-64",296
,"Stomach","21020","Colorado","08","65-69 years","65-69",347
,"Stomach","21020","Colorado","08","70-74 years","70-74",393
,"Stomach","21020","Colorado","08","75-79 years","75-79",418
,"Stomach","21020","Colorado","08","80-84 years","80-84",375
,"Stomach","21020","Colorado","08","85+ years","85+",465
,"Stomach","21020","Connecticut","09","30-34 years","30-34",21
,"Stomach","21020","Connecticut","09","35-39 years","35-39",35
,"Stomach","21020","Connecticut","09","40-44 years","40-44",54
,"Stomach","21020","Connecticut","09","45-49 years","45-49",119
,"Stomach","21020","Connecticut","09","50-54 years","50-54",215
,"Stomach","21020","Connecticut","09","55-59 years","55-59",241
,"Stomach","21020","Connecticut","09","60-64 years ","60-64",318
,"Stomach","21020","Connecticut","09","65-69 years","65-69",365
,"Stomach","21020","Connecticut","09","70-74 years","70-74",451
,"Stomach","21020","Connecticut","09","75-79 years","75-79",502
,"Stomach","21020","Connecticut","09","80-84 years","80-84",517
,"Stomach","21020","Connecticut","09","85+ years","85+",790
,"Stomach","21020","Delaware","10","40-44 years","40-44",20
,"Stomach","21020","Delaware","10","45-49 years","45-49",35
,"Stomach","21020","Delaware","10","50-54 years","50-54",49
,"Stomach","21020","Delaware","10","55-59 years","55-59",67
,"Stomach","21020","Delaware","10","60-64 years ","60-64",69
,"Stomach","21020","Delaware","10","65-69 years","65-69",104
,"Stomach","21020","Delaware","10","70-74 years","70-74",124
,"Stomach","21020","Delaware","10","75-79 years","75-79",125
,"Stomach","21020","Delaware","10","80-84 years","80-84",111
,"Stomach","21020","Delaware","10","85+ years","85+",138
,"Stomach","21020","District of Columbia","11","40-44 years","40-44",18
,"Stomach","21020","District of Columbia","11","45-49 years","45-49",23
,"Stomach","21020","District of Columbia","11","50-54 years","50-54",40
,"Stomach","21020","District of Columbia","11","55-59 years","55-59",58
,"Stomach","21020","District of Columbia","11","60-64 years ","60-64",64
,"Stomach","21020","District of Columbia","11","65-69 years","65-69",75
,"Stomach","21020","District of Columbia","11","70-74 years","70-74",84
,"Stomach","21020","District of Columbia","11","75-79 years","75-79",94
,"Stomach","21020","District of Columbia","11","80-84 years","80-84",98
,"Stomach","21020","District of Columbia","11","85+ years","85+",123
,"Stomach","21020","Florida","12","20-24 years","20-24",17
,"Stomach","21020","Florida","12","25-29 years","25-29",64
,"Stomach","21020","Florida","12","30-34 years","30-34",113
,"Stomach","21020","Florida","12","35-39 years","35-39",228
,"Stomach","21020","Florida","12","40-44 years","40-44",346
,"Stomach","21020","Florida","12","45-49 years","45-49",636
,"Stomach","21020","Florida","12","50-54 years","50-54",967
,"Stomach","21020","Florida","12","55-59 years","55-59",1281
,"Stomach","21020","Florida","12","60-64 years ","60-64",1576
,"Stomach","21020","Florida","12","65-69 years","65-69",1979
,"Stomach","21020","Florida","12","70-74 years","70-74",2359
,"Stomach","21020","Florida","12","75-79 years","75-79",2617
,"Stomach","21020","Florida","12","80-84 years","80-84",2505
,"Stomach","21020","Florida","12","85+ years","85+",3386
,"Stomach","21020","Georgia","13","25-29 years","25-29",35
,"Stomach","21020","Georgia","13","30-34 years","30-34",66
,"Stomach","21020","Georgia","13","35-39 years","35-39",99
,"Stomach","21020","Georgia","13","40-44 years","40-44",200
,"Stomach","21020","Georgia","13","45-49 years","45-49",313
,"Stomach","21020","Georgia","13","50-54 years","50-54",519
,"Stomach","21020","Georgia","13","55-59 years","55-59",663
,"Stomach","21020","Georgia","13","60-64 years ","60-64",805
,"Stomach","21020","Georgia","13","65-69 years","65-69",891
,"Stomach","21020","Georgia","13","70-74 years","70-74",944
,"Stomach","21020","Georgia","13","75-79 years","75-79",919
,"Stomach","21020","Georgia","13","80-84 years","80-84",780
,"Stomach","21020","Georgia","13","85+ years","85+",913
,"Stomach","21020","Hawaii","15","35-39 years","35-39",16
,"Stomach","21020","Hawaii","15","40-44 years","40-44",35
,"Stomach","21020","Hawaii","15","45-49 years","45-49",49
,"Stomach","21020","Hawaii","15","50-54 years","50-54",82
,"Stomach","21020","Hawaii","15","55-59 years","55-59",101
,"Stomach","21020","Hawaii","15","60-64 years ","60-64",154
,"Stomach","21020","Hawaii","15","65-69 years","65-69",198
,"Stomach","21020","Hawaii","15","70-74 years","70-74",247
,"Stomach","21020","Hawaii","15","75-79 years","75-79",317
,"Stomach","21020","Hawaii","15","80-84 years","80-84",303
,"Stomach","21020","Hawaii","15","85+ years","85+",496
,"Stomach","21020","Idaho","16","45-49 years","45-49",34
,"Stomach","21020","Idaho","16","50-54 years","50-54",50
,"Stomach","21020","Idaho","16","55-59 years","55-59",68
,"Stomach","21020","Idaho","16","60-64 years ","60-64",90
,"Stomach","21020","Idaho","16","65-69 years","65-69",92
,"Stomach","21020","Idaho","16","70-74 years","70-74",124
,"Stomach","21020","Idaho","16","75-79 years","75-79",124
,"Stomach","21020","Idaho","16","80-84 years","80-84",118
,"Stomach","21020","Idaho","16","85+ years","85+",153
,"Stomach","21020","Illinois","17","20-24 years","20-24",21
,"Stomach","21020","Illinois","17","25-29 years","25-29",38
,"Stomach","21020","Illinois","17","30-34 years","30-34",81
,"Stomach","21020","Illinois","17","35-39 years","35-39",161
,"Stomach","21020","Illinois","17","40-44 years","40-44",266
,"Stomach","21020","Illinois","17","45-49 years","45-49",446
,"Stomach","21020","Illinois","17","50-54 years","50-54",707
,"Stomach","21020","Illinois","17","55-59 years","55-59",882
,"Stomach","21020","Illinois","17","60-64 years ","60-64",1150
,"Stomach","21020","Illinois","17","65-69 years","65-69",1284
,"Stomach","21020","Illinois","17","70-74 years","70-74",1434
,"Stomach","21020","Illinois","17","75-79 years","75-79",1638
,"Stomach","21020","Illinois","17","80-84 years","80-84",1525
,"Stomach","21020","Illinois","17","85+ years","85+",2027
,"Stomach","21020","Indiana","18","30-34 years","30-34",24
,"Stomach","21020","Indiana","18","35-39 years","35-39",70
,"Stomach","21020","Indiana","18","40-44 years","40-44",100
,"Stomach","21020","Indiana","18","45-49 years","45-49",183
,"Stomach","21020","Indiana","18","50-54 years","50-54",248
,"Stomach","21020","Indiana","18","55-59 years","55-59",343
,"Stomach","21020","Indiana","18","60-64 years ","60-64",469
,"Stomach","21020","Indiana","18","65-69 years","65-69",538
,"Stomach","21020","Indiana","18","70-74 years","70-74",558
,"Stomach","21020","Indiana","18","75-79 years","75-79",633
,"Stomach","21020","Indiana","18","80-84 years","80-84",551
,"Stomach","21020","Indiana","18","85+ years","85+",646
,"Stomach","21020","Iowa","19","30-34 years","30-34",16
,"Stomach","21020","Iowa","19","35-39 years","35-39",24
,"Stomach","21020","Iowa","19","40-44 years","40-44",39
,"Stomach","21020","Iowa","19","45-49 years","45-49",55
,"Stomach","21020","Iowa","19","50-54 years","50-54",105
,"Stomach","21020","Iowa","19","55-59 years","55-59",133
,"Stomach","21020","Iowa","19","60-64 years ","60-64",186
,"Stomach","21020","Iowa","19","65-69 years","65-69",254
,"Stomach","21020","Iowa","19","70-74 years","70-74",238
,"Stomach","21020","Iowa","19","75-79 years","75-79",289
,"Stomach","21020","Iowa","19","80-84 years","80-84",307
,"Stomach","21020","Iowa","19","85+ years","85+",364
,"Stomach","21020","Kansas","20","30-34 years","30-34",20
,"Stomach","21020","Kansas","20","35-39 years","35-39",22
,"Stomach","21020","Kansas","20","40-44 years","40-44",40
,"Stomach","21020","Kansas","20","45-49 years","45-49",77
,"Stomach","21020","Kansas","20","50-54 years","50-54",119
,"Stomach","21020","Kansas","20","55-59 years","55-59",172
,"Stomach","21020","Kansas","20","60-64 years ","60-64",161
,"Stomach","21020","Kansas","20","65-69 years","65-69",233
,"Stomach","21020","Kansas","20","70-74 years","70-74",229
,"Stomach","21020","Kansas","20","75-79 years","75-79",239
,"Stomach","21020","Kansas","20","80-84 years","80-84",252
,"Stomach","21020","Kansas","20","85+ years","85+",308
,"Stomach","21020","Kentucky","21","30-34 years","30-34",17
,"Stomach","21020","Kentucky","21","35-39 years","35-39",38
,"Stomach","21020","Kentucky","21","40-44 years","40-44",81
,"Stomach","21020","Kentucky","21","45-49 years","45-49",110
,"Stomach","21020","Kentucky","21","50-54 years","50-54",210
,"Stomach","21020","Kentucky","21","55-59 years","55-59",286
,"Stomach","21020","Kentucky","21","60-64 years ","60-64",343
,"Stomach","21020","Kentucky","21","65-69 years","65-69",423
,"Stomach","21020","Kentucky","21","70-74 years","70-74",457
,"Stomach","21020","Kentucky","21","75-79 years","75-79",468
,"Stomach","21020","Kentucky","21","80-84 years","80-84",422
,"Stomach","21020","Kentucky","21","85+ years","85+",491
,"Stomach","21020","Louisiana","22","25-29 years","25-29",18
,"Stomach","21020","Louisiana","22","30-34 years","30-34",41
,"Stomach","21020","Louisiana","22","35-39 years","35-39",63
,"Stomach","21020","Louisiana","22","40-44 years","40-44",98
,"Stomach","21020","Louisiana","22","45-49 years","45-49",190
,"Stomach","21020","Louisiana","22","50-54 years","50-54",277
,"Stomach","21020","Louisiana","22","55-59 years","55-59",407
,"Stomach","21020","Louisiana","22","60-64 years ","60-64",482
,"Stomach","21020","Louisiana","22","65-69 years","65-69",544
,"Stomach","21020","Louisiana","22","70-74 years","70-74",620
,"Stomach","21020","Louisiana","22","75-79 years","75-79",626
,"Stomach","21020","Louisiana","22","80-84 years","80-84",543
,"Stomach","21020","Louisiana","22","85+ years","85+",680
,"Stomach","21020","Maine","23","40-44 years","40-44",17
,"Stomach","21020","Maine","23","45-49 years","45-49",31
,"Stomach","21020","Maine","23","50-54 years","50-54",52
,"Stomach","21020","Maine","23","55-59 years","55-59",94
,"Stomach","21020","Maine","23","60-64 years ","60-64",112
,"Stomach","21020","Maine","23","65-69 years","65-69",119
,"Stomach","21020","Maine","23","70-74 years","70-74",139
,"Stomach","21020","Maine","23","75-79 years","75-79",151
,"Stomach","21020","Maine","23","80-84 years","80-84",173
,"Stomach","21020","Maine","23","85+ years","85+",190
,"Stomach","21020","Maryland","24","25-29 years","25-29",20
,"Stomach","21020","Maryland","24","30-34 years","30-34",33
,"Stomach","21020","Maryland","24","35-39 years","35-39",76
,"Stomach","21020","Maryland","24","40-44 years","40-44",115
,"Stomach","21020","Maryland","24","45-49 years","45-49",195
,"Stomach","21020","Maryland","24","50-54 years","50-54",311
,"Stomach","21020","Maryland","24","55-59 years","55-59",419
,"Stomach","21020","Maryland","24","60-64 years ","60-64",503
,"Stomach","21020","Maryland","24","65-69 years","65-69",483
,"Stomach","21020","Maryland","24","70-74 years","70-74",626
,"Stomach","21020","Maryland","24","75-79 years","75-79",677
,"Stomach","21020","Maryland","24","80-84 years","80-84",613
,"Stomach","21020","Maryland","24","85+ years","85+",799
,"Stomach","21020","Massachusetts","25","30-34 years","30-34",43
,"Stomach","21020","Massachusetts","25","35-39 years","35-39",58
,"Stomach","21020","Massachusetts","25","40-44 years","40-44",120
,"Stomach","21020","Massachusetts","25","45-49 years","45-49",209
,"Stomach","21020","Massachusetts","25","50-54 years","50-54",308
,"Stomach","21020","Massachusetts","25","55-59 years","55-59",427
,"Stomach","21020","Massachusetts","25","60-64 years ","60-64",508
,"Stomach","21020","Massachusetts","25","65-69 years","65-69",609
,"Stomach","21020","Massachusetts","25","70-74 years","70-74",748
,"Stomach","21020","Massachusetts","25","75-79 years","75-79",905
,"Stomach","21020","Massachusetts","25","80-84 years","80-84",925
,"Stomach","21020","Massachusetts","25","85+ years","85+",1389
,"Stomach","21020","Michigan","26","25-29 years","25-29",21
,"Stomach","21020","Michigan","26","30-34 years","30-34",45
,"Stomach","21020","Michigan","26","35-39 years","35-39",88
,"Stomach","21020","Michigan","26","40-44 years","40-44",174
,"Stomach","21020","Michigan","26","45-49 years","45-49",282
,"Stomach","21020","Michigan","26","50-54 years","50-54",440
,"Stomach","21020","Michigan","26","55-59 years","55-59",611
,"Stomach","21020","Michigan","26","60-64 years ","60-64",799
,"Stomach","21020","Michigan","26","65-69 years","65-69",905
,"Stomach","21020","Michigan","26","70-74 years","70-74",1064
,"Stomach","21020","Michigan","26","75-79 years","75-79",1151
,"Stomach","21020","Michigan","26","80-84 years","80-84",1118
,"Stomach","21020","Michigan","26","85+ years","85+",1499
,"Stomach","21020","Minnesota","27","30-34 years","30-34",31
,"Stomach","21020","Minnesota","27","35-39 years","35-39",43
,"Stomach","21020","Minnesota","27","40-44 years","40-44",77
,"Stomach","21020","Minnesota","27","45-49 years","45-49",136
,"Stomach","21020","Minnesota","27","50-54 years","50-54",187
,"Stomach","21020","Minnesota","27","55-59 years","55-59",246
,"Stomach","21020","Minnesota","27","60-64 years ","60-64",366
,"Stomach","21020","Minnesota","27","65-69 years","65-69",371
,"Stomach","21020","Minnesota","27","70-74 years","70-74",430
,"Stomach","21020","Minnesota","27","75-79 years","75-79",489
,"Stomach","21020","Minnesota","27","80-84 years","80-84",545
,"Stomach","21020","Minnesota","27","85+ years","85+",743
,"Stomach","21020","Mississippi","28","35-39 years","35-39",37
,"Stomach","21020","Mississippi","28","40-44 years","40-44",73
,"Stomach","21020","Mississippi","28","45-49 years","45-49",117
,"Stomach","21020","Mississippi","28","50-54 years","50-54",205
,"Stomach","21020","Mississippi","28","55-59 years","55-59",275
,"Stomach","21020","Mississippi","28","60-64 years ","60-64",338
,"Stomach","21020","Mississippi","28","65-69 years","65-69",331
,"Stomach","21020","Mississippi","28","70-74 years","70-74",374
,"Stomach","21020","Mississippi","28","75-79 years","75-79",370
,"Stomach","21020","Mississippi","28","80-84 years","80-84",345
,"Stomach","21020","Mississippi","28","85+ years","85+",423
,"Stomach","21020","Missouri","29","30-34 years","30-34",20
,"Stomach","21020","Missouri","29","35-39 years","35-39",54
,"Stomach","21020","Missouri","29","40-44 years","40-44",100
,"Stomach","21020","Missouri","29","45-49 years","45-49",156
,"Stomach","21020","Missouri","29","50-54 years","50-54",226
,"Stomach","21020","Missouri","29","55-59 years","55-59",340
,"Stomach","21020","Missouri","29","60-64 years ","60-64",457
,"Stomach","21020","Missouri","29","65-69 years","65-69",526
,"Stomach","21020","Missouri","29","70-74 years","70-74",558
,"Stomach","21020","Missouri","29","75-79 years","75-79",630
,"Stomach","21020","Missouri","29","80-84 years","80-84",552
,"Stomach","21020","Missouri","29","85+ years","85+",684
,"Stomach","21020","Montana","30","45-49 years","45-49",25
,"Stomach","21020","Montana","30","50-54 years","50-54",37
,"Stomach","21020","Montana","30","55-59 years","55-59",53
,"Stomach","21020","Montana","30","60-64 years ","60-64",69
,"Stomach","21020","Montana","30","65-69 years","65-69",82
,"Stomach","21020","Montana","30","70-74 years","70-74",76
,"Stomach","21020","Montana","30","75-79 years","75-79",104
,"Stomach","21020","Montana","30","80-84 years","80-84",93
,"Stomach","21020","Montana","30","85+ years","85+",117
,"Stomach","21020","Nebraska","31","40-44 years","40-44",27
,"Stomach","21020","Nebraska","31","45-49 years","45-49",28
,"Stomach","21020","Nebraska","31","50-54 years","50-54",66
,"Stomach","21020","Nebraska","31","55-59 years","55-59",91
,"Stomach","21020","Nebraska","31","60-64 years ","60-64",108
,"Stomach","21020","Nebraska","31","65-69 years","65-69",117
,"Stomach","21020","Nebraska","31","70-74 years","70-74",133
,"Stomach","21020","Nebraska","31","75-79 years","75-79",158
,"Stomach","21020","Nebraska","31","80-84 years","80-84",180
,"Stomach","21020","Nebraska","31","85+ years","85+",190
,"Stomach","21020","Nevada","32","35-39 years","35-39",31
,"Stomach","21020","Nevada","32","40-44 years","40-44",36
,"Stomach","21020","Nevada","32","45-49 years","45-49",69
,"Stomach","21020","Nevada","32","50-54 years","50-54",109
,"Stomach","21020","Nevada","32","55-59 years","55-59",129
,"Stomach","21020","Nevada","32","60-64 years ","60-64",194
,"Stomach","21020","Nevada","32","65-69 years","65-69",236
,"Stomach","21020","Nevada","32","70-74 years","70-74",266
,"Stomach","21020","Nevada","32","75-79 years","75-79",245
,"Stomach","21020","Nevada","32","80-84 years","80-84",237
,"Stomach","21020","Nevada","32","85+ years","85+",252
,"Stomach","21020","New Hampshire","33","40-44 years","40-44",16
,"Stomach","21020","New Hampshire","33","45-49 years","45-49",35
,"Stomach","21020","New Hampshire","33","50-54 years","50-54",60
,"Stomach","21020","New Hampshire","33","55-59 years","55-59",68
,"Stomach","21020","New Hampshire","33","60-64 years ","60-64",85
,"Stomach","21020","New Hampshire","33","65-69 years","65-69",95
,"Stomach","21020","New Hampshire","33","70-74 years","70-74",97
,"Stomach","21020","New Hampshire","33","75-79 years","75-79",116
,"Stomach","21020","New Hampshire","33","80-84 years","80-84",130
,"Stomach","21020","New Hampshire","33","85+ years","85+",162
,"Stomach","21020","New Jersey","34","25-29 years","25-29",33
,"Stomach","21020","New Jersey","34","30-34 years","30-34",70
,"Stomach","21020","New Jersey","34","35-39 years","35-39",109
,"Stomach","21020","New Jersey","34","40-44 years","40-44",222
,"Stomach","21020","New Jersey","34","45-49 years","45-49",311
,"Stomach","21020","New Jersey","34","50-54 years","50-54",421
,"Stomach","21020","New Jersey","34","55-59 years","55-59",651
,"Stomach","21020","New Jersey","34","60-64 years ","60-64",780
,"Stomach","21020","New Jersey","34","65-69 years","65-69",968
,"Stomach","21020","New Jersey","34","70-74 years","70-74",1073
,"Stomach","21020","New Jersey","34","75-79 years","75-79",1361
,"Stomach","21020","New Jersey","34","80-84 years","80-84",1303
,"Stomach","21020","New Jersey","34","85+ years","85+",1792
,"Stomach","21020","New Mexico","35","30-34 years","30-34",20
,"Stomach","21020","New Mexico","35","35-39 years","35-39",22
,"Stomach","21020","New Mexico","35","40-44 years","40-44",41
,"Stomach","21020","New Mexico","35","45-49 years","45-49",75
,"Stomach","21020","New Mexico","35","50-54 years","50-54",117
,"Stomach","21020","New Mexico","35","55-59 years","55-59",151
,"Stomach","21020","New Mexico","35","60-64 years ","60-64",176
,"Stomach","21020","New Mexico","35","65-69 years","65-69",245
,"Stomach","21020","New Mexico","35","70-74 years","70-74",290
,"Stomach","21020","New Mexico","35","75-79 years","75-79",258
,"Stomach","21020","New Mexico","35","80-84 years","80-84",287
,"Stomach","21020","New Mexico","35","85+ years","85+",323
,"Stomach","21020","New York","36","20-24 years","20-24",26
,"Stomach","21020","New York","36","25-29 years","25-29",69
,"Stomach","21020","New York","36","30-34 years","30-34",149
,"Stomach","21020","New York","36","35-39 years","35-39",272
,"Stomach","21020","New York","36","40-44 years","40-44",464
,"Stomach","21020","New York","36","45-49 years","45-49",700
,"Stomach","21020","New York","36","50-54 years","50-54",1153
,"Stomach","21020","New York","36","55-59 years","55-59",1506
,"Stomach","21020","New York","36","60-64 years ","60-64",1959
,"Stomach","21020","New York","36","65-69 years","65-69",2218
,"Stomach","21020","New York","36","70-74 years","70-74",2544
,"Stomach","21020","New York","36","75-79 years","75-79",2864
,"Stomach","21020","New York","36","80-84 years","80-84",2796
,"Stomach","21020","New York","36","85+ years","85+",3969
,"Stomach","21020","North Carolina","37","25-29 years","25-29",28
,"Stomach","21020","North Carolina","37","30-34 years","30-34",54
,"Stomach","21020","North Carolina","37","35-39 years","35-39",111
,"Stomach","21020","North Carolina","37","40-44 years","40-44",197
,"Stomach","21020","North Carolina","37","45-49 years","45-49",280
,"Stomach","21020","North Carolina","37","50-54 years","50-54",445
,"Stomach","21020","North Carolina","37","55-59 years","55-59",594
,"Stomach","21020","North Carolina","37","60-64 years ","60-64",731
,"Stomach","21020","North Carolina","37","65-69 years","65-69",926
,"Stomach","21020","North Carolina","37","70-74 years","70-74",1012
,"Stomach","21020","North Carolina","37","75-79 years","75-79",1014
,"Stomach","21020","North Carolina","37","80-84 years","80-84",931
,"Stomach","21020","North Carolina","37","85+ years","85+",1155
,"Stomach","21020","North Dakota","38","50-54 years","50-54",24
,"Stomach","21020","North Dakota","38","55-59 years","55-59",41
,"Stomach","21020","North Dakota","38","60-64 years ","60-64",39
,"Stomach","21020","North Dakota","38","65-69 years","65-69",63
,"Stomach","21020","North Dakota","38","70-74 years","70-74",65
,"Stomach","21020","North Dakota","38","75-79 years","75-79",71
,"Stomach","21020","North Dakota","38","80-84 years","80-84",90
,"Stomach","21020","North Dakota","38","85+ years","85+",118
,"Stomach","21020","Ohio","39","25-29 years","25-29",21
,"Stomach","21020","Ohio","39","30-34 years","30-34",61
,"Stomach","21020","Ohio","39","35-39 years","35-39",89
,"Stomach","21020","Ohio","39","40-44 years","40-44",184
,"Stomach","21020","Ohio","39","45-49 years","45-49",295
,"Stomach","21020","Ohio","39","50-54 years","50-54",474
,"Stomach","21020","Ohio","39","55-59 years","55-59",643
,"Stomach","21020","Ohio","39","60-64 years ","60-64",833
,"Stomach","21020","Ohio","39","65-69 years","65-69",1003
,"Stomach","21020","Ohio","39","70-74 years","70-74",1238
,"Stomach","21020","Ohio","39","75-79 years","75-79",1368
,"Stomach","21020","Ohio","39","80-84 years","80-84",1369
,"Stomach","21020","Ohio","39","85+ years","85+",1638
,"Stomach","21020","Oklahoma","40","30-34 years","30-34",21
,"Stomach","21020","Oklahoma","40","35-39 years","35-39",41
,"Stomach","21020","Oklahoma","40","40-44 years","40-44",70
,"Stomach","21020","Oklahoma","40","45-49 years","45-49",110
,"Stomach","21020","Oklahoma","40","50-54 years","50-54",143
,"Stomach","21020","Oklahoma","40","55-59 years","55-59",201
,"Stomach","21020","Oklahoma","40","60-64 years ","60-64",309
,"Stomach","21020","Oklahoma","40","65-69 years","65-69",347
,"Stomach","21020","Oklahoma","40","70-74 years","70-74",379
,"Stomach","21020","Oklahoma","40","75-79 years","75-79",411
,"Stomach","21020","Oklahoma","40","80-84 years","80-84",350
,"Stomach","21020","Oklahoma","40","85+ years","85+",388
,"Stomach","21020","Oregon","41","30-34 years","30-34",18
,"Stomach","21020","Oregon","41","35-39 years","35-39",49
,"Stomach","21020","Oregon","41","40-44 years","40-44",63
,"Stomach","21020","Oregon","41","45-49 years","45-49",101
,"Stomach","21020","Oregon","41","50-54 years","50-54",162
,"Stomach","21020","Oregon","41","55-59 years","55-59",201
,"Stomach","21020","Oregon","41","60-64 years ","60-64",270
,"Stomach","21020","Oregon","41","65-69 years","65-69",300
,"Stomach","21020","Oregon","41","70-74 years","70-74",389
,"Stomach","21020","Oregon","41","75-79 years","75-79",378
,"Stomach","21020","Oregon","41","80-84 years","80-84",342
,"Stomach","21020","Oregon","41","85+ years","85+",424
,"Stomach","21020","Pennsylvania","42","25-29 years","25-29",24
,"Stomach","21020","Pennsylvania","42","30-34 years","30-34",49
,"Stomach","21020","Pennsylvania","42","35-39 years","35-39",106
,"Stomach","21020","Pennsylvania","42","40-44 years","40-44",190
,"Stomach","21020","Pennsylvania","42","45-49 years","45-49",385
,"Stomach","21020","Pennsylvania","42","50-54 years","50-54",565
,"Stomach","21020","Pennsylvania","42","55-59 years","55-59",724
,"Stomach","21020","Pennsylvania","42","60-64 years ","60-64",993
,"Stomach","21020","Pennsylvania","42","65-69 years","65-69",1206
,"Stomach","21020","Pennsylvania","42","70-74 years","70-74",1530
,"Stomach","21020","Pennsylvania","42","75-79 years","75-79",1721
,"Stomach","21020","Pennsylvania","42","80-84 years","80-84",1856
,"Stomach","21020","Pennsylvania","42","85+ years","85+",2476
,"Stomach","21020","Rhode Island","44","40-44 years","40-44",17
,"Stomach","21020","Rhode Island","44","45-49 years","45-49",33
,"Stomach","21020","Rhode Island","44","50-54 years","50-54",43
,"Stomach","21020","Rhode Island","44","55-59 years","55-59",69
,"Stomach","21020","Rhode Island","44","60-64 years ","60-64",86
,"Stomach","21020","Rhode Island","44","65-69 years","65-69",92
,"Stomach","21020","Rhode Island","44","70-74 years","70-74",151
,"Stomach","21020","Rhode Island","44","75-79 years","75-79",157
,"Stomach","21020","Rhode Island","44","80-84 years","80-84",220
,"Stomach","21020","Rhode Island","44","85+ years","85+",289
,"Stomach","21020","South Carolina","45","25-29 years","25-29",16
,"Stomach","21020","South Carolina","45","30-34 years","30-34",26
,"Stomach","21020","South Carolina","45","35-39 years","35-39",58
,"Stomach","21020","South Carolina","45","40-44 years","40-44",101
,"Stomach","21020","South Carolina","45","45-49 years","45-49",183
,"Stomach","21020","South Carolina","45","50-54 years","50-54",295
,"Stomach","21020","South Carolina","45","55-59 years","55-59",413
,"Stomach","21020","South Carolina","45","60-64 years ","60-64",496
,"Stomach","21020","South Carolina","45","65-69 years","65-69",571
,"Stomach","21020","South Carolina","45","70-74 years","70-74",621
,"Stomach","21020","South Carolina","45","75-79 years","75-79",598
,"Stomach","21020","South Carolina","45","80-84 years","80-84",559
,"Stomach","21020","South Carolina","45","85+ years","85+",565
,"Stomach","21020","South Dakota","46","45-49 years","45-49",22
,"Stomach","21020","South Dakota","46","50-54 years","50-54",31
,"Stomach","21020","South Dakota","46","55-59 years","55-59",34
,"Stomach","21020","South Dakota","46","60-64 years ","60-64",54
,"Stomach","21020","South Dakota","46","65-69 years","65-69",64
,"Stomach","21020","South Dakota","46","70-74 years","70-74",75
,"Stomach","21020","South Dakota","46","75-79 years","75-79",84
,"Stomach","21020","South Dakota","46","80-84 years","80-84",89
,"Stomach","21020","South Dakota","46","85+ years","85+",113
,"Stomach","21020","Tennessee","47","25-29 years","25-29",22
,"Stomach","21020","Tennessee","47","30-34 years","30-34",35
,"Stomach","21020","Tennessee","47","35-39 years","35-39",62
,"Stomach","21020","Tennessee","47","40-44 years","40-44",114
,"Stomach","21020","Tennessee","47","45-49 years","45-49",206
,"Stomach","21020","Tennessee","47","50-54 years","50-54",302
,"Stomach","21020","Tennessee","47","55-59 years","55-59",410
,"Stomach","21020","Tennessee","47","60-64 years ","60-64",553
,"Stomach","21020","Tennessee","47","65-69 years","65-69",615
,"Stomach","21020","Tennessee","47","70-74 years","70-74",668
,"Stomach","21020","Tennessee","47","75-79 years","75-79",707
,"Stomach","21020","Tennessee","47","80-84 years","80-84",605
,"Stomach","21020","Tennessee","47","85+ years","85+",715
,"Stomach","21020","Texas","48","20-24 years","20-24",44
,"Stomach","21020","Texas","48","25-29 years","25-29",104
,"Stomach","21020","Texas","48","30-34 years","30-34",226
,"Stomach","21020","Texas","48","35-39 years","35-39",391
,"Stomach","21020","Texas","48","40-44 years","40-44",645
,"Stomach","21020","Texas","48","45-49 years","45-49",958
,"Stomach","21020","Texas","48","50-54 years","50-54",1442
,"Stomach","21020","Texas","48","55-59 years","55-59",1777
,"Stomach","21020","Texas","48","60-64 years ","60-64",2116
,"Stomach","21020","Texas","48","65-69 years","65-69",2365
,"Stomach","21020","Texas","48","70-74 years","70-74",2485
,"Stomach","21020","Texas","48","75-79 years","75-79",2473
,"Stomach","21020","Texas","48","80-84 years","80-84",2244
,"Stomach","21020","Texas","48","85+ years","85+",2584
,"Stomach","21020","Utah","49","30-34 years","30-34",16
,"Stomach","21020","Utah","49","40-44 years","40-44",43
,"Stomach","21020","Utah","49","45-49 years","45-49",48
,"Stomach","21020","Utah","49","50-54 years","50-54",54
,"Stomach","21020","Utah","49","55-59 years","55-59",88
,"Stomach","21020","Utah","49","60-64 years ","60-64",104
,"Stomach","21020","Utah","49","65-69 years","65-69",118
,"Stomach","21020","Utah","49","70-74 years","70-74",146
,"Stomach","21020","Utah","49","75-79 years","75-79",185
,"Stomach","21020","Utah","49","80-84 years","80-84",153
,"Stomach","21020","Utah","49","85+ years","85+",184
,"Stomach","21020","Vermont","50","45-49 years","45-49",22
,"Stomach","21020","Vermont","50","50-54 years","50-54",20
,"Stomach","21020","Vermont","50","55-59 years","55-59",37
,"Stomach","21020","Vermont","50","60-64 years ","60-64",30
,"Stomach","21020","Vermont","50","65-69 years","65-69",57
,"Stomach","21020","Vermont","50","70-74 years","70-74",46
,"Stomach","21020","Vermont","50","75-79 years","75-79",60
,"Stomach","21020","Vermont","50","80-84 years","80-84",53
,"Stomach","21020","Vermont","50","85+ years","85+",92
,"Stomach","21020","Virginia","51","25-29 years","25-29",23
,"Stomach","21020","Virginia","51","30-34 years","30-34",46
,"Stomach","21020","Virginia","51","35-39 years","35-39",82
,"Stomach","21020","Virginia","51","40-44 years","40-44",187
,"Stomach","21020","Virginia","51","45-49 years","45-49",250
,"Stomach","21020","Virginia","51","50-54 years","50-54",378
,"Stomach","21020","Virginia","51","55-59 years","55-59",525
,"Stomach","21020","Virginia","51","60-64 years ","60-64",600
,"Stomach","21020","Virginia","51","65-69 years","65-69",732
,"Stomach","21020","Virginia","51","70-74 years","70-74",801
,"Stomach","21020","Virginia","51","75-79 years","75-79",832
,"Stomach","21020","Virginia","51","80-84 years","80-84",782
,"Stomach","21020","Virginia","51","85+ years","85+",961
,"Stomach","21020","Washington","53","25-29 years","25-29",20
,"Stomach","21020","Washington","53","30-34 years","30-34",45
,"Stomach","21020","Washington","53","35-39 years","35-39",85
,"Stomach","21020","Washington","53","40-44 years","40-44",127
,"Stomach","21020","Washington","53","45-49 years","45-49",197
,"Stomach","21020","Washington","53","50-54 years","50-54",285
,"Stomach","21020","Washington","53","55-59 years","55-59",391
,"Stomach","21020","Washington","53","60-64 years ","60-64",476
,"Stomach","21020","Washington","53","65-69 years","65-69",584
,"Stomach","21020","Washington","53","70-74 years","70-74",616
,"Stomach","21020","Washington","53","75-79 years","75-79",652
,"Stomach","21020","Washington","53","80-84 years","80-84",634
,"Stomach","21020","Washington","53","85+ years","85+",826
,"Stomach","21020","West Virginia","54","35-39 years","35-39",17
,"Stomach","21020","West Virginia","54","40-44 years","40-44",26
,"Stomach","21020","West Virginia","54","45-49 years","45-49",40
,"Stomach","21020","West Virginia","54","50-54 years","50-54",77
,"Stomach","21020","West Virginia","54","55-59 years","55-59",140
,"Stomach","21020","West Virginia","54","60-64 years ","60-64",160
,"Stomach","21020","West Virginia","54","65-69 years","65-69",175
,"Stomach","21020","West Virginia","54","70-74 years","70-74",197
,"Stomach","21020","West Virginia","54","75-79 years","75-79",242
,"Stomach","21020","West Virginia","54","80-84 years","80-84",232
,"Stomach","21020","West Virginia","54","85+ years","85+",219
,"Stomach","21020","Wisconsin","55","30-34 years","30-34",18
,"Stomach","21020","Wisconsin","55","35-39 years","35-39",41
,"Stomach","21020","Wisconsin","55","40-44 years","40-44",73
,"Stomach","21020","Wisconsin","55","45-49 years","45-49",152
,"Stomach","21020","Wisconsin","55","50-54 years","50-54",230
,"Stomach","21020","Wisconsin","55","55-59 years","55-59",308
,"Stomach","21020","Wisconsin","55","60-64 years ","60-64",386
,"Stomach","21020","Wisconsin","55","65-69 years","65-69",447
,"Stomach","21020","Wisconsin","55","70-74 years","70-74",573
,"Stomach","21020","Wisconsin","55","75-79 years","75-79",617
,"Stomach","21020","Wisconsin","55","80-84 years","80-84",619
,"Stomach","21020","Wisconsin","55","85+ years","85+",825
,"Stomach","21020","Wyoming","56","50-54 years","50-54",18
,"Stomach","21020","Wyoming","56","55-59 years","55-59",24
,"Stomach","21020","Wyoming","56","60-64 years ","60-64",26
,"Stomach","21020","Wyoming","56","65-69 years","65-69",44
,"Stomach","21020","Wyoming","56","70-74 years","70-74",33
,"Stomach","21020","Wyoming","56","75-79 years","75-79",45
,"Stomach","21020","Wyoming","56","80-84 years","80-84",47
,"Stomach","21020","Wyoming","56","85+ years","85+",44
,"Thyroid","32010","Alabama","01","50-54 years","50-54",25
,"Thyroid","32010","Alabama","01","55-59 years","55-59",41
,"Thyroid","32010","Alabama","01","60-64 years ","60-64",55
,"Thyroid","32010","Alabama","01","65-69 years","65-69",56
,"Thyroid","32010","Alabama","01","70-74 years","70-74",70
,"Thyroid","32010","Alabama","01","75-79 years","75-79",74
,"Thyroid","32010","Alabama","01","80-84 years","80-84",68
,"Thyroid","32010","Alabama","01","85+ years","85+",99
,"Thyroid","32010","Arizona","04","45-49 years","45-49",25
,"Thyroid","32010","Arizona","04","50-54 years","50-54",31
,"Thyroid","32010","Arizona","04","55-59 years","55-59",49
,"Thyroid","32010","Arizona","04","60-64 years ","60-64",97
,"Thyroid","32010","Arizona","04","65-69 years","65-69",106
,"Thyroid","32010","Arizona","04","70-74 years","70-74",97
,"Thyroid","32010","Arizona","04","75-79 years","75-79",111
,"Thyroid","32010","Arizona","04","80-84 years","80-84",120
,"Thyroid","32010","Arizona","04","85+ years","85+",142
,"Thyroid","32010","Arkansas","05","55-59 years","55-59",28
,"Thyroid","32010","Arkansas","05","60-64 years ","60-64",47
,"Thyroid","32010","Arkansas","05","65-69 years","65-69",47
,"Thyroid","32010","Arkansas","05","70-74 years","70-74",44
,"Thyroid","32010","Arkansas","05","75-79 years","75-79",51
,"Thyroid","32010","Arkansas","05","80-84 years","80-84",53
,"Thyroid","32010","Arkansas","05","85+ years","85+",65
,"Thyroid","32010","California","06","30-34 years","30-34",28
,"Thyroid","32010","California","06","35-39 years","35-39",32
,"Thyroid","32010","California","06","40-44 years","40-44",72
,"Thyroid","32010","California","06","45-49 years","45-49",159
,"Thyroid","32010","California","06","50-54 years","50-54",259
,"Thyroid","32010","California","06","55-59 years","55-59",353
,"Thyroid","32010","California","06","60-64 years ","60-64",477
,"Thyroid","32010","California","06","65-69 years","65-69",605
,"Thyroid","32010","California","06","70-74 years","70-74",681
,"Thyroid","32010","California","06","75-79 years","75-79",726
,"Thyroid","32010","California","06","80-84 years","80-84",699
,"Thyroid","32010","California","06","85+ years","85+",851
,"Thyroid","32010","Colorado","08","45-49 years","45-49",19
,"Thyroid","32010","Colorado","08","50-54 years","50-54",31
,"Thyroid","32010","Colorado","08","55-59 years","55-59",48
,"Thyroid","32010","Colorado","08","60-64 years ","60-64",66
,"Thyroid","32010","Colorado","08","65-69 years","65-69",70
,"Thyroid","32010","Colorado","08","70-74 years","70-74",64
,"Thyroid","32010","Colorado","08","75-79 years","75-79",69
,"Thyroid","32010","Colorado","08","80-84 years","80-84",85
,"Thyroid","32010","Colorado","08","85+ years","85+",98
,"Thyroid","32010","Connecticut","09","50-54 years","50-54",20
,"Thyroid","32010","Connecticut","09","55-59 years","55-59",27
,"Thyroid","32010","Connecticut","09","60-64 years ","60-64",46
,"Thyroid","32010","Connecticut","09","65-69 years","65-69",55
,"Thyroid","32010","Connecticut","09","70-74 years","70-74",64
,"Thyroid","32010","Connecticut","09","75-79 years","75-79",59
,"Thyroid","32010","Connecticut","09","80-84 years","80-84",60
,"Thyroid","32010","Connecticut","09","85+ years","85+",92
,"Thyroid","32010","Delaware","10","75-79 years","75-79",20
,"Thyroid","32010","Delaware","10","80-84 years","80-84",24
,"Thyroid","32010","Delaware","10","85+ years","85+",16
,"Thyroid","32010","District of Columbia","11","85+ years","85+",16
,"Thyroid","32010","Florida","12","40-44 years","40-44",30
,"Thyroid","32010","Florida","12","45-49 years","45-49",59
,"Thyroid","32010","Florida","12","50-54 years","50-54",93
,"Thyroid","32010","Florida","12","55-59 years","55-59",161
,"Thyroid","32010","Florida","12","60-64 years ","60-64",223
,"Thyroid","32010","Florida","12","65-69 years","65-69",312
,"Thyroid","32010","Florida","12","70-74 years","70-74",373
,"Thyroid","32010","Florida","12","75-79 years","75-79",429
,"Thyroid","32010","Florida","12","80-84 years","80-84",418
,"Thyroid","32010","Florida","12","85+ years","85+",533
,"Thyroid","32010","Georgia","13","45-49 years","45-49",37
,"Thyroid","32010","Georgia","13","50-54 years","50-54",33
,"Thyroid","32010","Georgia","13","55-59 years","55-59",88
,"Thyroid","32010","Georgia","13","60-64 years ","60-64",98
,"Thyroid","32010","Georgia","13","65-69 years","65-69",112
,"Thyroid","32010","Georgia","13","70-74 years","70-74",134
,"Thyroid","32010","Georgia","13","75-79 years","75-79",125
,"Thyroid","32010","Georgia","13","80-84 years","80-84",102
,"Thyroid","32010","Georgia","13","85+ years","85+",115
,"Thyroid","32010","Hawaii","15","55-59 years","55-59",25
,"Thyroid","32010","Hawaii","15","60-64 years ","60-64",27
,"Thyroid","32010","Hawaii","15","65-69 years","65-69",24
,"Thyroid","32010","Hawaii","15","70-74 years","70-74",23
,"Thyroid","32010","Hawaii","15","75-79 years","75-79",40
,"Thyroid","32010","Hawaii","15","80-84 years","80-84",25
,"Thyroid","32010","Hawaii","15","85+ years","85+",41
,"Thyroid","32010","Idaho","16","55-59 years","55-59",22
,"Thyroid","32010","Idaho","16","60-64 years ","60-64",22
,"Thyroid","32010","Idaho","16","65-69 years","65-69",29
,"Thyroid","32010","Idaho","16","70-74 years","70-74",31
,"Thyroid","32010","Idaho","16","75-79 years","75-79",26
,"Thyroid","32010","Idaho","16","80-84 years","80-84",27
,"Thyroid","32010","Idaho","16","85+ years","85+",34
,"Thyroid","32010","Illinois","17","45-49 years","45-49",42
,"Thyroid","32010","Illinois","17","50-54 years","50-54",58
,"Thyroid","32010","Illinois","17","55-59 years","55-59",110
,"Thyroid","32010","Illinois","17","60-64 years ","60-64",138
,"Thyroid","32010","Illinois","17","65-69 years","65-69",182
,"Thyroid","32010","Illinois","17","70-74 years","70-74",239
,"Thyroid","32010","Illinois","17","75-79 years","75-79",252
,"Thyroid","32010","Illinois","17","80-84 years","80-84",226
,"Thyroid","32010","Illinois","17","85+ years","85+",270
,"Thyroid","32010","Indiana","18","45-49 years","45-49",22
,"Thyroid","32010","Indiana","18","50-54 years","50-54",28
,"Thyroid","32010","Indiana","18","55-59 years","55-59",59
,"Thyroid","32010","Indiana","18","60-64 years ","60-64",90
,"Thyroid","32010","Indiana","18","65-69 years","65-69",92
,"Thyroid","32010","Indiana","18","70-74 years","70-74",106
,"Thyroid","32010","Indiana","18","75-79 years","75-79",122
,"Thyroid","32010","Indiana","18","80-84 years","80-84",120
,"Thyroid","32010","Indiana","18","85+ years","85+",141
,"Thyroid","32010","Iowa","19","50-54 years","50-54",16
,"Thyroid","32010","Iowa","19","55-59 years","55-59",28
,"Thyroid","32010","Iowa","19","60-64 years ","60-64",45
,"Thyroid","32010","Iowa","19","65-69 years","65-69",42
,"Thyroid","32010","Iowa","19","70-74 years","70-74",68
,"Thyroid","32010","Iowa","19","75-79 years","75-79",48
,"Thyroid","32010","Iowa","19","80-84 years","80-84",69
,"Thyroid","32010","Iowa","19","85+ years","85+",83
,"Thyroid","32010","Kansas","20","55-59 years","55-59",29
,"Thyroid","32010","Kansas","20","60-64 years ","60-64",41
,"Thyroid","32010","Kansas","20","65-69 years","65-69",45
,"Thyroid","32010","Kansas","20","70-74 years","70-74",47
,"Thyroid","32010","Kansas","20","75-79 years","75-79",64
,"Thyroid","32010","Kansas","20","80-84 years","80-84",67
,"Thyroid","32010","Kansas","20","85+ years","85+",73
,"Thyroid","32010","Kentucky","21","45-49 years","45-49",17
,"Thyroid","32010","Kentucky","21","50-54 years","50-54",27
,"Thyroid","32010","Kentucky","21","55-59 years","55-59",40
,"Thyroid","32010","Kentucky","21","60-64 years ","60-64",65
,"Thyroid","32010","Kentucky","21","65-69 years","65-69",82
,"Thyroid","32010","Kentucky","21","70-74 years","70-74",78
,"Thyroid","32010","Kentucky","21","75-79 years","75-79",76
,"Thyroid","32010","Kentucky","21","80-84 years","80-84",67
,"Thyroid","32010","Kentucky","21","85+ years","85+",82
,"Thyroid","32010","Louisiana","22","50-54 years","50-54",25
,"Thyroid","32010","Louisiana","22","55-59 years","55-59",41
,"Thyroid","32010","Louisiana","22","60-64 years ","60-64",66
,"Thyroid","32010","Louisiana","22","65-69 years","65-69",53
,"Thyroid","32010","Louisiana","22","70-74 years","70-74",68
,"Thyroid","32010","Louisiana","22","75-79 years","75-79",81
,"Thyroid","32010","Louisiana","22","80-84 years","80-84",67
,"Thyroid","32010","Louisiana","22","85+ years","85+",91
,"Thyroid","32010","Maine","23","65-69 years","65-69",29
,"Thyroid","32010","Maine","23","70-74 years","70-74",26
,"Thyroid","32010","Maine","23","75-79 years","75-79",24
,"Thyroid","32010","Maine","23","80-84 years","80-84",31
,"Thyroid","32010","Maine","23","85+ years","85+",30
,"Thyroid","32010","Maryland","24","45-49 years","45-49",19
,"Thyroid","32010","Maryland","24","50-54 years","50-54",32
,"Thyroid","32010","Maryland","24","55-59 years","55-59",60
,"Thyroid","32010","Maryland","24","60-64 years ","60-64",79
,"Thyroid","32010","Maryland","24","65-69 years","65-69",75
,"Thyroid","32010","Maryland","24","70-74 years","70-74",92
,"Thyroid","32010","Maryland","24","75-79 years","75-79",77
,"Thyroid","32010","Maryland","24","80-84 years","80-84",75
,"Thyroid","32010","Maryland","24","85+ years","85+",126
,"Thyroid","32010","Massachusetts","25","45-49 years","45-49",18
,"Thyroid","32010","Massachusetts","25","50-54 years","50-54",36
,"Thyroid","32010","Massachusetts","25","55-59 years","55-59",48
,"Thyroid","32010","Massachusetts","25","60-64 years ","60-64",86
,"Thyroid","32010","Massachusetts","25","65-69 years","65-69",99
,"Thyroid","32010","Massachusetts","25","70-74 years","70-74",122
,"Thyroid","32010","Massachusetts","25","75-79 years","75-79",135
,"Thyroid","32010","Massachusetts","25","80-84 years","80-84",127
,"Thyroid","32010","Massachusetts","25","85+ years","85+",191
,"Thyroid","32010","Michigan","26","40-44 years","40-44",18
,"Thyroid","32010","Michigan","26","45-49 years","45-49",34
,"Thyroid","32010","Michigan","26","50-54 years","50-54",65
,"Thyroid","32010","Michigan","26","55-59 years","55-59",92
,"Thyroid","32010","Michigan","26","60-64 years ","60-64",125
,"Thyroid","32010","Michigan","26","65-69 years","65-69",142
,"Thyroid","32010","Michigan","26","70-74 years","70-74",181
,"Thyroid","32010","Michigan","26","75-79 years","75-79",163
,"Thyroid","32010","Michigan","26","80-84 years","80-84",172
,"Thyroid","32010","Michigan","26","85+ years","85+",275
,"Thyroid","32010","Minnesota","27","45-49 years","45-49",25
,"Thyroid","32010","Minnesota","27","50-54 years","50-54",38
,"Thyroid","32010","Minnesota","27","55-59 years","55-59",49
,"Thyroid","32010","Minnesota","27","60-64 years ","60-64",72
,"Thyroid","32010","Minnesota","27","65-69 years","65-69",66
,"Thyroid","32010","Minnesota","27","70-74 years","70-74",67
,"Thyroid","32010","Minnesota","27","75-79 years","75-79",106
,"Thyroid","32010","Minnesota","27","80-84 years","80-84",103
,"Thyroid","32010","Minnesota","27","85+ years","85+",127
,"Thyroid","32010","Mississippi","28","55-59 years","55-59",26
,"Thyroid","32010","Mississippi","28","60-64 years ","60-64",30
,"Thyroid","32010","Mississippi","28","65-69 years","65-69",39
,"Thyroid","32010","Mississippi","28","70-74 years","70-74",36
,"Thyroid","32010","Mississippi","28","75-79 years","75-79",55
,"Thyroid","32010","Mississippi","28","80-84 years","80-84",58
,"Thyroid","32010","Mississippi","28","85+ years","85+",51
,"Thyroid","32010","Missouri","29","45-49 years","45-49",26
,"Thyroid","32010","Missouri","29","50-54 years","50-54",32
,"Thyroid","32010","Missouri","29","55-59 years","55-59",59
,"Thyroid","32010","Missouri","29","60-64 years ","60-64",92
,"Thyroid","32010","Missouri","29","65-69 years","65-69",87
,"Thyroid","32010","Missouri","29","70-74 years","70-74",102
,"Thyroid","32010","Missouri","29","75-79 years","75-79",120
,"Thyroid","32010","Missouri","29","80-84 years","80-84",97
,"Thyroid","32010","Missouri","29","85+ years","85+",144
,"Thyroid","32010","Montana","30","70-74 years","70-74",18
,"Thyroid","32010","Montana","30","75-79 years","75-79",16
,"Thyroid","32010","Montana","30","80-84 years","80-84",22
,"Thyroid","32010","Montana","30","85+ years","85+",26
,"Thyroid","32010","Nebraska","31","60-64 years ","60-64",25
,"Thyroid","32010","Nebraska","31","65-69 years","65-69",30
,"Thyroid","32010","Nebraska","31","70-74 years","70-74",34
,"Thyroid","32010","Nebraska","31","75-79 years","75-79",33
,"Thyroid","32010","Nebraska","31","80-84 years","80-84",27
,"Thyroid","32010","Nebraska","31","85+ years","85+",48
,"Thyroid","32010","Nevada","32","50-54 years","50-54",17
,"Thyroid","32010","Nevada","32","55-59 years","55-59",19
,"Thyroid","32010","Nevada","32","60-64 years ","60-64",29
,"Thyroid","32010","Nevada","32","65-69 years","65-69",44
,"Thyroid","32010","Nevada","32","70-74 years","70-74",67
,"Thyroid","32010","Nevada","32","75-79 years","75-79",36
,"Thyroid","32010","Nevada","32","80-84 years","80-84",33
,"Thyroid","32010","Nevada","32","85+ years","85+",35
,"Thyroid","32010","New Hampshire","33","60-64 years ","60-64",16
,"Thyroid","32010","New Hampshire","33","65-69 years","65-69",18
,"Thyroid","32010","New Hampshire","33","70-74 years","70-74",21
,"Thyroid","32010","New Hampshire","33","75-79 years","75-79",19
,"Thyroid","32010","New Hampshire","33","80-84 years","80-84",23
,"Thyroid","32010","New Hampshire","33","85+ years","85+",32
,"Thyroid","32010","New Jersey","34","40-44 years","40-44",22
,"Thyroid","32010","New Jersey","34","45-49 years","45-49",34
,"Thyroid","32010","New Jersey","34","50-54 years","50-54",50
,"Thyroid","32010","New Jersey","34","55-59 years","55-59",70
,"Thyroid","32010","New Jersey","34","60-64 years ","60-64",117
,"Thyroid","32010","New Jersey","34","65-69 years","65-69",133
,"Thyroid","32010","New Jersey","34","70-74 years","70-74",152
,"Thyroid","32010","New Jersey","34","75-79 years","75-79",187
,"Thyroid","32010","New Jersey","34","80-84 years","80-84",175
,"Thyroid","32010","New Jersey","34","85+ years","85+",217
,"Thyroid","32010","New Mexico","35","50-54 years","50-54",16
,"Thyroid","32010","New Mexico","35","55-59 years","55-59",24
,"Thyroid","32010","New Mexico","35","60-64 years ","60-64",28
,"Thyroid","32010","New Mexico","35","65-69 years","65-69",35
,"Thyroid","32010","New Mexico","35","70-74 years","70-74",55
,"Thyroid","32010","New Mexico","35","75-79 years","75-79",35
,"Thyroid","32010","New Mexico","35","80-84 years","80-84",46
,"Thyroid","32010","New Mexico","35","85+ years","85+",51
,"Thyroid","32010","New York","36","40-44 years","40-44",26
,"Thyroid","32010","New York","36","45-49 years","45-49",69
,"Thyroid","32010","New York","36","50-54 years","50-54",132
,"Thyroid","32010","New York","36","55-59 years","55-59",164
,"Thyroid","32010","New York","36","60-64 years ","60-64",227
,"Thyroid","32010","New York","36","65-69 years","65-69",312
,"Thyroid","32010","New York","36","70-74 years","70-74",324
,"Thyroid","32010","New York","36","75-79 years","75-79",383
,"Thyroid","32010","New York","36","80-84 years","80-84",388
,"Thyroid","32010","New York","36","85+ years","85+",538
,"Thyroid","32010","North Carolina","37","40-44 years","40-44",18
,"Thyroid","32010","North Carolina","37","45-49 years","45-49",25
,"Thyroid","32010","North Carolina","37","50-54 years","50-54",53
,"Thyroid","32010","North Carolina","37","55-59 years","55-59",90
,"Thyroid","32010","North Carolina","37","60-64 years ","60-64",104
,"Thyroid","32010","North Carolina","37","65-69 years","65-69",126
,"Thyroid","32010","North Carolina","37","70-74 years","70-74",163
,"Thyroid","32010","North Carolina","37","75-79 years","75-79",172
,"Thyroid","32010","North Carolina","37","80-84 years","80-84",142
,"Thyroid","32010","North Carolina","37","85+ years","85+",175
,"Thyroid","32010","North Dakota","38","80-84 years","80-84",23
,"Thyroid","32010","North Dakota","38","85+ years","85+",30
,"Thyroid","32010","Ohio","39","40-44 years","40-44",19
,"Thyroid","32010","Ohio","39","45-49 years","45-49",37
,"Thyroid","32010","Ohio","39","50-54 years","50-54",83
,"Thyroid","32010","Ohio","39","55-59 years","55-59",108
,"Thyroid","32010","Ohio","39","60-64 years ","60-64",136
,"Thyroid","32010","Ohio","39","65-69 years","65-69",179
,"Thyroid","32010","Ohio","39","70-74 years","70-74",205
,"Thyroid","32010","Ohio","39","75-79 years","75-79",239
,"Thyroid","32010","Ohio","39","80-84 years","80-84",209
,"Thyroid","32010","Ohio","39","85+ years","85+",274
,"Thyroid","32010","Oklahoma","40","50-54 years","50-54",23
,"Thyroid","32010","Oklahoma","40","55-59 years","55-59",42
,"Thyroid","32010","Oklahoma","40","60-64 years ","60-64",41
,"Thyroid","32010","Oklahoma","40","65-69 years","65-69",49
,"Thyroid","32010","Oklahoma","40","70-74 years","70-74",62
,"Thyroid","32010","Oklahoma","40","75-79 years","75-79",67
,"Thyroid","32010","Oklahoma","40","80-84 years","80-84",63
,"Thyroid","32010","Oklahoma","40","85+ years","85+",75
,"Thyroid","32010","Oregon","41","50-54 years","50-54",30
,"Thyroid","32010","Oregon","41","55-59 years","55-59",39
,"Thyroid","32010","Oregon","41","60-64 years ","60-64",49
,"Thyroid","32010","Oregon","41","65-69 years","65-69",71
,"Thyroid","32010","Oregon","41","70-74 years","70-74",69
,"Thyroid","32010","Oregon","41","75-79 years","75-79",84
,"Thyroid","32010","Oregon","41","80-84 years","80-84",81
,"Thyroid","32010","Oregon","41","85+ years","85+",95
,"Thyroid","32010","Pennsylvania","42","40-44 years","40-44",16
,"Thyroid","32010","Pennsylvania","42","45-49 years","45-49",39
,"Thyroid","32010","Pennsylvania","42","50-54 years","50-54",84
,"Thyroid","32010","Pennsylvania","42","55-59 years","55-59",122
,"Thyroid","32010","Pennsylvania","42","60-64 years ","60-64",159
,"Thyroid","32010","Pennsylvania","42","65-69 years","65-69",206
,"Thyroid","32010","Pennsylvania","42","70-74 years","70-74",244
,"Thyroid","32010","Pennsylvania","42","75-79 years","75-79",276
,"Thyroid","32010","Pennsylvania","42","80-84 years","80-84",278
,"Thyroid","32010","Pennsylvania","42","85+ years","85+",401
,"Thyroid","32010","Rhode Island","44","75-79 years","75-79",28
,"Thyroid","32010","Rhode Island","44","80-84 years","80-84",27
,"Thyroid","32010","Rhode Island","44","85+ years","85+",27
,"Thyroid","32010","South Carolina","45","50-54 years","50-54",23
,"Thyroid","32010","South Carolina","45","55-59 years","55-59",34
,"Thyroid","32010","South Carolina","45","60-64 years ","60-64",64
,"Thyroid","32010","South Carolina","45","65-69 years","65-69",63
,"Thyroid","32010","South Carolina","45","70-74 years","70-74",75
,"Thyroid","32010","South Carolina","45","75-79 years","75-79",80
,"Thyroid","32010","South Carolina","45","80-84 years","80-84",65
,"Thyroid","32010","South Carolina","45","85+ years","85+",73
,"Thyroid","32010","South Dakota","46","75-79 years","75-79",19
,"Thyroid","32010","South Dakota","46","85+ years","85+",16
,"Thyroid","32010","Tennessee","47","45-49 years","45-49",19
,"Thyroid","32010","Tennessee","47","50-54 years","50-54",24
,"Thyroid","32010","Tennessee","47","55-59 years","55-59",46
,"Thyroid","32010","Tennessee","47","60-64 years ","60-64",74
,"Thyroid","32010","Tennessee","47","65-69 years","65-69",101
,"Thyroid","32010","Tennessee","47","70-74 years","70-74",94
,"Thyroid","32010","Tennessee","47","75-79 years","75-79",114
,"Thyroid","32010","Tennessee","47","80-84 years","80-84",94
,"Thyroid","32010","Tennessee","47","85+ years","85+",122
,"Thyroid","32010","Texas","48","35-39 years","35-39",30
,"Thyroid","32010","Texas","48","40-44 years","40-44",57
,"Thyroid","32010","Texas","48","45-49 years","45-49",103
,"Thyroid","32010","Texas","48","50-54 years","50-54",132
,"Thyroid","32010","Texas","48","55-59 years","55-59",209
,"Thyroid","32010","Texas","48","60-64 years ","60-64",272
,"Thyroid","32010","Texas","48","65-69 years","65-69",346
,"Thyroid","32010","Texas","48","70-74 years","70-74",377
,"Thyroid","32010","Texas","48","75-79 years","75-79",393
,"Thyroid","32010","Texas","48","80-84 years","80-84",328
,"Thyroid","32010","Texas","48","85+ years","85+",428
,"Thyroid","32010","Utah","49","55-59 years","55-59",20
,"Thyroid","32010","Utah","49","60-64 years ","60-64",29
,"Thyroid","32010","Utah","49","65-69 years","65-69",28
,"Thyroid","32010","Utah","49","70-74 years","70-74",31
,"Thyroid","32010","Utah","49","75-79 years","75-79",54
,"Thyroid","32010","Utah","49","80-84 years","80-84",34
,"Thyroid","32010","Utah","49","85+ years","85+",48
,"Thyroid","32010","Vermont","50","65-69 years","65-69",22
,"Thyroid","32010","Vermont","50","70-74 years","70-74",19
,"Thyroid","32010","Virginia","51","45-49 years","45-49",21
,"Thyroid","32010","Virginia","51","50-54 years","50-54",46
,"Thyroid","32010","Virginia","51","55-59 years","55-59",62
,"Thyroid","32010","Virginia","51","60-64 years ","60-64",87
,"Thyroid","32010","Virginia","51","65-69 years","65-69",112
,"Thyroid","32010","Virginia","51","70-74 years","70-74",119
,"Thyroid","32010","Virginia","51","75-79 years","75-79",117
,"Thyroid","32010","Virginia","51","80-84 years","80-84",126
,"Thyroid","32010","Virginia","51","85+ years","85+",155
,"Thyroid","32010","Washington","53","45-49 years","45-49",30
,"Thyroid","32010","Washington","53","50-54 years","50-54",40
,"Thyroid","32010","Washington","53","55-59 years","55-59",61
,"Thyroid","32010","Washington","53","60-64 years ","60-64",90
,"Thyroid","32010","Washington","53","65-69 years","65-69",101
,"Thyroid","32010","Washington","53","70-74 years","70-74",143
,"Thyroid","32010","Washington","53","75-79 years","75-79",99
,"Thyroid","32010","Washington","53","80-84 years","80-84",117
,"Thyroid","32010","Washington","53","85+ years","85+",138
,"Thyroid","32010","West Virginia","54","50-54 years","50-54",17
,"Thyroid","32010","West Virginia","54","60-64 years ","60-64",22
,"Thyroid","32010","West Virginia","54","65-69 years","65-69",25
,"Thyroid","32010","West Virginia","54","70-74 years","70-74",33
,"Thyroid","32010","West Virginia","54","75-79 years","75-79",39
,"Thyroid","32010","West Virginia","54","80-84 years","80-84",37
,"Thyroid","32010","West Virginia","54","85+ years","85+",40
,"Thyroid","32010","Wisconsin","55","45-49 years","45-49",24
,"Thyroid","32010","Wisconsin","55","50-54 years","50-54",30
,"Thyroid","32010","Wisconsin","55","55-59 years","55-59",54
,"Thyroid","32010","Wisconsin","55","60-64 years ","60-64",80
,"Thyroid","32010","Wisconsin","55","65-69 years","65-69",104
,"Thyroid","32010","Wisconsin","55","70-74 years","70-74",93
,"Thyroid","32010","Wisconsin","55","75-79 years","75-79",110
,"Thyroid","32010","Wisconsin","55","80-84 years","80-84",120
,"Thyroid","32010","Wisconsin","55","85+ years","85+",175
,"Urinary Bladder","29010","Alabama","01","40-44 years","40-44",23
,"Urinary Bladder","29010","Alabama","01","45-49 years","45-49",70
,"Urinary Bladder","29010","Alabama","01","50-54 years","50-54",124
,"Urinary Bladder","29010","Alabama","01","55-59 years","55-59",232
,"Urinary Bladder","29010","Alabama","01","60-64 years ","60-64",386
,"Urinary Bladder","29010","Alabama","01","65-69 years","65-69",541
,"Urinary Bladder","29010","Alabama","01","70-74 years","70-74",640
,"Urinary Bladder","29010","Alabama","01","75-79 years","75-79",820
,"Urinary Bladder","29010","Alabama","01","80-84 years","80-84",831
,"Urinary Bladder","29010","Alabama","01","85+ years","85+",1162
,"Urinary Bladder","29010","Alaska","02","55-59 years","55-59",27
,"Urinary Bladder","29010","Alaska","02","60-64 years ","60-64",39
,"Urinary Bladder","29010","Alaska","02","65-69 years","65-69",53
,"Urinary Bladder","29010","Alaska","02","70-74 years","70-74",55
,"Urinary Bladder","29010","Alaska","02","75-79 years","75-79",68
,"Urinary Bladder","29010","Alaska","02","80-84 years","80-84",64
,"Urinary Bladder","29010","Alaska","02","85+ years","85+",72
,"Urinary Bladder","29010","Arizona","04","45-49 years","45-49",70
,"Urinary Bladder","29010","Arizona","04","50-54 years","50-54",131
,"Urinary Bladder","29010","Arizona","04","55-59 years","55-59",255
,"Urinary Bladder","29010","Arizona","04","60-64 years ","60-64",460
,"Urinary Bladder","29010","Arizona","04","65-69 years","65-69",693
,"Urinary Bladder","29010","Arizona","04","70-74 years","70-74",889
,"Urinary Bladder","29010","Arizona","04","75-79 years","75-79",1136
,"Urinary Bladder","29010","Arizona","04","80-84 years","80-84",1231
,"Urinary Bladder","29010","Arizona","04","85+ years","85+",1899
,"Urinary Bladder","29010","Arkansas","05","40-44 years","40-44",16
,"Urinary Bladder","29010","Arkansas","05","45-49 years","45-49",28
,"Urinary Bladder","29010","Arkansas","05","50-54 years","50-54",68
,"Urinary Bladder","29010","Arkansas","05","55-59 years","55-59",136
,"Urinary Bladder","29010","Arkansas","05","60-64 years ","60-64",223
,"Urinary Bladder","29010","Arkansas","05","65-69 years","65-69",338
,"Urinary Bladder","29010","Arkansas","05","70-74 years","70-74",429
,"Urinary Bladder","29010","Arkansas","05","75-79 years","75-79",530
,"Urinary Bladder","29010","Arkansas","05","80-84 years","80-84",604
,"Urinary Bladder","29010","Arkansas","05","85+ years","85+",899
,"Urinary Bladder","29010","California","06","30-34 years","30-34",26
,"Urinary Bladder","29010","California","06","35-39 years","35-39",55
,"Urinary Bladder","29010","California","06","40-44 years","40-44",166
,"Urinary Bladder","29010","California","06","45-49 years","45-49",348
,"Urinary Bladder","29010","California","06","50-54 years","50-54",667
,"Urinary Bladder","29010","California","06","55-59 years","55-59",1339
,"Urinary Bladder","29010","California","06","60-64 years ","60-64",2099
,"Urinary Bladder","29010","California","06","65-69 years","65-69",2927
,"Urinary Bladder","29010","California","06","70-74 years","70-74",3971
,"Urinary Bladder","29010","California","06","75-79 years","75-79",5028
,"Urinary Bladder","29010","California","06","80-84 years","80-84",6032
,"Urinary Bladder","29010","California","06","85+ years","85+",10417
,"Urinary Bladder","29010","Colorado","08","40-44 years","40-44",19
,"Urinary Bladder","29010","Colorado","08","45-49 years","45-49",53
,"Urinary Bladder","29010","Colorado","08","50-54 years","50-54",105
,"Urinary Bladder","29010","Colorado","08","55-59 years","55-59",220
,"Urinary Bladder","29010","Colorado","08","60-64 years ","60-64",337
,"Urinary Bladder","29010","Colorado","08","65-69 years","65-69",389
,"Urinary Bladder","29010","Colorado","08","70-74 years","70-74",515
,"Urinary Bladder","29010","Colorado","08","75-79 years","75-79",657
,"Urinary Bladder","29010","Colorado","08","80-84 years","80-84",721
,"Urinary Bladder","29010","Colorado","08","85+ years","85+",1131
,"Urinary Bladder","29010","Connecticut","09","45-49 years","45-49",45
,"Urinary Bladder","29010","Connecticut","09","50-54 years","50-54",81
,"Urinary Bladder","29010","Connecticut","09","55-59 years","55-59",175
,"Urinary Bladder","29010","Connecticut","09","60-64 years ","60-64",323
,"Urinary Bladder","29010","Connecticut","09","65-69 years","65-69",377
,"Urinary Bladder","29010","Connecticut","09","70-74 years","70-74",516
,"Urinary Bladder","29010","Connecticut","09","75-79 years","75-79",701
,"Urinary Bladder","29010","Connecticut","09","80-84 years","80-84",879
,"Urinary Bladder","29010","Connecticut","09","85+ years","85+",1533
,"Urinary Bladder","29010","Delaware","10","50-54 years","50-54",26
,"Urinary Bladder","29010","Delaware","10","55-59 years","55-59",51
,"Urinary Bladder","29010","Delaware","10","60-64 years ","60-64",101
,"Urinary Bladder","29010","Delaware","10","65-69 years","65-69",118
,"Urinary Bladder","29010","Delaware","10","70-74 years","70-74",175
,"Urinary Bladder","29010","Delaware","10","75-79 years","75-79",212
,"Urinary Bladder","29010","Delaware","10","80-84 years","80-84",210
,"Urinary Bladder","29010","Delaware","10","85+ years","85+",345
,"Urinary Bladder","29010","District of Columbia","11","50-54 years","50-54",23
,"Urinary Bladder","29010","District of Columbia","11","55-59 years","55-59",29
,"Urinary Bladder","29010","District of Columbia","11","60-64 years ","60-64",50
,"Urinary Bladder","29010","District of Columbia","11","65-69 years","65-69",58
,"Urinary Bladder","29010","District of Columbia","11","70-74 years","70-74",68
,"Urinary Bladder","29010","District of Columbia","11","75-79 years","75-79",91
,"Urinary Bladder","29010","District of Columbia","11","80-84 years","80-84",84
,"Urinary Bladder","29010","District of Columbia","11","85+ years","85+",174
,"Urinary Bladder","29010","Florida","12","35-39 years","35-39",31
,"Urinary Bladder","29010","Florida","12","40-44 years","40-44",98
,"Urinary Bladder","29010","Florida","12","45-49 years","45-49",264
,"Urinary Bladder","29010","Florida","12","50-54 years","50-54",579
,"Urinary Bladder","29010","Florida","12","55-59 years","55-59",1079
,"Urinary Bladder","29010","Florida","12","60-64 years ","60-64",1723
,"Urinary Bladder","29010","Florida","12","65-69 years","65-69",2443
,"Urinary Bladder","29010","Florida","12","70-74 years","70-74",3334
,"Urinary Bladder","29010","Florida","12","75-79 years","75-79",4444
,"Urinary Bladder","29010","Florida","12","80-84 years","80-84",5134
,"Urinary Bladder","29010","Florida","12","85+ years","85+",8092
,"Urinary Bladder","29010","Georgia","13","35-39 years","35-39",23
,"Urinary Bladder","29010","Georgia","13","40-44 years","40-44",54
,"Urinary Bladder","29010","Georgia","13","45-49 years","45-49",132
,"Urinary Bladder","29010","Georgia","13","50-54 years","50-54",253
,"Urinary Bladder","29010","Georgia","13","55-59 years","55-59",460
,"Urinary Bladder","29010","Georgia","13","60-64 years ","60-64",620
,"Urinary Bladder","29010","Georgia","13","65-69 years","65-69",909
,"Urinary Bladder","29010","Georgia","13","70-74 years","70-74",1159
,"Urinary Bladder","29010","Georgia","13","75-79 years","75-79",1349
,"Urinary Bladder","29010","Georgia","13","80-84 years","80-84",1369
,"Urinary Bladder","29010","Georgia","13","85+ years","85+",1986
,"Urinary Bladder","29010","Hawaii","15","55-59 years","55-59",42
,"Urinary Bladder","29010","Hawaii","15","60-64 years ","60-64",81
,"Urinary Bladder","29010","Hawaii","15","65-69 years","65-69",96
,"Urinary Bladder","29010","Hawaii","15","70-74 years","70-74",135
,"Urinary Bladder","29010","Hawaii","15","75-79 years","75-79",154
,"Urinary Bladder","29010","Hawaii","15","80-84 years","80-84",182
,"Urinary Bladder","29010","Hawaii","15","85+ years","85+",334
,"Urinary Bladder","29010","Idaho","16","50-54 years","50-54",35
,"Urinary Bladder","29010","Idaho","16","55-59 years","55-59",54
,"Urinary Bladder","29010","Idaho","16","60-64 years ","60-64",109
,"Urinary Bladder","29010","Idaho","16","65-69 years","65-69",164
,"Urinary Bladder","29010","Idaho","16","70-74 years","70-74",208
,"Urinary Bladder","29010","Idaho","16","75-79 years","75-79",262
,"Urinary Bladder","29010","Idaho","16","80-84 years","80-84",290
,"Urinary Bladder","29010","Idaho","16","85+ years","85+",494
,"Urinary Bladder","29010","Illinois","17","35-39 years","35-39",24
,"Urinary Bladder","29010","Illinois","17","40-44 years","40-44",62
,"Urinary Bladder","29010","Illinois","17","45-49 years","45-49",145
,"Urinary Bladder","29010","Illinois","17","50-54 years","50-54",306
,"Urinary Bladder","29010","Illinois","17","55-59 years","55-59",553
,"Urinary Bladder","29010","Illinois","17","60-64 years ","60-64",912
,"Urinary Bladder","29010","Illinois","17","65-69 years","65-69",1288
,"Urinary Bladder","29010","Illinois","17","70-74 years","70-74",1685
,"Urinary Bladder","29010","Illinois","17","75-79 years","75-79",2120
,"Urinary Bladder","29010","Illinois","17","80-84 years","80-84",2517
,"Urinary Bladder","29010","Illinois","17","85+ years","85+",4132
,"Urinary Bladder","29010","Indiana","18","35-39 years","35-39",26
,"Urinary Bladder","29010","Indiana","18","40-44 years","40-44",43
,"Urinary Bladder","29010","Indiana","18","45-49 years","45-49",101
,"Urinary Bladder","29010","Indiana","18","50-54 years","50-54",172
,"Urinary Bladder","29010","Indiana","18","55-59 years","55-59",341
,"Urinary Bladder","29010","Indiana","18","60-64 years ","60-64",548
,"Urinary Bladder","29010","Indiana","18","65-69 years","65-69",684
,"Urinary Bladder","29010","Indiana","18","70-74 years","70-74",1042
,"Urinary Bladder","29010","Indiana","18","75-79 years","75-79",1205
,"Urinary Bladder","29010","Indiana","18","80-84 years","80-84",1258
,"Urinary Bladder","29010","Indiana","18","85+ years","85+",2092
,"Urinary Bladder","29010","Iowa","19","45-49 years","45-49",30
,"Urinary Bladder","29010","Iowa","19","50-54 years","50-54",71
,"Urinary Bladder","29010","Iowa","19","55-59 years","55-59",143
,"Urinary Bladder","29010","Iowa","19","60-64 years ","60-64",226
,"Urinary Bladder","29010","Iowa","19","65-69 years","65-69",328
,"Urinary Bladder","29010","Iowa","19","70-74 years","70-74",428
,"Urinary Bladder","29010","Iowa","19","75-79 years","75-79",566
,"Urinary Bladder","29010","Iowa","19","80-84 years","80-84",753
,"Urinary Bladder","29010","Iowa","19","85+ years","85+",1242
,"Urinary Bladder","29010","Kansas","20","45-49 years","45-49",44
,"Urinary Bladder","29010","Kansas","20","50-54 years","50-54",58
,"Urinary Bladder","29010","Kansas","20","55-59 years","55-59",112
,"Urinary Bladder","29010","Kansas","20","60-64 years ","60-64",189
,"Urinary Bladder","29010","Kansas","20","65-69 years","65-69",281
,"Urinary Bladder","29010","Kansas","20","70-74 years","70-74",370
,"Urinary Bladder","29010","Kansas","20","75-79 years","75-79",459
,"Urinary Bladder","29010","Kansas","20","80-84 years","80-84",546
,"Urinary Bladder","29010","Kansas","20","85+ years","85+",934
,"Urinary Bladder","29010","Kentucky","21","40-44 years","40-44",23
,"Urinary Bladder","29010","Kentucky","21","45-49 years","45-49",65
,"Urinary Bladder","29010","Kentucky","21","50-54 years","50-54",155
,"Urinary Bladder","29010","Kentucky","21","55-59 years","55-59",253
,"Urinary Bladder","29010","Kentucky","21","60-64 years ","60-64",405
,"Urinary Bladder","29010","Kentucky","21","65-69 years","65-69",556
,"Urinary Bladder","29010","Kentucky","21","70-74 years","70-74",675
,"Urinary Bladder","29010","Kentucky","21","75-79 years","75-79",879
,"Urinary Bladder","29010","Kentucky","21","80-84 years","80-84",895
,"Urinary Bladder","29010","Kentucky","21","85+ years","85+",1238
,"Urinary Bladder","29010","Louisiana","22","40-44 years","40-44",25
,"Urinary Bladder","29010","Louisiana","22","45-49 years","45-49",67
,"Urinary Bladder","29010","Louisiana","22","50-54 years","50-54",111
,"Urinary Bladder","29010","Louisiana","22","55-59 years","55-59",228
,"Urinary Bladder","29010","Louisiana","22","60-64 years ","60-64",335
,"Urinary Bladder","29010","Louisiana","22","65-69 years","65-69",438
,"Urinary Bladder","29010","Louisiana","22","70-74 years","70-74",561
,"Urinary Bladder","29010","Louisiana","22","75-79 years","75-79",682
,"Urinary Bladder","29010","Louisiana","22","80-84 years","80-84",733
,"Urinary Bladder","29010","Louisiana","22","85+ years","85+",1079
,"Urinary Bladder","29010","Maine","23","45-49 years","45-49",17
,"Urinary Bladder","29010","Maine","23","50-54 years","50-54",47
,"Urinary Bladder","29010","Maine","23","55-59 years","55-59",112
,"Urinary Bladder","29010","Maine","23","60-64 years ","60-64",169
,"Urinary Bladder","29010","Maine","23","65-69 years","65-69",221
,"Urinary Bladder","29010","Maine","23","70-74 years","70-74",314
,"Urinary Bladder","29010","Maine","23","75-79 years","75-79",381
,"Urinary Bladder","29010","Maine","23","80-84 years","80-84",408
,"Urinary Bladder","29010","Maine","23","85+ years","85+",628
,"Urinary Bladder","29010","Maryland","24","40-44 years","40-44",36
,"Urinary Bladder","29010","Maryland","24","45-49 years","45-49",73
,"Urinary Bladder","29010","Maryland","24","50-54 years","50-54",166
,"Urinary Bladder","29010","Maryland","24","55-59 years","55-59",265
,"Urinary Bladder","29010","Maryland","24","60-64 years ","60-64",431
,"Urinary Bladder","29010","Maryland","24","65-69 years","65-69",577
,"Urinary Bladder","29010","Maryland","24","70-74 years","70-74",834
,"Urinary Bladder","29010","Maryland","24","75-79 years","75-79",1007
,"Urinary Bladder","29010","Maryland","24","80-84 years","80-84",1042
,"Urinary Bladder","29010","Maryland","24","85+ years","85+",1868
,"Urinary Bladder","29010","Massachusetts","25","35-39 years","35-39",17
,"Urinary Bladder","29010","Massachusetts","25","40-44 years","40-44",39
,"Urinary Bladder","29010","Massachusetts","25","45-49 years","45-49",85
,"Urinary Bladder","29010","Massachusetts","25","50-54 years","50-54",148
,"Urinary Bladder","29010","Massachusetts","25","55-59 years","55-59",362
,"Urinary Bladder","29010","Massachusetts","25","60-64 years ","60-64",527
,"Urinary Bladder","29010","Massachusetts","25","65-69 years","65-69",782
,"Urinary Bladder","29010","Massachusetts","25","70-74 years","70-74",1028
,"Urinary Bladder","29010","Massachusetts","25","75-79 years","75-79",1399
,"Urinary Bladder","29010","Massachusetts","25","80-84 years","80-84",1604
,"Urinary Bladder","29010","Massachusetts","25","85+ years","85+",2808
,"Urinary Bladder","29010","Michigan","26","35-39 years","35-39",19
,"Urinary Bladder","29010","Michigan","26","40-44 years","40-44",54
,"Urinary Bladder","29010","Michigan","26","45-49 years","45-49",124
,"Urinary Bladder","29010","Michigan","26","50-54 years","50-54",301
,"Urinary Bladder","29010","Michigan","26","55-59 years","55-59",558
,"Urinary Bladder","29010","Michigan","26","60-64 years ","60-64",819
,"Urinary Bladder","29010","Michigan","26","65-69 years","65-69",1184
,"Urinary Bladder","29010","Michigan","26","70-74 years","70-74",1534
,"Urinary Bladder","29010","Michigan","26","75-79 years","75-79",1936
,"Urinary Bladder","29010","Michigan","26","80-84 years","80-84",2155
,"Urinary Bladder","29010","Michigan","26","85+ years","85+",3618
,"Urinary Bladder","29010","Minnesota","27","45-49 years","45-49",64
,"Urinary Bladder","29010","Minnesota","27","50-54 years","50-54",97
,"Urinary Bladder","29010","Minnesota","27","55-59 years","55-59",216
,"Urinary Bladder","29010","Minnesota","27","60-64 years ","60-64",321
,"Urinary Bladder","29010","Minnesota","27","65-69 years","65-69",474
,"Urinary Bladder","29010","Minnesota","27","70-74 years","70-74",661
,"Urinary Bladder","29010","Minnesota","27","75-79 years","75-79",812
,"Urinary Bladder","29010","Minnesota","27","80-84 years","80-84",944
,"Urinary Bladder","29010","Minnesota","27","85+ years","85+",1881
,"Urinary Bladder","29010","Mississippi","28","40-44 years","40-44",19
,"Urinary Bladder","29010","Mississippi","28","45-49 years","45-49",37
,"Urinary Bladder","29010","Mississippi","28","50-54 years","50-54",73
,"Urinary Bladder","29010","Mississippi","28","55-59 years","55-59",124
,"Urinary Bladder","29010","Mississippi","28","60-64 years ","60-64",204
,"Urinary Bladder","29010","Mississippi","28","65-69 years","65-69",266
,"Urinary Bladder","29010","Mississippi","28","70-74 years","70-74",348
,"Urinary Bladder","29010","Mississippi","28","75-79 years","75-79",420
,"Urinary Bladder","29010","Mississippi","28","80-84 years","80-84",468
,"Urinary Bladder","29010","Mississippi","28","85+ years","85+",648
,"Urinary Bladder","29010","Missouri","29","40-44 years","40-44",27
,"Urinary Bladder","29010","Missouri","29","45-49 years","45-49",83
,"Urinary Bladder","29010","Missouri","29","50-54 years","50-54",174
,"Urinary Bladder","29010","Missouri","29","55-59 years","55-59",281
,"Urinary Bladder","29010","Missouri","29","60-64 years ","60-64",468
,"Urinary Bladder","29010","Missouri","29","65-69 years","65-69",641
,"Urinary Bladder","29010","Missouri","29","70-74 years","70-74",859
,"Urinary Bladder","29010","Missouri","29","75-79 years","75-79",1082
,"Urinary Bladder","29010","Missouri","29","80-84 years","80-84",1204
,"Urinary Bladder","29010","Missouri","29","85+ years","85+",1865
,"Urinary Bladder","29010","Montana","30","50-54 years","50-54",24
,"Urinary Bladder","29010","Montana","30","55-59 years","55-59",46
,"Urinary Bladder","29010","Montana","30","60-64 years ","60-64",99
,"Urinary Bladder","29010","Montana","30","65-69 years","65-69",141
,"Urinary Bladder","29010","Montana","30","70-74 years","70-74",149
,"Urinary Bladder","29010","Montana","30","75-79 years","75-79",176
,"Urinary Bladder","29010","Montana","30","80-84 years","80-84",240
,"Urinary Bladder","29010","Montana","30","85+ years","85+",384
,"Urinary Bladder","29010","Nebraska","31","45-49 years","45-49",17
,"Urinary Bladder","29010","Nebraska","31","50-54 years","50-54",42
,"Urinary Bladder","29010","Nebraska","31","55-59 years","55-59",68
,"Urinary Bladder","29010","Nebraska","31","60-64 years ","60-64",114
,"Urinary Bladder","29010","Nebraska","31","65-69 years","65-69",159
,"Urinary Bladder","29010","Nebraska","31","70-74 years","70-74",226
,"Urinary Bladder","29010","Nebraska","31","75-79 years","75-79",293
,"Urinary Bladder","29010","Nebraska","31","80-84 years","80-84",361
,"Urinary Bladder","29010","Nebraska","31","85+ years","85+",636
,"Urinary Bladder","29010","Nevada","32","40-44 years","40-44",17
,"Urinary Bladder","29010","Nevada","32","45-49 years","45-49",30
,"Urinary Bladder","29010","Nevada","32","50-54 years","50-54",69
,"Urinary Bladder","29010","Nevada","32","55-59 years","55-59",135
,"Urinary Bladder","29010","Nevada","32","60-64 years ","60-64",229
,"Urinary Bladder","29010","Nevada","32","65-69 years","65-69",330
,"Urinary Bladder","29010","Nevada","32","70-74 years","70-74",449
,"Urinary Bladder","29010","Nevada","32","75-79 years","75-79",515
,"Urinary Bladder","29010","Nevada","32","80-84 years","80-84",555
,"Urinary Bladder","29010","Nevada","32","85+ years","85+",644
,"Urinary Bladder","29010","New Hampshire","33","45-49 years","45-49",18
,"Urinary Bladder","29010","New Hampshire","33","50-54 years","50-54",47
,"Urinary Bladder","29010","New Hampshire","33","55-59 years","55-59",75
,"Urinary Bladder","29010","New Hampshire","33","60-64 years ","60-64",110
,"Urinary Bladder","29010","New Hampshire","33","65-69 years","65-69",171
,"Urinary Bladder","29010","New Hampshire","33","70-74 years","70-74",231
,"Urinary Bladder","29010","New Hampshire","33","75-79 years","75-79",284
,"Urinary Bladder","29010","New Hampshire","33","80-84 years","80-84",320
,"Urinary Bladder","29010","New Hampshire","33","85+ years","85+",510
,"Urinary Bladder","29010","New Jersey","34","40-44 years","40-44",52
,"Urinary Bladder","29010","New Jersey","34","45-49 years","45-49",98
,"Urinary Bladder","29010","New Jersey","34","50-54 years","50-54",227
,"Urinary Bladder","29010","New Jersey","34","55-59 years","55-59",418
,"Urinary Bladder","29010","New Jersey","34","60-64 years ","60-64",674
,"Urinary Bladder","29010","New Jersey","34","65-69 years","65-69",974
,"Urinary Bladder","29010","New Jersey","34","70-74 years","70-74",1350
,"Urinary Bladder","29010","New Jersey","34","75-79 years","75-79",1744
,"Urinary Bladder","29010","New Jersey","34","80-84 years","80-84",2080
,"Urinary Bladder","29010","New Jersey","34","85+ years","85+",3415
,"Urinary Bladder","29010","New Mexico","35","45-49 years","45-49",19
,"Urinary Bladder","29010","New Mexico","35","50-54 years","50-54",55
,"Urinary Bladder","29010","New Mexico","35","55-59 years","55-59",64
,"Urinary Bladder","29010","New Mexico","35","60-64 years ","60-64",147
,"Urinary Bladder","29010","New Mexico","35","65-69 years","65-69",200
,"Urinary Bladder","29010","New Mexico","35","70-74 years","70-74",235
,"Urinary Bladder","29010","New Mexico","35","75-79 years","75-79",303
,"Urinary Bladder","29010","New Mexico","35","80-84 years","80-84",353
,"Urinary Bladder","29010","New Mexico","35","85+ years","85+",510
,"Urinary Bladder","29010","New York","36","35-39 years","35-39",47
,"Urinary Bladder","29010","New York","36","40-44 years","40-44",84
,"Urinary Bladder","29010","New York","36","45-49 years","45-49",220
,"Urinary Bladder","29010","New York","36","50-54 years","50-54",482
,"Urinary Bladder","29010","New York","36","55-59 years","55-59",940
,"Urinary Bladder","29010","New York","36","60-64 years ","60-64",1337
,"Urinary Bladder","29010","New York","36","65-69 years","65-69",1901
,"Urinary Bladder","29010","New York","36","70-74 years","70-74",2646
,"Urinary Bladder","29010","New York","36","75-79 years","75-79",3413
,"Urinary Bladder","29010","New York","36","80-84 years","80-84",4050
,"Urinary Bladder","29010","New York","36","85+ years","85+",6796
,"Urinary Bladder","29010","North Carolina","37","35-39 years","35-39",18
,"Urinary Bladder","29010","North Carolina","37","40-44 years","40-44",38
,"Urinary Bladder","29010","North Carolina","37","45-49 years","45-49",101
,"Urinary Bladder","29010","North Carolina","37","50-54 years","50-54",236
,"Urinary Bladder","29010","North Carolina","37","55-59 years","55-59",436
,"Urinary Bladder","29010","North Carolina","37","60-64 years ","60-64",725
,"Urinary Bladder","29010","North Carolina","37","65-69 years","65-69",988
,"Urinary Bladder","29010","North Carolina","37","70-74 years","70-74",1307
,"Urinary Bladder","29010","North Carolina","37","75-79 years","75-79",1573
,"Urinary Bladder","29010","North Carolina","37","80-84 years","80-84",1663
,"Urinary Bladder","29010","North Carolina","37","85+ years","85+",2426
,"Urinary Bladder","29010","North Dakota","38","55-59 years","55-59",37
,"Urinary Bladder","29010","North Dakota","38","60-64 years ","60-64",48
,"Urinary Bladder","29010","North Dakota","38","65-69 years","65-69",71
,"Urinary Bladder","29010","North Dakota","38","70-74 years","70-74",92
,"Urinary Bladder","29010","North Dakota","38","75-79 years","75-79",104
,"Urinary Bladder","29010","North Dakota","38","80-84 years","80-84",161
,"Urinary Bladder","29010","North Dakota","38","85+ years","85+",260
,"Urinary Bladder","29010","Ohio","39","35-39 years","35-39",24
,"Urinary Bladder","29010","Ohio","39","40-44 years","40-44",78
,"Urinary Bladder","29010","Ohio","39","45-49 years","45-49",182
,"Urinary Bladder","29010","Ohio","39","50-54 years","50-54",415
,"Urinary Bladder","29010","Ohio","39","55-59 years","55-59",659
,"Urinary Bladder","29010","Ohio","39","60-64 years ","60-64",1063
,"Urinary Bladder","29010","Ohio","39","65-69 years","65-69",1442
,"Urinary Bladder","29010","Ohio","39","70-74 years","70-74",1951
,"Urinary Bladder","29010","Ohio","39","75-79 years","75-79",2491
,"Urinary Bladder","29010","Ohio","39","80-84 years","80-84",2984
,"Urinary Bladder","29010","Ohio","39","85+ years","85+",4326
,"Urinary Bladder","29010","Oklahoma","40","45-49 years","45-49",46
,"Urinary Bladder","29010","Oklahoma","40","50-54 years","50-54",102
,"Urinary Bladder","29010","Oklahoma","40","55-59 years","55-59",183
,"Urinary Bladder","29010","Oklahoma","40","60-64 years ","60-64",309
,"Urinary Bladder","29010","Oklahoma","40","65-69 years","65-69",461
,"Urinary Bladder","29010","Oklahoma","40","70-74 years","70-74",559
,"Urinary Bladder","29010","Oklahoma","40","75-79 years","75-79",709
,"Urinary Bladder","29010","Oklahoma","40","80-84 years","80-84",774
,"Urinary Bladder","29010","Oklahoma","40","85+ years","85+",1029
,"Urinary Bladder","29010","Oregon","41","45-49 years","45-49",38
,"Urinary Bladder","29010","Oregon","41","50-54 years","50-54",77
,"Urinary Bladder","29010","Oregon","41","55-59 years","55-59",230
,"Urinary Bladder","29010","Oregon","41","60-64 years ","60-64",340
,"Urinary Bladder","29010","Oregon","41","65-69 years","65-69",465
,"Urinary Bladder","29010","Oregon","41","70-74 years","70-74",625
,"Urinary Bladder","29010","Oregon","41","75-79 years","75-79",756
,"Urinary Bladder","29010","Oregon","41","80-84 years","80-84",868
,"Urinary Bladder","29010","Oregon","41","85+ years","85+",1499
,"Urinary Bladder","29010","Pennsylvania","42","35-39 years","35-39",27
,"Urinary Bladder","29010","Pennsylvania","42","40-44 years","40-44",59
,"Urinary Bladder","29010","Pennsylvania","42","45-49 years","45-49",180
,"Urinary Bladder","29010","Pennsylvania","42","50-54 years","50-54",349
,"Urinary Bladder","29010","Pennsylvania","42","55-59 years","55-59",731
,"Urinary Bladder","29010","Pennsylvania","42","60-64 years ","60-64",1126
,"Urinary Bladder","29010","Pennsylvania","42","65-69 years","65-69",1562
,"Urinary Bladder","29010","Pennsylvania","42","70-74 years","70-74",2200
,"Urinary Bladder","29010","Pennsylvania","42","75-79 years","75-79",2868
,"Urinary Bladder","29010","Pennsylvania","42","80-84 years","80-84",3431
,"Urinary Bladder","29010","Pennsylvania","42","85+ years","85+",5609
,"Urinary Bladder","29010","Rhode Island","44","50-54 years","50-54",31
,"Urinary Bladder","29010","Rhode Island","44","55-59 years","55-59",59
,"Urinary Bladder","29010","Rhode Island","44","60-64 years ","60-64",79
,"Urinary Bladder","29010","Rhode Island","44","65-69 years","65-69",122
,"Urinary Bladder","29010","Rhode Island","44","70-74 years","70-74",195
,"Urinary Bladder","29010","Rhode Island","44","75-79 years","75-79",249
,"Urinary Bladder","29010","Rhode Island","44","80-84 years","80-84",264
,"Urinary Bladder","29010","Rhode Island","44","85+ years","85+",545
,"Urinary Bladder","29010","South Carolina","45","40-44 years","40-44",29
,"Urinary Bladder","29010","South Carolina","45","45-49 years","45-49",67
,"Urinary Bladder","29010","South Carolina","45","50-54 years","50-54",128
,"Urinary Bladder","29010","South Carolina","45","55-59 years","55-59",225
,"Urinary Bladder","29010","South Carolina","45","60-64 years ","60-64",387
,"Urinary Bladder","29010","South Carolina","45","65-69 years","65-69",508
,"Urinary Bladder","29010","South Carolina","45","70-74 years","70-74",615
,"Urinary Bladder","29010","South Carolina","45","75-79 years","75-79",761
,"Urinary Bladder","29010","South Carolina","45","80-84 years","80-84",852
,"Urinary Bladder","29010","South Carolina","45","85+ years","85+",1132
,"Urinary Bladder","29010","South Dakota","46","55-59 years","55-59",31
,"Urinary Bladder","29010","South Dakota","46","60-64 years ","60-64",47
,"Urinary Bladder","29010","South Dakota","46","65-69 years","65-69",78
,"Urinary Bladder","29010","South Dakota","46","70-74 years","70-74",98
,"Urinary Bladder","29010","South Dakota","46","75-79 years","75-79",143
,"Urinary Bladder","29010","South Dakota","46","80-84 years","80-84",174
,"Urinary Bladder","29010","South Dakota","46","85+ years","85+",297
,"Urinary Bladder","29010","Tennessee","47","40-44 years","40-44",41
,"Urinary Bladder","29010","Tennessee","47","45-49 years","45-49",97
,"Urinary Bladder","29010","Tennessee","47","50-54 years","50-54",183
,"Urinary Bladder","29010","Tennessee","47","55-59 years","55-59",346
,"Urinary Bladder","29010","Tennessee","47","60-64 years ","60-64",503
,"Urinary Bladder","29010","Tennessee","47","65-69 years","65-69",741
,"Urinary Bladder","29010","Tennessee","47","70-74 years","70-74",935
,"Urinary Bladder","29010","Tennessee","47","75-79 years","75-79",1142
,"Urinary Bladder","29010","Tennessee","47","80-84 years","80-84",1213
,"Urinary Bladder","29010","Tennessee","47","85+ years","85+",1587
,"Urinary Bladder","29010","Texas","48","30-34 years","30-34",16
,"Urinary Bladder","29010","Texas","48","35-39 years","35-39",49
,"Urinary Bladder","29010","Texas","48","40-44 years","40-44",106
,"Urinary Bladder","29010","Texas","48","45-49 years","45-49",233
,"Urinary Bladder","29010","Texas","48","50-54 years","50-54",523
,"Urinary Bladder","29010","Texas","48","55-59 years","55-59",913
,"Urinary Bladder","29010","Texas","48","60-64 years ","60-64",1409
,"Urinary Bladder","29010","Texas","48","65-69 years","65-69",1861
,"Urinary Bladder","29010","Texas","48","70-74 years","70-74",2478
,"Urinary Bladder","29010","Texas","48","75-79 years","75-79",2919
,"Urinary Bladder","29010","Texas","48","80-84 years","80-84",3184
,"Urinary Bladder","29010","Texas","48","85+ years","85+",4862
,"Urinary Bladder","29010","Utah","49","45-49 years","45-49",18
,"Urinary Bladder","29010","Utah","49","50-54 years","50-54",39
,"Urinary Bladder","29010","Utah","49","55-59 years","55-59",69
,"Urinary Bladder","29010","Utah","49","60-64 years ","60-64",94
,"Urinary Bladder","29010","Utah","49","65-69 years","65-69",140
,"Urinary Bladder","29010","Utah","49","70-74 years","70-74",226
,"Urinary Bladder","29010","Utah","49","75-79 years","75-79",257
,"Urinary Bladder","29010","Utah","49","80-84 years","80-84",335
,"Urinary Bladder","29010","Utah","49","85+ years","85+",485
,"Urinary Bladder","29010","Vermont","50","50-54 years","50-54",21
,"Urinary Bladder","29010","Vermont","50","55-59 years","55-59",37
,"Urinary Bladder","29010","Vermont","50","60-64 years ","60-64",61
,"Urinary Bladder","29010","Vermont","50","65-69 years","65-69",87
,"Urinary Bladder","29010","Vermont","50","70-74 years","70-74",118
,"Urinary Bladder","29010","Vermont","50","75-79 years","75-79",143
,"Urinary Bladder","29010","Vermont","50","80-84 years","80-84",157
,"Urinary Bladder","29010","Vermont","50","85+ years","85+",278
,"Urinary Bladder","29010","Virginia","51","35-39 years","35-39",16
,"Urinary Bladder","29010","Virginia","51","40-44 years","40-44",39
,"Urinary Bladder","29010","Virginia","51","45-49 years","45-49",93
,"Urinary Bladder","29010","Virginia","51","50-54 years","50-54",192
,"Urinary Bladder","29010","Virginia","51","55-59 years","55-59",373
,"Urinary Bladder","29010","Virginia","51","60-64 years ","60-64",565
,"Urinary Bladder","29010","Virginia","51","65-69 years","65-69",763
,"Urinary Bladder","29010","Virginia","51","70-74 years","70-74",1078
,"Urinary Bladder","29010","Virginia","51","75-79 years","75-79",1217
,"Urinary Bladder","29010","Virginia","51","80-84 years","80-84",1458
,"Urinary Bladder","29010","Virginia","51","85+ years","85+",2126
,"Urinary Bladder","29010","Washington","53","40-44 years","40-44",22
,"Urinary Bladder","29010","Washington","53","45-49 years","45-49",82
,"Urinary Bladder","29010","Washington","53","50-54 years","50-54",168
,"Urinary Bladder","29010","Washington","53","55-59 years","55-59",324
,"Urinary Bladder","29010","Washington","53","60-64 years ","60-64",525
,"Urinary Bladder","29010","Washington","53","65-69 years","65-69",715
,"Urinary Bladder","29010","Washington","53","70-74 years","70-74",869
,"Urinary Bladder","29010","Washington","53","75-79 years","75-79",1161
,"Urinary Bladder","29010","Washington","53","80-84 years","80-84",1320
,"Urinary Bladder","29010","Washington","53","85+ years","85+",2209
,"Urinary Bladder","29010","West Virginia","54","45-49 years","45-49",31
,"Urinary Bladder","29010","West Virginia","54","50-54 years","50-54",60
,"Urinary Bladder","29010","West Virginia","54","55-59 years","55-59",109
,"Urinary Bladder","29010","West Virginia","54","60-64 years ","60-64",200
,"Urinary Bladder","29010","West Virginia","54","65-69 years","65-69",276
,"Urinary Bladder","29010","West Virginia","54","70-74 years","70-74",410
,"Urinary Bladder","29010","West Virginia","54","75-79 years","75-79",433
,"Urinary Bladder","29010","West Virginia","54","80-84 years","80-84",465
,"Urinary Bladder","29010","West Virginia","54","85+ years","85+",609
,"Urinary Bladder","29010","Wisconsin","55","40-44 years","40-44",21
,"Urinary Bladder","29010","Wisconsin","55","45-49 years","45-49",65
,"Urinary Bladder","29010","Wisconsin","55","50-54 years","50-54",135
,"Urinary Bladder","29010","Wisconsin","55","55-59 years","55-59",263
,"Urinary Bladder","29010","Wisconsin","55","60-64 years ","60-64",380
,"Urinary Bladder","29010","Wisconsin","55","65-69 years","65-69",568
,"Urinary Bladder","29010","Wisconsin","55","70-74 years","70-74",821
,"Urinary Bladder","29010","Wisconsin","55","75-79 years","75-79",1064
,"Urinary Bladder","29010","Wisconsin","55","80-84 years","80-84",1277
,"Urinary Bladder","29010","Wisconsin","55","85+ years","85+",2311
,"Urinary Bladder","29010","Wyoming","56","50-54 years","50-54",21
,"Urinary Bladder","29010","Wyoming","56","55-59 years","55-59",32
,"Urinary Bladder","29010","Wyoming","56","60-64 years ","60-64",43
,"Urinary Bladder","29010","Wyoming","56","65-69 years","65-69",63
,"Urinary Bladder","29010","Wyoming","56","70-74 years","70-74",82
,"Urinary Bladder","29010","Wyoming","56","75-79 years","75-79",94
,"Urinary Bladder","29010","Wyoming","56","80-84 years","80-84",88
,"Urinary Bladder","29010","Wyoming","56","85+ years","85+",125
"---"
"Dataset: United States and Puerto Rico Cancer Statistics, 1999-2021 Mortality"
"Query Parameters:"
"Leading Cancer Sites: All Leading Sites"
"Group By: Leading Cancer Sites; State; Age Group"
"Show Totals: Disabled"
"Show Zero Values: False"
"Show Suppressed: False"
"Calculate Rates Per: 100,000"
"Standard Population: 2000 U.S. Std. Million"
"---"
"Help: See http://wonder.cdc.gov/wonder/help/cancermort-v2021.html for more information."
"---"
"Query Date: Jun 3, 2026 10:01:16 PM"
"---"
"Suggested Citation: United States Cancer Statistics - Mortality: 1999 - 2021, WONDER Online Database. United States Department"
"of Health and Human Services, Centers for Disease Control and Prevention; 2024. Accessed at"
"http://wonder.cdc.gov/cancermort-v2021.html on Jun 3, 2026 10:01:16 PM"
"---"
Messages:
"1. Totals are not available for these results due to suppression constraints. More Information:"
"http://wonder.cdc.gov/wonder/help/faq.html#Privacy."
"2. Rows with zero Deaths are hidden. Use Quick Options above to show zero rows."
"3. Rows with suppressed Deaths are hidden. Use Quick Options above to show suppressed rows."
"---"
Caveats:
"1. 'Suppressed' is displayed for data values when they must not be provided in order to protect personal privacy. Data is"
"suppressed if fewer than 16 cases are reported in any one line of the results table. Data for the ""Asian / Pacific Islander"""
"and ""American Indian or Alaska Native"" race categories are suppressed at the Metropolitan Statistical Area level for"
"populations less than 50,000 persons. More information: http://wonder.cdc.gov/wonder/help/cancermort-v2021.html#Suppressed."
"2. 'Not Applicable' is displayed for all data values when sex-specific cancers are combined with the wrong sex. More"
"information: http://wonder.cdc.gov/wonder/help/cancermort-v2021.html#Genital Cancers List."
"3. The ""Show Totals"" checkbox is disabled when data are grouped by Cancer Sites or by Childhood Cancer, because aggregate"
"values are displayed in the table. Also be aware that charts and maps containing both aggregate and detail data could be"
"misleading."
"4. Age-adjusted rates are not available when results are grouped by age."
"5. About rate comparisons: <ul><li> For consistency with the data on cancer incidence, the cancer sites in mortality data were"
"grouped according to the revised SEER recodes dated March 1, 2018 (see SEER Cause of Death Recodes:"
"http://seer.cancer.gov/codrecode/.). Because NCHS uses different groupings for some sites, the death rates in this report may"
"differ slightly from those published by NCHS. In addition, under the ICD, there are differences in mortality and incidence"
"coding. For example, there are several codes for mesothelioma in ICD-10 (depending on the primary site). However in ICD-O-3, one"
"code captures all of the primary sites that mesothelioma affects. Note that Kaposi sarcoma deaths included in this dataset are"
"only those deaths with underlying cause of death attributed to Kaposi Sarcoma, and do not include deaths where the condition was"
"a contributing cause of death, or subsequent to another underlying condition. </li><li> The population used to age-adjust the"
"rates in this report is the 2000 U.S. standard population, which is in accordance with a 1998 recommendation of the US."
"Department of Health and Human Services. The 2000 U.S. standard population is based on the proportion of the 2000 population in"
"specific age groups (younger than 1 year, 1-4 years, 5-9 years, 10-14 years, 15-19 years, . . . 85 years or older); the"
"proportions of the 2000 population in these age groups serve as weights for calculating age-adjusted incidence and death rates."
"NCHS, however, uses a different set of age groups in its age adjustment of death rates, and thus the cancer death rates in this"
"report may differ slightly from those published by NCHS. </li><li> Deaths of persons of unknown age are not included in this"
"data set. Death rates may differ slightly from other reports where deaths of persons of unknown age are included. </li></ul>"
"6. For the 2005 year, the Census Bureau estimates that 203,937 persons were displaced from Alabama, Louisiana, Mississippi and"
"Texas due to Hurricanes Katrina and Rita. CDC WONDER does not include the displaced persons in the 2005 population counts for"
"these states, nor are these counts included in the summary populations for the affected division, regions or national"
"population. However, the USCS web site does include these displaced persons in the national population figures for 2005."